tick;etape;habitant;decision;etat_avant;site;appelant;chemin
32;updateNpc;npc-2;1;2576143622;exploreTarget src/ai/memory.js:669;failureCauseForGoal src/sim/npc.js:1696;updateNpc > measure > measure > (anonyme) > chooseGoal > scoreGoals > adultScores > failureTargetBiasMap > failureCauseForGoal > exploreTarget
32;updateNpc;npc-2;1;112742139;exploreTarget src/ai/memory.js:670;failureCauseForGoal src/sim/npc.js:1696;updateNpc > measure > measure > (anonyme) > chooseGoal > scoreGoals > adultScores > failureTargetBiasMap > failureCauseForGoal > exploreTarget
32;updateNpc;npc-2;1;1944307952;goalNoise src/sim/npc.js:491;adultScores src/sim/npc.js:1114;updateNpc > measure > measure > (anonyme) > chooseGoal > scoreGoals > adultScores > goalNoise
32;updateNpc;npc-2;1;3775873765;goalNoise src/sim/npc.js:491;adultScores src/sim/npc.js:1116;updateNpc > measure > measure > (anonyme) > chooseGoal > scoreGoals > adultScores > goalNoise
32;updateNpc;npc-2;1;1312472282;goalNoise src/sim/npc.js:491;adultScores src/sim/npc.js:1118;updateNpc > measure > measure > (anonyme) > chooseGoal > scoreGoals > adultScores > goalNoise
32;updateNpc;npc-2;1;3144038095;goalNoise src/sim/npc.js:491;gatherWoodScoreForDecision src/sim/npc.js:1072;updateNpc > measure > measure > (anonyme) > chooseGoal > scoreGoals > adultScores > gatherWoodScoreForDecision > goalNoise
32;updateNpc;npc-2;1;680636612;goalNoise src/sim/npc.js:491;adultScores src/sim/npc.js:1120;updateNpc > measure > measure > (anonyme) > chooseGoal > scoreGoals > adultScores > goalNoise
32;updateNpc;npc-2;1;2512202425;goalNoise src/sim/npc.js:491;adultScores src/sim/npc.js:1121;updateNpc > measure > measure > (anonyme) > chooseGoal > scoreGoals > adultScores > goalNoise
32;updateNpc;npc-2;1;48800942;goalNoise src/sim/npc.js:491;adultScores src/sim/npc.js:1125;updateNpc > measure > measure > (anonyme) > chooseGoal > scoreGoals > adultScores > goalNoise
32;updateNpc;npc-2;1;1880366755;goalNoise src/sim/npc.js:491;maintainScore src/sim/npc.js:2813;updateNpc > measure > measure > (anonyme) > chooseGoal > scoreGoals > adultScores > maintainScore > goalNoise
32;updateNpc;npc-2;1;3711932568;goalNoise src/sim/npc.js:491;adultScores src/sim/npc.js:1135;updateNpc > measure > measure > (anonyme) > chooseGoal > scoreGoals > adultScores > goalNoise
32;updateNpc;npc-2;1;1248531085;goalNoise src/sim/npc.js:491;exploreScore src/sim/npc.js:2355;updateNpc > measure > measure > (anonyme) > chooseGoal > scoreGoals > adultScores > exploreScore > goalNoise
32;updateNpc;npc-2;1;3080096898;goalNoise src/sim/npc.js:491;adultScores src/sim/npc.js:1138;updateNpc > measure > measure > (anonyme) > chooseGoal > scoreGoals > adultScores > goalNoise
32;updateNpc;npc-2;1;616695415;goalNoise src/sim/npc.js:491;adultScores src/sim/npc.js:1139;updateNpc > measure > measure > (anonyme) > chooseGoal > scoreGoals > adultScores > goalNoise
32;updateNpc;npc-2;1;2448261228;goalNoise src/sim/npc.js:491;adultScores src/sim/npc.js:1140;updateNpc > measure > measure > (anonyme) > chooseGoal > scoreGoals > adultScores > goalNoise
32;updateNpc;npc-2;1;4279827041;goalNoise src/sim/npc.js:491;adultScores src/sim/npc.js:1141;updateNpc > measure > measure > (anonyme) > chooseGoal > scoreGoals > adultScores > goalNoise
63;updateNpc;npc-0;1;1816425558;exploreTarget src/ai/memory.js:669;failureCauseForGoal src/sim/npc.js:1696;updateNpc > measure > measure > (anonyme) > chooseGoal > scoreGoals > adultScores > failureTargetBiasMap > failureCauseForGoal > exploreTarget
63;updateNpc;npc-0;1;3647991371;exploreTarget src/ai/memory.js:670;failureCauseForGoal src/sim/npc.js:1696;updateNpc > measure > measure > (anonyme) > chooseGoal > scoreGoals > adultScores > failureTargetBiasMap > failureCauseForGoal > exploreTarget
63;updateNpc;npc-0;1;1184589888;goalNoise src/sim/npc.js:491;adultScores src/sim/npc.js:1114;updateNpc > measure > measure > (anonyme) > chooseGoal > scoreGoals > adultScores > goalNoise
63;updateNpc;npc-0;1;3016155701;goalNoise src/sim/npc.js:491;adultScores src/sim/npc.js:1116;updateNpc > measure > measure > (anonyme) > chooseGoal > scoreGoals > adultScores > goalNoise
63;updateNpc;npc-0;1;552754218;goalNoise src/sim/npc.js:491;adultScores src/sim/npc.js:1118;updateNpc > measure > measure > (anonyme) > chooseGoal > scoreGoals > adultScores > goalNoise
63;updateNpc;npc-0;1;2384320031;goalNoise src/sim/npc.js:491;gatherWoodScoreForDecision src/sim/npc.js:1072;updateNpc > measure > measure > (anonyme) > chooseGoal > scoreGoals > adultScores > gatherWoodScoreForDecision > goalNoise
63;updateNpc;npc-0;1;4215885844;goalNoise src/sim/npc.js:491;adultScores src/sim/npc.js:1120;updateNpc > measure > measure > (anonyme) > chooseGoal > scoreGoals > adultScores > goalNoise
63;updateNpc;npc-0;1;1752484361;goalNoise src/sim/npc.js:491;adultScores src/sim/npc.js:1121;updateNpc > measure > measure > (anonyme) > chooseGoal > scoreGoals > adultScores > goalNoise
63;updateNpc;npc-0;1;3584050174;goalNoise src/sim/npc.js:491;adultScores src/sim/npc.js:1125;updateNpc > measure > measure > (anonyme) > chooseGoal > scoreGoals > adultScores > goalNoise
63;updateNpc;npc-0;1;1120648691;goalNoise src/sim/npc.js:491;maintainScore src/sim/npc.js:2813;updateNpc > measure > measure > (anonyme) > chooseGoal > scoreGoals > adultScores > maintainScore > goalNoise
63;updateNpc;npc-0;1;2952214504;goalNoise src/sim/npc.js:491;adultScores src/sim/npc.js:1135;updateNpc > measure > measure > (anonyme) > chooseGoal > scoreGoals > adultScores > goalNoise
63;updateNpc;npc-0;1;488813021;goalNoise src/sim/npc.js:491;exploreScore src/sim/npc.js:2355;updateNpc > measure > measure > (anonyme) > chooseGoal > scoreGoals > adultScores > exploreScore > goalNoise
63;updateNpc;npc-0;1;2320378834;goalNoise src/sim/npc.js:491;adultScores src/sim/npc.js:1138;updateNpc > measure > measure > (anonyme) > chooseGoal > scoreGoals > adultScores > goalNoise
63;updateNpc;npc-0;1;4151944647;goalNoise src/sim/npc.js:491;adultScores src/sim/npc.js:1139;updateNpc > measure > measure > (anonyme) > chooseGoal > scoreGoals > adultScores > goalNoise
63;updateNpc;npc-0;1;1688543164;goalNoise src/sim/npc.js:491;adultScores src/sim/npc.js:1140;updateNpc > measure > measure > (anonyme) > chooseGoal > scoreGoals > adultScores > goalNoise
63;updateNpc;npc-0;1;3520108977;goalNoise src/sim/npc.js:491;adultScores src/sim/npc.js:1141;updateNpc > measure > measure > (anonyme) > chooseGoal > scoreGoals > adultScores > goalNoise
82;updateNpc;npc-3;1;1056707494;exploreTarget src/ai/memory.js:669;failureCauseForGoal src/sim/npc.js:1696;updateNpc > measure > measure > (anonyme) > chooseGoal > scoreGoals > adultScores > failureTargetBiasMap > failureCauseForGoal > exploreTarget
82;updateNpc;npc-3;1;2888273307;exploreTarget src/ai/memory.js:670;failureCauseForGoal src/sim/npc.js:1696;updateNpc > measure > measure > (anonyme) > chooseGoal > scoreGoals > adultScores > failureTargetBiasMap > failureCauseForGoal > exploreTarget
82;updateNpc;npc-3;1;424871824;goalNoise src/sim/npc.js:491;adultScores src/sim/npc.js:1114;updateNpc > measure > measure > (anonyme) > chooseGoal > scoreGoals > adultScores > goalNoise
82;updateNpc;npc-3;1;2256437637;goalNoise src/sim/npc.js:491;adultScores src/sim/npc.js:1116;updateNpc > measure > measure > (anonyme) > chooseGoal > scoreGoals > adultScores > goalNoise
82;updateNpc;npc-3;1;4088003450;goalNoise src/sim/npc.js:491;adultScores src/sim/npc.js:1118;updateNpc > measure > measure > (anonyme) > chooseGoal > scoreGoals > adultScores > goalNoise
82;updateNpc;npc-3;1;1624601967;goalNoise src/sim/npc.js:491;gatherWoodScoreForDecision src/sim/npc.js:1072;updateNpc > measure > measure > (anonyme) > chooseGoal > scoreGoals > adultScores > gatherWoodScoreForDecision > goalNoise
82;updateNpc;npc-3;1;3456167780;goalNoise src/sim/npc.js:491;adultScores src/sim/npc.js:1120;updateNpc > measure > measure > (anonyme) > chooseGoal > scoreGoals > adultScores > goalNoise
82;updateNpc;npc-3;1;992766297;goalNoise src/sim/npc.js:491;adultScores src/sim/npc.js:1121;updateNpc > measure > measure > (anonyme) > chooseGoal > scoreGoals > adultScores > goalNoise
82;updateNpc;npc-3;1;2824332110;goalNoise src/sim/npc.js:491;adultScores src/sim/npc.js:1125;updateNpc > measure > measure > (anonyme) > chooseGoal > scoreGoals > adultScores > goalNoise
82;updateNpc;npc-3;1;360930627;goalNoise src/sim/npc.js:491;maintainScore src/sim/npc.js:2813;updateNpc > measure > measure > (anonyme) > chooseGoal > scoreGoals > adultScores > maintainScore > goalNoise
82;updateNpc;npc-3;1;2192496440;goalNoise src/sim/npc.js:491;adultScores src/sim/npc.js:1135;updateNpc > measure > measure > (anonyme) > chooseGoal > scoreGoals > adultScores > goalNoise
82;updateNpc;npc-3;1;4024062253;goalNoise src/sim/npc.js:491;exploreScore src/sim/npc.js:2355;updateNpc > measure > measure > (anonyme) > chooseGoal > scoreGoals > adultScores > exploreScore > goalNoise
82;updateNpc;npc-3;1;1560660770;goalNoise src/sim/npc.js:491;adultScores src/sim/npc.js:1138;updateNpc > measure > measure > (anonyme) > chooseGoal > scoreGoals > adultScores > goalNoise
82;updateNpc;npc-3;1;3392226583;goalNoise src/sim/npc.js:491;adultScores src/sim/npc.js:1139;updateNpc > measure > measure > (anonyme) > chooseGoal > scoreGoals > adultScores > goalNoise
82;updateNpc;npc-3;1;928825100;goalNoise src/sim/npc.js:491;adultScores src/sim/npc.js:1140;updateNpc > measure > measure > (anonyme) > chooseGoal > scoreGoals > adultScores > goalNoise
82;updateNpc;npc-3;1;2760390913;goalNoise src/sim/npc.js:491;adultScores src/sim/npc.js:1141;updateNpc > measure > measure > (anonyme) > chooseGoal > scoreGoals > adultScores > goalNoise
114;updateNpc;npc-1;1;296989430;exploreTarget src/ai/memory.js:669;failureCauseForGoal src/sim/npc.js:1696;updateNpc > measure > measure > (anonyme) > chooseGoal > scoreGoals > adultScores > failureTargetBiasMap > failureCauseForGoal > exploreTarget
114;updateNpc;npc-1;1;2128555243;exploreTarget src/ai/memory.js:670;failureCauseForGoal src/sim/npc.js:1696;updateNpc > measure > measure > (anonyme) > chooseGoal > scoreGoals > adultScores > failureTargetBiasMap > failureCauseForGoal > exploreTarget
114;updateNpc;npc-1;1;3960121056;goalNoise src/sim/npc.js:491;adultScores src/sim/npc.js:1114;updateNpc > measure > measure > (anonyme) > chooseGoal > scoreGoals > adultScores > goalNoise
114;updateNpc;npc-1;1;1496719573;goalNoise src/sim/npc.js:491;adultScores src/sim/npc.js:1116;updateNpc > measure > measure > (anonyme) > chooseGoal > scoreGoals > adultScores > goalNoise
114;updateNpc;npc-1;1;3328285386;goalNoise src/sim/npc.js:491;adultScores src/sim/npc.js:1118;updateNpc > measure > measure > (anonyme) > chooseGoal > scoreGoals > adultScores > goalNoise
114;updateNpc;npc-1;1;864883903;goalNoise src/sim/npc.js:491;gatherWoodScoreForDecision src/sim/npc.js:1072;updateNpc > measure > measure > (anonyme) > chooseGoal > scoreGoals > adultScores > gatherWoodScoreForDecision > goalNoise
114;updateNpc;npc-1;1;2696449716;goalNoise src/sim/npc.js:491;adultScores src/sim/npc.js:1120;updateNpc > measure > measure > (anonyme) > chooseGoal > scoreGoals > adultScores > goalNoise
114;updateNpc;npc-1;1;233048233;goalNoise src/sim/npc.js:491;adultScores src/sim/npc.js:1121;updateNpc > measure > measure > (anonyme) > chooseGoal > scoreGoals > adultScores > goalNoise
114;updateNpc;npc-1;1;2064614046;goalNoise src/sim/npc.js:491;adultScores src/sim/npc.js:1125;updateNpc > measure > measure > (anonyme) > chooseGoal > scoreGoals > adultScores > goalNoise
114;updateNpc;npc-1;1;3896179859;goalNoise src/sim/npc.js:491;maintainScore src/sim/npc.js:2813;updateNpc > measure > measure > (anonyme) > chooseGoal > scoreGoals > adultScores > maintainScore > goalNoise
114;updateNpc;npc-1;1;1432778376;goalNoise src/sim/npc.js:491;adultScores src/sim/npc.js:1135;updateNpc > measure > measure > (anonyme) > chooseGoal > scoreGoals > adultScores > goalNoise
114;updateNpc;npc-1;1;3264344189;goalNoise src/sim/npc.js:491;exploreScore src/sim/npc.js:2355;updateNpc > measure > measure > (anonyme) > chooseGoal > scoreGoals > adultScores > exploreScore > goalNoise
114;updateNpc;npc-1;1;800942706;goalNoise src/sim/npc.js:491;adultScores src/sim/npc.js:1138;updateNpc > measure > measure > (anonyme) > chooseGoal > scoreGoals > adultScores > goalNoise
114;updateNpc;npc-1;1;2632508519;goalNoise src/sim/npc.js:491;adultScores src/sim/npc.js:1139;updateNpc > measure > measure > (anonyme) > chooseGoal > scoreGoals > adultScores > goalNoise
114;updateNpc;npc-1;1;169107036;goalNoise src/sim/npc.js:491;adultScores src/sim/npc.js:1140;updateNpc > measure > measure > (anonyme) > chooseGoal > scoreGoals > adultScores > goalNoise
114;updateNpc;npc-1;1;2000672849;goalNoise src/sim/npc.js:491;adultScores src/sim/npc.js:1141;updateNpc > measure > measure > (anonyme) > chooseGoal > scoreGoals > adultScores > goalNoise
125;updateNpc;npc-0;0;3832238662;maybeChatOnHaul src/sim/npc.js:5505;deliver src/sim/npc.js:5417;updateNpc > measure > measure > (anonyme) > act > perform > deliver > maybeChatOnHaul
133;updateNpc;npc-4;1;1368837179;exploreTarget src/ai/memory.js:669;failureCauseForGoal src/sim/npc.js:1696;updateNpc > measure > measure > (anonyme) > chooseGoal > scoreGoals > adultScores > failureTargetBiasMap > failureCauseForGoal > exploreTarget
133;updateNpc;npc-4;1;3200402992;exploreTarget src/ai/memory.js:670;failureCauseForGoal src/sim/npc.js:1696;updateNpc > measure > measure > (anonyme) > chooseGoal > scoreGoals > adultScores > failureTargetBiasMap > failureCauseForGoal > exploreTarget
133;updateNpc;npc-4;1;737001509;goalNoise src/sim/npc.js:491;adultScores src/sim/npc.js:1114;updateNpc > measure > measure > (anonyme) > chooseGoal > scoreGoals > adultScores > goalNoise
133;updateNpc;npc-4;1;2568567322;goalNoise src/sim/npc.js:491;adultScores src/sim/npc.js:1116;updateNpc > measure > measure > (anonyme) > chooseGoal > scoreGoals > adultScores > goalNoise
133;updateNpc;npc-4;1;105165839;goalNoise src/sim/npc.js:491;adultScores src/sim/npc.js:1118;updateNpc > measure > measure > (anonyme) > chooseGoal > scoreGoals > adultScores > goalNoise
133;updateNpc;npc-4;1;1936731652;goalNoise src/sim/npc.js:491;gatherWoodScoreForDecision src/sim/npc.js:1072;updateNpc > measure > measure > (anonyme) > chooseGoal > scoreGoals > adultScores > gatherWoodScoreForDecision > goalNoise
133;updateNpc;npc-4;1;3768297465;goalNoise src/sim/npc.js:491;adultScores src/sim/npc.js:1120;updateNpc > measure > measure > (anonyme) > chooseGoal > scoreGoals > adultScores > goalNoise
133;updateNpc;npc-4;1;1304895982;goalNoise src/sim/npc.js:491;adultScores src/sim/npc.js:1121;updateNpc > measure > measure > (anonyme) > chooseGoal > scoreGoals > adultScores > goalNoise
133;updateNpc;npc-4;1;3136461795;goalNoise src/sim/npc.js:491;adultScores src/sim/npc.js:1125;updateNpc > measure > measure > (anonyme) > chooseGoal > scoreGoals > adultScores > goalNoise
133;updateNpc;npc-4;1;673060312;goalNoise src/sim/npc.js:491;maintainScore src/sim/npc.js:2813;updateNpc > measure > measure > (anonyme) > chooseGoal > scoreGoals > adultScores > maintainScore > goalNoise
133;updateNpc;npc-4;1;2504626125;goalNoise src/sim/npc.js:491;adultScores src/sim/npc.js:1135;updateNpc > measure > measure > (anonyme) > chooseGoal > scoreGoals > adultScores > goalNoise
133;updateNpc;npc-4;1;41224642;goalNoise src/sim/npc.js:491;exploreScore src/sim/npc.js:2355;updateNpc > measure > measure > (anonyme) > chooseGoal > scoreGoals > adultScores > exploreScore > goalNoise
133;updateNpc;npc-4;1;1872790455;goalNoise src/sim/npc.js:491;adultScores src/sim/npc.js:1138;updateNpc > measure > measure > (anonyme) > chooseGoal > scoreGoals > adultScores > goalNoise
133;updateNpc;npc-4;1;3704356268;goalNoise src/sim/npc.js:491;adultScores src/sim/npc.js:1139;updateNpc > measure > measure > (anonyme) > chooseGoal > scoreGoals > adultScores > goalNoise
133;updateNpc;npc-4;1;1240954785;goalNoise src/sim/npc.js:491;adultScores src/sim/npc.js:1140;updateNpc > measure > measure > (anonyme) > chooseGoal > scoreGoals > adultScores > goalNoise
133;updateNpc;npc-4;1;3072520598;goalNoise src/sim/npc.js:491;adultScores src/sim/npc.js:1141;updateNpc > measure > measure > (anonyme) > chooseGoal > scoreGoals > adultScores > goalNoise
141;updateNpc;npc-1;0;609119115;maybeChatOnHaul src/sim/npc.js:5505;deliver src/sim/npc.js:5417;updateNpc > measure > measure > (anonyme) > act > perform > deliver > maybeChatOnHaul
165;updateNpc;npc-2;0;2440684928;(anonyme) src/sim/npc.js:893;measure src/debug/profilerCore.js:297;updateNpc > measure > measure > (anonyme)
196;updateNpc;npc-0;1;4272250741;exploreTarget src/ai/memory.js:669;failureCauseForGoal src/sim/npc.js:1696;updateNpc > measure > measure > (anonyme) > chooseGoal > scoreGoals > adultScores > failureTargetBiasMap > failureCauseForGoal > exploreTarget
196;updateNpc;npc-0;1;1808849258;exploreTarget src/ai/memory.js:670;failureCauseForGoal src/sim/npc.js:1696;updateNpc > measure > measure > (anonyme) > chooseGoal > scoreGoals > adultScores > failureTargetBiasMap > failureCauseForGoal > exploreTarget
196;updateNpc;npc-0;1;3640415071;goalNoise src/sim/npc.js:491;adultScores src/sim/npc.js:1114;updateNpc > measure > measure > (anonyme) > chooseGoal > scoreGoals > adultScores > goalNoise
196;updateNpc;npc-0;1;1177013588;goalNoise src/sim/npc.js:491;adultScores src/sim/npc.js:1116;updateNpc > measure > measure > (anonyme) > chooseGoal > scoreGoals > adultScores > goalNoise
196;updateNpc;npc-0;1;3008579401;goalNoise src/sim/npc.js:491;adultScores src/sim/npc.js:1118;updateNpc > measure > measure > (anonyme) > chooseGoal > scoreGoals > adultScores > goalNoise
196;updateNpc;npc-0;1;545177918;goalNoise src/sim/npc.js:491;gatherWoodScoreForDecision src/sim/npc.js:1072;updateNpc > measure > measure > (anonyme) > chooseGoal > scoreGoals > adultScores > gatherWoodScoreForDecision > goalNoise
196;updateNpc;npc-0;1;2376743731;goalNoise src/sim/npc.js:491;adultScores src/sim/npc.js:1120;updateNpc > measure > measure > (anonyme) > chooseGoal > scoreGoals > adultScores > goalNoise
196;updateNpc;npc-0;1;4208309544;goalNoise src/sim/npc.js:491;adultScores src/sim/npc.js:1121;updateNpc > measure > measure > (anonyme) > chooseGoal > scoreGoals > adultScores > goalNoise
196;updateNpc;npc-0;1;1744908061;goalNoise src/sim/npc.js:491;adultScores src/sim/npc.js:1125;updateNpc > measure > measure > (anonyme) > chooseGoal > scoreGoals > adultScores > goalNoise
196;updateNpc;npc-0;1;3576473874;goalNoise src/sim/npc.js:491;maintainScore src/sim/npc.js:2813;updateNpc > measure > measure > (anonyme) > chooseGoal > scoreGoals > adultScores > maintainScore > goalNoise
196;updateNpc;npc-0;1;1113072391;goalNoise src/sim/npc.js:491;adultScores src/sim/npc.js:1135;updateNpc > measure > measure > (anonyme) > chooseGoal > scoreGoals > adultScores > goalNoise
196;updateNpc;npc-0;1;2944638204;goalNoise src/sim/npc.js:491;exploreScore src/sim/npc.js:2355;updateNpc > measure > measure > (anonyme) > chooseGoal > scoreGoals > adultScores > exploreScore > goalNoise
196;updateNpc;npc-0;1;481236721;goalNoise src/sim/npc.js:491;adultScores src/sim/npc.js:1138;updateNpc > measure > measure > (anonyme) > chooseGoal > scoreGoals > adultScores > goalNoise
196;updateNpc;npc-0;1;2312802534;goalNoise src/sim/npc.js:491;adultScores src/sim/npc.js:1139;updateNpc > measure > measure > (anonyme) > chooseGoal > scoreGoals > adultScores > goalNoise
196;updateNpc;npc-0;1;4144368347;goalNoise src/sim/npc.js:491;adultScores src/sim/npc.js:1140;updateNpc > measure > measure > (anonyme) > chooseGoal > scoreGoals > adultScores > goalNoise
196;updateNpc;npc-0;1;1680966864;goalNoise src/sim/npc.js:491;adultScores src/sim/npc.js:1141;updateNpc > measure > measure > (anonyme) > chooseGoal > scoreGoals > adultScores > goalNoise
215;updateNpc;npc-3;0;3512532677;(anonyme) src/sim/npc.js:893;measure src/debug/profilerCore.js:297;updateNpc > measure > measure > (anonyme)
247;updateNpc;npc-1;1;1049131194;exploreTarget src/ai/memory.js:669;failureCauseForGoal src/sim/npc.js:1696;updateNpc > measure > measure > (anonyme) > chooseGoal > scoreGoals > adultScores > failureTargetBiasMap > failureCauseForGoal > exploreTarget
247;updateNpc;npc-1;1;2880697007;exploreTarget src/ai/memory.js:670;failureCauseForGoal src/sim/npc.js:1696;updateNpc > measure > measure > (anonyme) > chooseGoal > scoreGoals > adultScores > failureTargetBiasMap > failureCauseForGoal > exploreTarget
247;updateNpc;npc-1;1;417295524;goalNoise src/sim/npc.js:491;adultScores src/sim/npc.js:1114;updateNpc > measure > measure > (anonyme) > chooseGoal > scoreGoals > adultScores > goalNoise
247;updateNpc;npc-1;1;2248861337;goalNoise src/sim/npc.js:491;adultScores src/sim/npc.js:1116;updateNpc > measure > measure > (anonyme) > chooseGoal > scoreGoals > adultScores > goalNoise
247;updateNpc;npc-1;1;4080427150;goalNoise src/sim/npc.js:491;adultScores src/sim/npc.js:1118;updateNpc > measure > measure > (anonyme) > chooseGoal > scoreGoals > adultScores > goalNoise
247;updateNpc;npc-1;1;1617025667;goalNoise src/sim/npc.js:491;gatherWoodScoreForDecision src/sim/npc.js:1072;updateNpc > measure > measure > (anonyme) > chooseGoal > scoreGoals > adultScores > gatherWoodScoreForDecision > goalNoise
247;updateNpc;npc-1;1;3448591480;goalNoise src/sim/npc.js:491;adultScores src/sim/npc.js:1120;updateNpc > measure > measure > (anonyme) > chooseGoal > scoreGoals > adultScores > goalNoise
247;updateNpc;npc-1;1;985189997;goalNoise src/sim/npc.js:491;adultScores src/sim/npc.js:1121;updateNpc > measure > measure > (anonyme) > chooseGoal > scoreGoals > adultScores > goalNoise
247;updateNpc;npc-1;1;2816755810;goalNoise src/sim/npc.js:491;adultScores src/sim/npc.js:1125;updateNpc > measure > measure > (anonyme) > chooseGoal > scoreGoals > adultScores > goalNoise
247;updateNpc;npc-1;1;353354327;goalNoise src/sim/npc.js:491;maintainScore src/sim/npc.js:2813;updateNpc > measure > measure > (anonyme) > chooseGoal > scoreGoals > adultScores > maintainScore > goalNoise
247;updateNpc;npc-1;1;2184920140;goalNoise src/sim/npc.js:491;adultScores src/sim/npc.js:1135;updateNpc > measure > measure > (anonyme) > chooseGoal > scoreGoals > adultScores > goalNoise
247;updateNpc;npc-1;1;4016485953;goalNoise src/sim/npc.js:491;exploreScore src/sim/npc.js:2355;updateNpc > measure > measure > (anonyme) > chooseGoal > scoreGoals > adultScores > exploreScore > goalNoise
247;updateNpc;npc-1;1;1553084470;goalNoise src/sim/npc.js:491;adultScores src/sim/npc.js:1138;updateNpc > measure > measure > (anonyme) > chooseGoal > scoreGoals > adultScores > goalNoise
247;updateNpc;npc-1;1;3384650283;goalNoise src/sim/npc.js:491;adultScores src/sim/npc.js:1139;updateNpc > measure > measure > (anonyme) > chooseGoal > scoreGoals > adultScores > goalNoise
247;updateNpc;npc-1;1;921248800;goalNoise src/sim/npc.js:491;adultScores src/sim/npc.js:1140;updateNpc > measure > measure > (anonyme) > chooseGoal > scoreGoals > adultScores > goalNoise
247;updateNpc;npc-1;1;2752814613;goalNoise src/sim/npc.js:491;adultScores src/sim/npc.js:1141;updateNpc > measure > measure > (anonyme) > chooseGoal > scoreGoals > adultScores > goalNoise
257;updateNpc;npc-0;0;289413130;rollCraftMiss src/sim/craftMiss.js:79;progressTendWork src/sim/npc.js:4711;updateNpc > measure > measure > (anonyme) > act > progressTendWork > rollCraftMiss
266;updateNpc;npc-4;0;2120978943;(anonyme) src/sim/npc.js:893;measure src/debug/profilerCore.js:297;updateNpc > measure > measure > (anonyme)
266;updateNpc;npc-4;1;3952544756;exploreTarget src/ai/memory.js:669;failureCauseForGoal src/sim/npc.js:1696;updateNpc > measure > measure > (anonyme) > chooseGoal > scoreGoals > adultScores > failureTargetBiasMap > failureCauseForGoal > exploreTarget
266;updateNpc;npc-4;1;1489143273;exploreTarget src/ai/memory.js:670;failureCauseForGoal src/sim/npc.js:1696;updateNpc > measure > measure > (anonyme) > chooseGoal > scoreGoals > adultScores > failureTargetBiasMap > failureCauseForGoal > exploreTarget
266;updateNpc;npc-4;1;3320709086;goalNoise src/sim/npc.js:491;adultScores src/sim/npc.js:1114;updateNpc > measure > measure > (anonyme) > chooseGoal > scoreGoals > adultScores > goalNoise
266;updateNpc;npc-4;1;857307603;goalNoise src/sim/npc.js:491;adultScores src/sim/npc.js:1116;updateNpc > measure > measure > (anonyme) > chooseGoal > scoreGoals > adultScores > goalNoise
266;updateNpc;npc-4;1;2688873416;goalNoise src/sim/npc.js:491;adultScores src/sim/npc.js:1118;updateNpc > measure > measure > (anonyme) > chooseGoal > scoreGoals > adultScores > goalNoise
266;updateNpc;npc-4;1;225471933;goalNoise src/sim/npc.js:491;gatherWoodScoreForDecision src/sim/npc.js:1072;updateNpc > measure > measure > (anonyme) > chooseGoal > scoreGoals > adultScores > gatherWoodScoreForDecision > goalNoise
266;updateNpc;npc-4;1;2057037746;goalNoise src/sim/npc.js:491;adultScores src/sim/npc.js:1120;updateNpc > measure > measure > (anonyme) > chooseGoal > scoreGoals > adultScores > goalNoise
266;updateNpc;npc-4;1;3888603559;goalNoise src/sim/npc.js:491;adultScores src/sim/npc.js:1121;updateNpc > measure > measure > (anonyme) > chooseGoal > scoreGoals > adultScores > goalNoise
266;updateNpc;npc-4;1;1425202076;goalNoise src/sim/npc.js:491;adultScores src/sim/npc.js:1125;updateNpc > measure > measure > (anonyme) > chooseGoal > scoreGoals > adultScores > goalNoise
266;updateNpc;npc-4;1;3256767889;goalNoise src/sim/npc.js:491;maintainScore src/sim/npc.js:2813;updateNpc > measure > measure > (anonyme) > chooseGoal > scoreGoals > adultScores > maintainScore > goalNoise
266;updateNpc;npc-4;1;793366406;goalNoise src/sim/npc.js:491;adultScores src/sim/npc.js:1135;updateNpc > measure > measure > (anonyme) > chooseGoal > scoreGoals > adultScores > goalNoise
266;updateNpc;npc-4;1;2624932219;goalNoise src/sim/npc.js:491;exploreScore src/sim/npc.js:2355;updateNpc > measure > measure > (anonyme) > chooseGoal > scoreGoals > adultScores > exploreScore > goalNoise
266;updateNpc;npc-4;1;161530736;goalNoise src/sim/npc.js:491;adultScores src/sim/npc.js:1138;updateNpc > measure > measure > (anonyme) > chooseGoal > scoreGoals > adultScores > goalNoise
266;updateNpc;npc-4;1;1993096549;goalNoise src/sim/npc.js:491;adultScores src/sim/npc.js:1139;updateNpc > measure > measure > (anonyme) > chooseGoal > scoreGoals > adultScores > goalNoise
266;updateNpc;npc-4;1;3824662362;goalNoise src/sim/npc.js:491;adultScores src/sim/npc.js:1140;updateNpc > measure > measure > (anonyme) > chooseGoal > scoreGoals > adultScores > goalNoise
266;updateNpc;npc-4;1;1361260879;goalNoise src/sim/npc.js:491;adultScores src/sim/npc.js:1141;updateNpc > measure > measure > (anonyme) > chooseGoal > scoreGoals > adultScores > goalNoise
293;updateNpc;npc-0;0;3192826692;rollCraftMiss src/sim/craftMiss.js:79;progressTendWork src/sim/npc.js:4711;updateNpc > measure > measure > (anonyme) > act > progressTendWork > rollCraftMiss
298;updateNpc;npc-2;0;729425209;(anonyme) src/sim/npc.js:893;measure src/debug/profilerCore.js:297;updateNpc > measure > measure > (anonyme)
298;updateNpc;npc-2;1;2560991022;exploreTarget src/ai/memory.js:669;failureCauseForGoal src/sim/npc.js:1696;updateNpc > measure > measure > (anonyme) > chooseGoal > scoreGoals > adultScores > failureTargetBiasMap > failureCauseForGoal > exploreTarget
298;updateNpc;npc-2;1;97589539;exploreTarget src/ai/memory.js:670;failureCauseForGoal src/sim/npc.js:1696;updateNpc > measure > measure > (anonyme) > chooseGoal > scoreGoals > adultScores > failureTargetBiasMap > failureCauseForGoal > exploreTarget
298;updateNpc;npc-2;1;1929155352;goalNoise src/sim/npc.js:491;adultScores src/sim/npc.js:1114;updateNpc > measure > measure > (anonyme) > chooseGoal > scoreGoals > adultScores > goalNoise
298;updateNpc;npc-2;1;3760721165;goalNoise src/sim/npc.js:491;adultScores src/sim/npc.js:1116;updateNpc > measure > measure > (anonyme) > chooseGoal > scoreGoals > adultScores > goalNoise
298;updateNpc;npc-2;1;1297319682;goalNoise src/sim/npc.js:491;adultScores src/sim/npc.js:1118;updateNpc > measure > measure > (anonyme) > chooseGoal > scoreGoals > adultScores > goalNoise
298;updateNpc;npc-2;1;3128885495;goalNoise src/sim/npc.js:491;gatherWoodScoreForDecision src/sim/npc.js:1072;updateNpc > measure > measure > (anonyme) > chooseGoal > scoreGoals > adultScores > gatherWoodScoreForDecision > goalNoise
298;updateNpc;npc-2;1;665484012;goalNoise src/sim/npc.js:491;adultScores src/sim/npc.js:1120;updateNpc > measure > measure > (anonyme) > chooseGoal > scoreGoals > adultScores > goalNoise
298;updateNpc;npc-2;1;2497049825;goalNoise src/sim/npc.js:491;adultScores src/sim/npc.js:1121;updateNpc > measure > measure > (anonyme) > chooseGoal > scoreGoals > adultScores > goalNoise
298;updateNpc;npc-2;1;33648342;goalNoise src/sim/npc.js:491;adultScores src/sim/npc.js:1125;updateNpc > measure > measure > (anonyme) > chooseGoal > scoreGoals > adultScores > goalNoise
298;updateNpc;npc-2;1;1865214155;goalNoise src/sim/npc.js:491;maintainScore src/sim/npc.js:2813;updateNpc > measure > measure > (anonyme) > chooseGoal > scoreGoals > adultScores > maintainScore > goalNoise
298;updateNpc;npc-2;1;3696779968;goalNoise src/sim/npc.js:491;adultScores src/sim/npc.js:1135;updateNpc > measure > measure > (anonyme) > chooseGoal > scoreGoals > adultScores > goalNoise
298;updateNpc;npc-2;1;1233378485;goalNoise src/sim/npc.js:491;exploreScore src/sim/npc.js:2355;updateNpc > measure > measure > (anonyme) > chooseGoal > scoreGoals > adultScores > exploreScore > goalNoise
298;updateNpc;npc-2;1;3064944298;goalNoise src/sim/npc.js:491;adultScores src/sim/npc.js:1138;updateNpc > measure > measure > (anonyme) > chooseGoal > scoreGoals > adultScores > goalNoise
298;updateNpc;npc-2;1;601542815;goalNoise src/sim/npc.js:491;adultScores src/sim/npc.js:1139;updateNpc > measure > measure > (anonyme) > chooseGoal > scoreGoals > adultScores > goalNoise
298;updateNpc;npc-2;1;2433108628;goalNoise src/sim/npc.js:491;adultScores src/sim/npc.js:1140;updateNpc > measure > measure > (anonyme) > chooseGoal > scoreGoals > adultScores > goalNoise
298;updateNpc;npc-2;1;4264674441;goalNoise src/sim/npc.js:491;adultScores src/sim/npc.js:1141;updateNpc > measure > measure > (anonyme) > chooseGoal > scoreGoals > adultScores > goalNoise
320;updateNpc;npc-0;0;1801272958;(anonyme) src/sim/npc.js:893;measure src/debug/profilerCore.js:297;updateNpc > measure > measure > (anonyme)
320;updateNpc;npc-0;1;3632838771;exploreTarget src/ai/memory.js:669;failureCauseForGoal src/sim/npc.js:1696;updateNpc > measure > measure > (anonyme) > chooseGoal > scoreGoals > adultScores > failureTargetBiasMap > failureCauseForGoal > exploreTarget
320;updateNpc;npc-0;1;1169437288;exploreTarget src/ai/memory.js:670;failureCauseForGoal src/sim/npc.js:1696;updateNpc > measure > measure > (anonyme) > chooseGoal > scoreGoals > adultScores > failureTargetBiasMap > failureCauseForGoal > exploreTarget
320;updateNpc;npc-0;1;3001003101;exploreTarget src/ai/memory.js:669;failureCauseForGoal src/sim/npc.js:1696;updateNpc > measure > measure > (anonyme) > chooseGoal > scoreGoals > adultScores > failureTargetBiasMap > failureCauseForGoal > exploreTarget
320;updateNpc;npc-0;1;537601618;exploreTarget src/ai/memory.js:670;failureCauseForGoal src/sim/npc.js:1696;updateNpc > measure > measure > (anonyme) > chooseGoal > scoreGoals > adultScores > failureTargetBiasMap > failureCauseForGoal > exploreTarget
320;updateNpc;npc-0;1;2369167431;goalNoise src/sim/npc.js:491;adultScores src/sim/npc.js:1114;updateNpc > measure > measure > (anonyme) > chooseGoal > scoreGoals > adultScores > goalNoise
320;updateNpc;npc-0;1;4200733244;goalNoise src/sim/npc.js:491;adultScores src/sim/npc.js:1116;updateNpc > measure > measure > (anonyme) > chooseGoal > scoreGoals > adultScores > goalNoise
320;updateNpc;npc-0;1;1737331761;goalNoise src/sim/npc.js:491;adultScores src/sim/npc.js:1118;updateNpc > measure > measure > (anonyme) > chooseGoal > scoreGoals > adultScores > goalNoise
320;updateNpc;npc-0;1;3568897574;goalNoise src/sim/npc.js:491;gatherWoodScoreForDecision src/sim/npc.js:1072;updateNpc > measure > measure > (anonyme) > chooseGoal > scoreGoals > adultScores > gatherWoodScoreForDecision > goalNoise
320;updateNpc;npc-0;1;1105496091;goalNoise src/sim/npc.js:491;adultScores src/sim/npc.js:1120;updateNpc > measure > measure > (anonyme) > chooseGoal > scoreGoals > adultScores > goalNoise
320;updateNpc;npc-0;1;2937061904;goalNoise src/sim/npc.js:491;adultScores src/sim/npc.js:1121;updateNpc > measure > measure > (anonyme) > chooseGoal > scoreGoals > adultScores > goalNoise
320;updateNpc;npc-0;1;473660421;goalNoise src/sim/npc.js:491;adultScores src/sim/npc.js:1125;updateNpc > measure > measure > (anonyme) > chooseGoal > scoreGoals > adultScores > goalNoise
320;updateNpc;npc-0;1;2305226234;goalNoise src/sim/npc.js:491;maintainScore src/sim/npc.js:2813;updateNpc > measure > measure > (anonyme) > chooseGoal > scoreGoals > adultScores > maintainScore > goalNoise
320;updateNpc;npc-0;1;4136792047;goalNoise src/sim/npc.js:491;adultScores src/sim/npc.js:1135;updateNpc > measure > measure > (anonyme) > chooseGoal > scoreGoals > adultScores > goalNoise
320;updateNpc;npc-0;1;1673390564;goalNoise src/sim/npc.js:491;exploreScore src/sim/npc.js:2355;updateNpc > measure > measure > (anonyme) > chooseGoal > scoreGoals > adultScores > exploreScore > goalNoise
320;updateNpc;npc-0;1;3504956377;goalNoise src/sim/npc.js:491;adultScores src/sim/npc.js:1138;updateNpc > measure > measure > (anonyme) > chooseGoal > scoreGoals > adultScores > goalNoise
320;updateNpc;npc-0;1;1041554894;goalNoise src/sim/npc.js:491;adultScores src/sim/npc.js:1139;updateNpc > measure > measure > (anonyme) > chooseGoal > scoreGoals > adultScores > goalNoise
320;updateNpc;npc-0;1;2873120707;goalNoise src/sim/npc.js:491;adultScores src/sim/npc.js:1140;updateNpc > measure > measure > (anonyme) > chooseGoal > scoreGoals > adultScores > goalNoise
320;updateNpc;npc-0;1;409719224;goalNoise src/sim/npc.js:491;adultScores src/sim/npc.js:1141;updateNpc > measure > measure > (anonyme) > chooseGoal > scoreGoals > adultScores > goalNoise
320;updateNpc;npc-1;1;2241285037;exploreTarget src/ai/memory.js:669;failureCauseForGoal src/sim/npc.js:1696;updateNpc > measure > measure > (anonyme) > chooseGoal > scoreGoals > adultScores > failureTargetBiasMap > failureCauseForGoal > exploreTarget
320;updateNpc;npc-1;1;4072850850;exploreTarget src/ai/memory.js:670;failureCauseForGoal src/sim/npc.js:1696;updateNpc > measure > measure > (anonyme) > chooseGoal > scoreGoals > adultScores > failureTargetBiasMap > failureCauseForGoal > exploreTarget
320;updateNpc;npc-1;1;1609449367;goalNoise src/sim/npc.js:491;adultScores src/sim/npc.js:1114;updateNpc > measure > measure > (anonyme) > chooseGoal > scoreGoals > adultScores > goalNoise
320;updateNpc;npc-1;1;3441015180;goalNoise src/sim/npc.js:491;adultScores src/sim/npc.js:1116;updateNpc > measure > measure > (anonyme) > chooseGoal > scoreGoals > adultScores > goalNoise
320;updateNpc;npc-1;1;977613697;goalNoise src/sim/npc.js:491;adultScores src/sim/npc.js:1118;updateNpc > measure > measure > (anonyme) > chooseGoal > scoreGoals > adultScores > goalNoise
320;updateNpc;npc-1;1;2809179510;goalNoise src/sim/npc.js:491;gatherWoodScoreForDecision src/sim/npc.js:1072;updateNpc > measure > measure > (anonyme) > chooseGoal > scoreGoals > adultScores > gatherWoodScoreForDecision > goalNoise
320;updateNpc;npc-1;1;345778027;goalNoise src/sim/npc.js:491;adultScores src/sim/npc.js:1120;updateNpc > measure > measure > (anonyme) > chooseGoal > scoreGoals > adultScores > goalNoise
320;updateNpc;npc-1;1;2177343840;goalNoise src/sim/npc.js:491;adultScores src/sim/npc.js:1121;updateNpc > measure > measure > (anonyme) > chooseGoal > scoreGoals > adultScores > goalNoise
320;updateNpc;npc-1;1;4008909653;goalNoise src/sim/npc.js:491;adultScores src/sim/npc.js:1125;updateNpc > measure > measure > (anonyme) > chooseGoal > scoreGoals > adultScores > goalNoise
320;updateNpc;npc-1;1;1545508170;goalNoise src/sim/npc.js:491;maintainScore src/sim/npc.js:2813;updateNpc > measure > measure > (anonyme) > chooseGoal > scoreGoals > adultScores > maintainScore > goalNoise
320;updateNpc;npc-1;1;3377073983;goalNoise src/sim/npc.js:491;adultScores src/sim/npc.js:1135;updateNpc > measure > measure > (anonyme) > chooseGoal > scoreGoals > adultScores > goalNoise
320;updateNpc;npc-1;1;913672500;goalNoise src/sim/npc.js:491;exploreScore src/sim/npc.js:2355;updateNpc > measure > measure > (anonyme) > chooseGoal > scoreGoals > adultScores > exploreScore > goalNoise
320;updateNpc;npc-1;1;2745238313;goalNoise src/sim/npc.js:491;adultScores src/sim/npc.js:1138;updateNpc > measure > measure > (anonyme) > chooseGoal > scoreGoals > adultScores > goalNoise
320;updateNpc;npc-1;1;281836830;goalNoise src/sim/npc.js:491;adultScores src/sim/npc.js:1139;updateNpc > measure > measure > (anonyme) > chooseGoal > scoreGoals > adultScores > goalNoise
320;updateNpc;npc-1;1;2113402643;goalNoise src/sim/npc.js:491;adultScores src/sim/npc.js:1140;updateNpc > measure > measure > (anonyme) > chooseGoal > scoreGoals > adultScores > goalNoise
320;updateNpc;npc-1;1;3944968456;goalNoise src/sim/npc.js:491;adultScores src/sim/npc.js:1141;updateNpc > measure > measure > (anonyme) > chooseGoal > scoreGoals > adultScores > goalNoise
320;updateNpc;npc-3;0;1481566973;(anonyme) src/sim/npc.js:893;measure src/debug/profilerCore.js:297;updateNpc > measure > measure > (anonyme)
320;updateNpc;npc-3;1;3313132786;exploreTarget src/ai/memory.js:669;failureCauseForGoal src/sim/npc.js:1696;updateNpc > measure > measure > (anonyme) > chooseGoal > scoreGoals > adultScores > failureTargetBiasMap > failureCauseForGoal > exploreTarget
320;updateNpc;npc-3;1;849731303;exploreTarget src/ai/memory.js:670;failureCauseForGoal src/sim/npc.js:1696;updateNpc > measure > measure > (anonyme) > chooseGoal > scoreGoals > adultScores > failureTargetBiasMap > failureCauseForGoal > exploreTarget
320;updateNpc;npc-3;1;2681297116;exploreTarget src/ai/memory.js:669;failureCauseForGoal src/sim/npc.js:1696;updateNpc > measure > measure > (anonyme) > chooseGoal > scoreGoals > adultScores > failureTargetBiasMap > failureCauseForGoal > exploreTarget
320;updateNpc;npc-3;1;217895633;exploreTarget src/ai/memory.js:670;failureCauseForGoal src/sim/npc.js:1696;updateNpc > measure > measure > (anonyme) > chooseGoal > scoreGoals > adultScores > failureTargetBiasMap > failureCauseForGoal > exploreTarget
320;updateNpc;npc-3;1;2049461446;goalNoise src/sim/npc.js:491;adultScores src/sim/npc.js:1114;updateNpc > measure > measure > (anonyme) > chooseGoal > scoreGoals > adultScores > goalNoise
320;updateNpc;npc-3;1;3881027259;goalNoise src/sim/npc.js:491;adultScores src/sim/npc.js:1116;updateNpc > measure > measure > (anonyme) > chooseGoal > scoreGoals > adultScores > goalNoise
320;updateNpc;npc-3;1;1417625776;goalNoise src/sim/npc.js:491;adultScores src/sim/npc.js:1118;updateNpc > measure > measure > (anonyme) > chooseGoal > scoreGoals > adultScores > goalNoise
320;updateNpc;npc-3;1;3249191589;goalNoise src/sim/npc.js:491;gatherWoodScoreForDecision src/sim/npc.js:1072;updateNpc > measure > measure > (anonyme) > chooseGoal > scoreGoals > adultScores > gatherWoodScoreForDecision > goalNoise
320;updateNpc;npc-3;1;785790106;goalNoise src/sim/npc.js:491;adultScores src/sim/npc.js:1120;updateNpc > measure > measure > (anonyme) > chooseGoal > scoreGoals > adultScores > goalNoise
320;updateNpc;npc-3;1;2617355919;goalNoise src/sim/npc.js:491;adultScores src/sim/npc.js:1121;updateNpc > measure > measure > (anonyme) > chooseGoal > scoreGoals > adultScores > goalNoise
320;updateNpc;npc-3;1;153954436;goalNoise src/sim/npc.js:491;adultScores src/sim/npc.js:1125;updateNpc > measure > measure > (anonyme) > chooseGoal > scoreGoals > adultScores > goalNoise
320;updateNpc;npc-3;1;1985520249;goalNoise src/sim/npc.js:491;maintainScore src/sim/npc.js:2813;updateNpc > measure > measure > (anonyme) > chooseGoal > scoreGoals > adultScores > maintainScore > goalNoise
320;updateNpc;npc-3;1;3817086062;goalNoise src/sim/npc.js:491;adultScores src/sim/npc.js:1135;updateNpc > measure > measure > (anonyme) > chooseGoal > scoreGoals > adultScores > goalNoise
320;updateNpc;npc-3;1;1353684579;goalNoise src/sim/npc.js:491;exploreScore src/sim/npc.js:2355;updateNpc > measure > measure > (anonyme) > chooseGoal > scoreGoals > adultScores > exploreScore > goalNoise
320;updateNpc;npc-3;1;3185250392;goalNoise src/sim/npc.js:491;adultScores src/sim/npc.js:1138;updateNpc > measure > measure > (anonyme) > chooseGoal > scoreGoals > adultScores > goalNoise
320;updateNpc;npc-3;1;721848909;goalNoise src/sim/npc.js:491;adultScores src/sim/npc.js:1139;updateNpc > measure > measure > (anonyme) > chooseGoal > scoreGoals > adultScores > goalNoise
320;updateNpc;npc-3;1;2553414722;goalNoise src/sim/npc.js:491;adultScores src/sim/npc.js:1140;updateNpc > measure > measure > (anonyme) > chooseGoal > scoreGoals > adultScores > goalNoise
320;updateNpc;npc-3;1;90013239;goalNoise src/sim/npc.js:491;adultScores src/sim/npc.js:1141;updateNpc > measure > measure > (anonyme) > chooseGoal > scoreGoals > adultScores > goalNoise
320;updateNpc;npc-4;0;1921579052;(anonyme) src/sim/npc.js:893;measure src/debug/profilerCore.js:297;updateNpc > measure > measure > (anonyme)
320;updateNpc;npc-4;1;3753144865;exploreTarget src/ai/memory.js:669;failureCauseForGoal src/sim/npc.js:1696;updateNpc > measure > measure > (anonyme) > chooseGoal > scoreGoals > adultScores > failureTargetBiasMap > failureCauseForGoal > exploreTarget
320;updateNpc;npc-4;1;1289743382;exploreTarget src/ai/memory.js:670;failureCauseForGoal src/sim/npc.js:1696;updateNpc > measure > measure > (anonyme) > chooseGoal > scoreGoals > adultScores > failureTargetBiasMap > failureCauseForGoal > exploreTarget
320;updateNpc;npc-4;1;3121309195;goalNoise src/sim/npc.js:491;adultScores src/sim/npc.js:1114;updateNpc > measure > measure > (anonyme) > chooseGoal > scoreGoals > adultScores > goalNoise
320;updateNpc;npc-4;1;657907712;goalNoise src/sim/npc.js:491;adultScores src/sim/npc.js:1116;updateNpc > measure > measure > (anonyme) > chooseGoal > scoreGoals > adultScores > goalNoise
320;updateNpc;npc-4;1;2489473525;goalNoise src/sim/npc.js:491;adultScores src/sim/npc.js:1118;updateNpc > measure > measure > (anonyme) > chooseGoal > scoreGoals > adultScores > goalNoise
320;updateNpc;npc-4;1;26072042;goalNoise src/sim/npc.js:491;gatherWoodScoreForDecision src/sim/npc.js:1072;updateNpc > measure > measure > (anonyme) > chooseGoal > scoreGoals > adultScores > gatherWoodScoreForDecision > goalNoise
320;updateNpc;npc-4;1;1857637855;goalNoise src/sim/npc.js:491;adultScores src/sim/npc.js:1120;updateNpc > measure > measure > (anonyme) > chooseGoal > scoreGoals > adultScores > goalNoise
320;updateNpc;npc-4;1;3689203668;goalNoise src/sim/npc.js:491;adultScores src/sim/npc.js:1121;updateNpc > measure > measure > (anonyme) > chooseGoal > scoreGoals > adultScores > goalNoise
320;updateNpc;npc-4;1;1225802185;goalNoise src/sim/npc.js:491;adultScores src/sim/npc.js:1125;updateNpc > measure > measure > (anonyme) > chooseGoal > scoreGoals > adultScores > goalNoise
320;updateNpc;npc-4;1;3057367998;goalNoise src/sim/npc.js:491;maintainScore src/sim/npc.js:2813;updateNpc > measure > measure > (anonyme) > chooseGoal > scoreGoals > adultScores > maintainScore > goalNoise
320;updateNpc;npc-4;1;593966515;goalNoise src/sim/npc.js:491;adultScores src/sim/npc.js:1135;updateNpc > measure > measure > (anonyme) > chooseGoal > scoreGoals > adultScores > goalNoise
320;updateNpc;npc-4;1;2425532328;goalNoise src/sim/npc.js:491;exploreScore src/sim/npc.js:2355;updateNpc > measure > measure > (anonyme) > chooseGoal > scoreGoals > adultScores > exploreScore > goalNoise
320;updateNpc;npc-4;1;4257098141;goalNoise src/sim/npc.js:491;adultScores src/sim/npc.js:1138;updateNpc > measure > measure > (anonyme) > chooseGoal > scoreGoals > adultScores > goalNoise
320;updateNpc;npc-4;1;1793696658;goalNoise src/sim/npc.js:491;adultScores src/sim/npc.js:1139;updateNpc > measure > measure > (anonyme) > chooseGoal > scoreGoals > adultScores > goalNoise
320;updateNpc;npc-4;1;3625262471;goalNoise src/sim/npc.js:491;adultScores src/sim/npc.js:1140;updateNpc > measure > measure > (anonyme) > chooseGoal > scoreGoals > adultScores > goalNoise
320;updateNpc;npc-4;1;1161860988;goalNoise src/sim/npc.js:491;adultScores src/sim/npc.js:1141;updateNpc > measure > measure > (anonyme) > chooseGoal > scoreGoals > adultScores > goalNoise
321;updateNpc;npc-1;0;2993426801;exploreTarget src/ai/memory.js:669;redirectAfterFailure src/sim/npc.js:3923;updateNpc > measure > measure > (anonyme) > act > redirectAfterFailure > exploreTarget
321;updateNpc;npc-1;0;530025318;exploreTarget src/ai/memory.js:670;redirectAfterFailure src/sim/npc.js:3923;updateNpc > measure > measure > (anonyme) > act > redirectAfterFailure > exploreTarget
329;updateNpc;npc-0;0;2361591131;rollCraftMiss src/sim/craftMiss.js:79;progressTendWork src/sim/npc.js:4711;updateNpc > measure > measure > (anonyme) > act > progressTendWork > rollCraftMiss
365;updateNpc;npc-0;0;4193156944;rollCraftMiss src/sim/craftMiss.js:79;progressTendWork src/sim/npc.js:4711;updateNpc > measure > measure > (anonyme) > act > progressTendWork > rollCraftMiss
386;updateNpc;npc-0;0;1729755461;rollCraftMiss src/sim/craftMiss.js:79;progressTendWork src/sim/npc.js:4711;updateNpc > measure > measure > (anonyme) > act > progressTendWork > rollCraftMiss
422;updateNpc;npc-0;0;3561321274;rollCraftMiss src/sim/craftMiss.js:79;progressTendWork src/sim/npc.js:4711;updateNpc > measure > measure > (anonyme) > act > progressTendWork > rollCraftMiss
431;updateNpc;npc-2;0;1097919791;(anonyme) src/sim/npc.js:893;measure src/debug/profilerCore.js:297;updateNpc > measure > measure > (anonyme)
453;updateNpc;npc-0;0;2929485604;(anonyme) src/sim/npc.js:893;measure src/debug/profilerCore.js:297;updateNpc > measure > measure > (anonyme)
453;updateNpc;npc-0;1;466084121;exploreTarget src/ai/memory.js:669;failureCauseForGoal src/sim/npc.js:1696;updateNpc > measure > measure > (anonyme) > chooseGoal > scoreGoals > adultScores > failureTargetBiasMap > failureCauseForGoal > exploreTarget
453;updateNpc;npc-0;1;2297649934;exploreTarget src/ai/memory.js:670;failureCauseForGoal src/sim/npc.js:1696;updateNpc > measure > measure > (anonyme) > chooseGoal > scoreGoals > adultScores > failureTargetBiasMap > failureCauseForGoal > exploreTarget
453;updateNpc;npc-0;1;4129215747;exploreTarget src/ai/memory.js:669;failureCauseForGoal src/sim/npc.js:1696;updateNpc > measure > measure > (anonyme) > chooseGoal > scoreGoals > adultScores > failureTargetBiasMap > failureCauseForGoal > exploreTarget
453;updateNpc;npc-0;1;1665814264;exploreTarget src/ai/memory.js:670;failureCauseForGoal src/sim/npc.js:1696;updateNpc > measure > measure > (anonyme) > chooseGoal > scoreGoals > adultScores > failureTargetBiasMap > failureCauseForGoal > exploreTarget
453;updateNpc;npc-0;1;3497380077;goalNoise src/sim/npc.js:491;adultScores src/sim/npc.js:1114;updateNpc > measure > measure > (anonyme) > chooseGoal > scoreGoals > adultScores > goalNoise
453;updateNpc;npc-0;1;1033978594;goalNoise src/sim/npc.js:491;adultScores src/sim/npc.js:1116;updateNpc > measure > measure > (anonyme) > chooseGoal > scoreGoals > adultScores > goalNoise
453;updateNpc;npc-0;1;2865544407;goalNoise src/sim/npc.js:491;adultScores src/sim/npc.js:1118;updateNpc > measure > measure > (anonyme) > chooseGoal > scoreGoals > adultScores > goalNoise
453;updateNpc;npc-0;1;402142924;goalNoise src/sim/npc.js:491;gatherWoodScoreForDecision src/sim/npc.js:1072;updateNpc > measure > measure > (anonyme) > chooseGoal > scoreGoals > adultScores > gatherWoodScoreForDecision > goalNoise
453;updateNpc;npc-0;1;2233708737;goalNoise src/sim/npc.js:491;adultScores src/sim/npc.js:1120;updateNpc > measure > measure > (anonyme) > chooseGoal > scoreGoals > adultScores > goalNoise
453;updateNpc;npc-0;1;4065274550;goalNoise src/sim/npc.js:491;adultScores src/sim/npc.js:1121;updateNpc > measure > measure > (anonyme) > chooseGoal > scoreGoals > adultScores > goalNoise
453;updateNpc;npc-0;1;1601873067;goalNoise src/sim/npc.js:491;adultScores src/sim/npc.js:1125;updateNpc > measure > measure > (anonyme) > chooseGoal > scoreGoals > adultScores > goalNoise
453;updateNpc;npc-0;1;3433438880;goalNoise src/sim/npc.js:491;maintainScore src/sim/npc.js:2813;updateNpc > measure > measure > (anonyme) > chooseGoal > scoreGoals > adultScores > maintainScore > goalNoise
453;updateNpc;npc-0;1;970037397;goalNoise src/sim/npc.js:491;adultScores src/sim/npc.js:1135;updateNpc > measure > measure > (anonyme) > chooseGoal > scoreGoals > adultScores > goalNoise
453;updateNpc;npc-0;1;2801603210;goalNoise src/sim/npc.js:491;exploreScore src/sim/npc.js:2355;updateNpc > measure > measure > (anonyme) > chooseGoal > scoreGoals > adultScores > exploreScore > goalNoise
453;updateNpc;npc-0;1;338201727;goalNoise src/sim/npc.js:491;adultScores src/sim/npc.js:1138;updateNpc > measure > measure > (anonyme) > chooseGoal > scoreGoals > adultScores > goalNoise
453;updateNpc;npc-0;1;2169767540;goalNoise src/sim/npc.js:491;adultScores src/sim/npc.js:1139;updateNpc > measure > measure > (anonyme) > chooseGoal > scoreGoals > adultScores > goalNoise
453;updateNpc;npc-0;1;4001333353;goalNoise src/sim/npc.js:491;adultScores src/sim/npc.js:1140;updateNpc > measure > measure > (anonyme) > chooseGoal > scoreGoals > adultScores > goalNoise
453;updateNpc;npc-0;1;1537931870;goalNoise src/sim/npc.js:491;adultScores src/sim/npc.js:1141;updateNpc > measure > measure > (anonyme) > chooseGoal > scoreGoals > adultScores > goalNoise
453;updateNpc;npc-1;0;3369497683;(anonyme) src/sim/npc.js:893;measure src/debug/profilerCore.js:297;updateNpc > measure > measure > (anonyme)
453;updateNpc;npc-1;1;906096200;exploreTarget src/ai/memory.js:669;failureCauseForGoal src/sim/npc.js:1696;updateNpc > measure > measure > (anonyme) > chooseGoal > scoreGoals > adultScores > failureTargetBiasMap > failureCauseForGoal > exploreTarget
453;updateNpc;npc-1;1;2737662013;exploreTarget src/ai/memory.js:670;failureCauseForGoal src/sim/npc.js:1696;updateNpc > measure > measure > (anonyme) > chooseGoal > scoreGoals > adultScores > failureTargetBiasMap > failureCauseForGoal > exploreTarget
453;updateNpc;npc-1;1;274260530;goalNoise src/sim/npc.js:491;adultScores src/sim/npc.js:1114;updateNpc > measure > measure > (anonyme) > chooseGoal > scoreGoals > adultScores > goalNoise
453;updateNpc;npc-1;1;2105826343;goalNoise src/sim/npc.js:491;adultScores src/sim/npc.js:1116;updateNpc > measure > measure > (anonyme) > chooseGoal > scoreGoals > adultScores > goalNoise
453;updateNpc;npc-1;1;3937392156;goalNoise src/sim/npc.js:491;adultScores src/sim/npc.js:1118;updateNpc > measure > measure > (anonyme) > chooseGoal > scoreGoals > adultScores > goalNoise
453;updateNpc;npc-1;1;1473990673;goalNoise src/sim/npc.js:491;gatherWoodScoreForDecision src/sim/npc.js:1072;updateNpc > measure > measure > (anonyme) > chooseGoal > scoreGoals > adultScores > gatherWoodScoreForDecision > goalNoise
453;updateNpc;npc-1;1;3305556486;goalNoise src/sim/npc.js:491;adultScores src/sim/npc.js:1120;updateNpc > measure > measure > (anonyme) > chooseGoal > scoreGoals > adultScores > goalNoise
453;updateNpc;npc-1;1;842155003;goalNoise src/sim/npc.js:491;adultScores src/sim/npc.js:1121;updateNpc > measure > measure > (anonyme) > chooseGoal > scoreGoals > adultScores > goalNoise
453;updateNpc;npc-1;1;2673720816;goalNoise src/sim/npc.js:491;adultScores src/sim/npc.js:1125;updateNpc > measure > measure > (anonyme) > chooseGoal > scoreGoals > adultScores > goalNoise
453;updateNpc;npc-1;1;210319333;goalNoise src/sim/npc.js:491;maintainScore src/sim/npc.js:2813;updateNpc > measure > measure > (anonyme) > chooseGoal > scoreGoals > adultScores > maintainScore > goalNoise
453;updateNpc;npc-1;1;2041885146;goalNoise src/sim/npc.js:491;adultScores src/sim/npc.js:1135;updateNpc > measure > measure > (anonyme) > chooseGoal > scoreGoals > adultScores > goalNoise
453;updateNpc;npc-1;1;3873450959;goalNoise src/sim/npc.js:491;exploreScore src/sim/npc.js:2355;updateNpc > measure > measure > (anonyme) > chooseGoal > scoreGoals > adultScores > exploreScore > goalNoise
453;updateNpc;npc-1;1;1410049476;goalNoise src/sim/npc.js:491;adultScores src/sim/npc.js:1138;updateNpc > measure > measure > (anonyme) > chooseGoal > scoreGoals > adultScores > goalNoise
453;updateNpc;npc-1;1;3241615289;goalNoise src/sim/npc.js:491;adultScores src/sim/npc.js:1139;updateNpc > measure > measure > (anonyme) > chooseGoal > scoreGoals > adultScores > goalNoise
453;updateNpc;npc-1;1;778213806;goalNoise src/sim/npc.js:491;adultScores src/sim/npc.js:1140;updateNpc > measure > measure > (anonyme) > chooseGoal > scoreGoals > adultScores > goalNoise
453;updateNpc;npc-1;1;2609779619;goalNoise src/sim/npc.js:491;adultScores src/sim/npc.js:1141;updateNpc > measure > measure > (anonyme) > chooseGoal > scoreGoals > adultScores > goalNoise
453;updateNpc;npc-3;0;146378136;(anonyme) src/sim/npc.js:893;measure src/debug/profilerCore.js:297;updateNpc > measure > measure > (anonyme)
453;updateNpc;npc-3;1;1977943949;exploreTarget src/ai/memory.js:669;failureCauseForGoal src/sim/npc.js:1696;updateNpc > measure > measure > (anonyme) > chooseGoal > scoreGoals > adultScores > failureTargetBiasMap > failureCauseForGoal > exploreTarget
453;updateNpc;npc-3;1;3809509762;exploreTarget src/ai/memory.js:670;failureCauseForGoal src/sim/npc.js:1696;updateNpc > measure > measure > (anonyme) > chooseGoal > scoreGoals > adultScores > failureTargetBiasMap > failureCauseForGoal > exploreTarget
453;updateNpc;npc-3;1;1346108279;exploreTarget src/ai/memory.js:669;failureCauseForGoal src/sim/npc.js:1696;updateNpc > measure > measure > (anonyme) > chooseGoal > scoreGoals > adultScores > failureTargetBiasMap > failureCauseForGoal > exploreTarget
453;updateNpc;npc-3;1;3177674092;exploreTarget src/ai/memory.js:670;failureCauseForGoal src/sim/npc.js:1696;updateNpc > measure > measure > (anonyme) > chooseGoal > scoreGoals > adultScores > failureTargetBiasMap > failureCauseForGoal > exploreTarget
453;updateNpc;npc-3;1;714272609;exploreTarget src/ai/memory.js:669;failureCauseForGoal src/sim/npc.js:1696;updateNpc > measure > measure > (anonyme) > chooseGoal > scoreGoals > adultScores > failureTargetBiasMap > failureCauseForGoal > exploreTarget
453;updateNpc;npc-3;1;2545838422;exploreTarget src/ai/memory.js:670;failureCauseForGoal src/sim/npc.js:1696;updateNpc > measure > measure > (anonyme) > chooseGoal > scoreGoals > adultScores > failureTargetBiasMap > failureCauseForGoal > exploreTarget
453;updateNpc;npc-3;1;82436939;exploreTarget src/ai/memory.js:669;failureCauseForGoal src/sim/npc.js:1696;updateNpc > measure > measure > (anonyme) > chooseGoal > scoreGoals > adultScores > failureTargetBiasMap > failureCauseForGoal > exploreTarget
453;updateNpc;npc-3;1;1914002752;exploreTarget src/ai/memory.js:670;failureCauseForGoal src/sim/npc.js:1696;updateNpc > measure > measure > (anonyme) > chooseGoal > scoreGoals > adultScores > failureTargetBiasMap > failureCauseForGoal > exploreTarget
453;updateNpc;npc-3;1;3745568565;goalNoise src/sim/npc.js:491;adultScores src/sim/npc.js:1114;updateNpc > measure > measure > (anonyme) > chooseGoal > scoreGoals > adultScores > goalNoise
453;updateNpc;npc-3;1;1282167082;goalNoise src/sim/npc.js:491;adultScores src/sim/npc.js:1116;updateNpc > measure > measure > (anonyme) > chooseGoal > scoreGoals > adultScores > goalNoise
453;updateNpc;npc-3;1;3113732895;goalNoise src/sim/npc.js:491;adultScores src/sim/npc.js:1118;updateNpc > measure > measure > (anonyme) > chooseGoal > scoreGoals > adultScores > goalNoise
453;updateNpc;npc-3;1;650331412;goalNoise src/sim/npc.js:491;gatherWoodScoreForDecision src/sim/npc.js:1072;updateNpc > measure > measure > (anonyme) > chooseGoal > scoreGoals > adultScores > gatherWoodScoreForDecision > goalNoise
453;updateNpc;npc-3;1;2481897225;goalNoise src/sim/npc.js:491;adultScores src/sim/npc.js:1120;updateNpc > measure > measure > (anonyme) > chooseGoal > scoreGoals > adultScores > goalNoise
453;updateNpc;npc-3;1;18495742;goalNoise src/sim/npc.js:491;adultScores src/sim/npc.js:1121;updateNpc > measure > measure > (anonyme) > chooseGoal > scoreGoals > adultScores > goalNoise
453;updateNpc;npc-3;1;1850061555;goalNoise src/sim/npc.js:491;adultScores src/sim/npc.js:1125;updateNpc > measure > measure > (anonyme) > chooseGoal > scoreGoals > adultScores > goalNoise
453;updateNpc;npc-3;1;3681627368;goalNoise src/sim/npc.js:491;maintainScore src/sim/npc.js:2813;updateNpc > measure > measure > (anonyme) > chooseGoal > scoreGoals > adultScores > maintainScore > goalNoise
453;updateNpc;npc-3;1;1218225885;goalNoise src/sim/npc.js:491;adultScores src/sim/npc.js:1135;updateNpc > measure > measure > (anonyme) > chooseGoal > scoreGoals > adultScores > goalNoise
453;updateNpc;npc-3;1;3049791698;goalNoise src/sim/npc.js:491;exploreScore src/sim/npc.js:2355;updateNpc > measure > measure > (anonyme) > chooseGoal > scoreGoals > adultScores > exploreScore > goalNoise
453;updateNpc;npc-3;1;586390215;goalNoise src/sim/npc.js:491;adultScores src/sim/npc.js:1138;updateNpc > measure > measure > (anonyme) > chooseGoal > scoreGoals > adultScores > goalNoise
453;updateNpc;npc-3;1;2417956028;goalNoise src/sim/npc.js:491;adultScores src/sim/npc.js:1139;updateNpc > measure > measure > (anonyme) > chooseGoal > scoreGoals > adultScores > goalNoise
453;updateNpc;npc-3;1;4249521841;goalNoise src/sim/npc.js:491;adultScores src/sim/npc.js:1140;updateNpc > measure > measure > (anonyme) > chooseGoal > scoreGoals > adultScores > goalNoise
453;updateNpc;npc-3;1;1786120358;goalNoise src/sim/npc.js:491;adultScores src/sim/npc.js:1141;updateNpc > measure > measure > (anonyme) > chooseGoal > scoreGoals > adultScores > goalNoise
453;updateNpc;npc-4;0;3617686171;(anonyme) src/sim/npc.js:893;measure src/debug/profilerCore.js:297;updateNpc > measure > measure > (anonyme)
453;updateNpc;npc-4;1;1154284688;exploreTarget src/ai/memory.js:669;failureCauseForGoal src/sim/npc.js:1696;updateNpc > measure > measure > (anonyme) > chooseGoal > scoreGoals > adultScores > failureTargetBiasMap > failureCauseForGoal > exploreTarget
453;updateNpc;npc-4;1;2985850501;exploreTarget src/ai/memory.js:670;failureCauseForGoal src/sim/npc.js:1696;updateNpc > measure > measure > (anonyme) > chooseGoal > scoreGoals > adultScores > failureTargetBiasMap > failureCauseForGoal > exploreTarget
453;updateNpc;npc-4;1;522449018;goalNoise src/sim/npc.js:491;adultScores src/sim/npc.js:1114;updateNpc > measure > measure > (anonyme) > chooseGoal > scoreGoals > adultScores > goalNoise
453;updateNpc;npc-4;1;2354014831;goalNoise src/sim/npc.js:491;adultScores src/sim/npc.js:1116;updateNpc > measure > measure > (anonyme) > chooseGoal > scoreGoals > adultScores > goalNoise
453;updateNpc;npc-4;1;4185580644;goalNoise src/sim/npc.js:491;adultScores src/sim/npc.js:1118;updateNpc > measure > measure > (anonyme) > chooseGoal > scoreGoals > adultScores > goalNoise
453;updateNpc;npc-4;1;1722179161;goalNoise src/sim/npc.js:491;gatherWoodScoreForDecision src/sim/npc.js:1072;updateNpc > measure > measure > (anonyme) > chooseGoal > scoreGoals > adultScores > gatherWoodScoreForDecision > goalNoise
453;updateNpc;npc-4;1;3553744974;goalNoise src/sim/npc.js:491;adultScores src/sim/npc.js:1120;updateNpc > measure > measure > (anonyme) > chooseGoal > scoreGoals > adultScores > goalNoise
453;updateNpc;npc-4;1;1090343491;goalNoise src/sim/npc.js:491;adultScores src/sim/npc.js:1121;updateNpc > measure > measure > (anonyme) > chooseGoal > scoreGoals > adultScores > goalNoise
453;updateNpc;npc-4;1;2921909304;goalNoise src/sim/npc.js:491;adultScores src/sim/npc.js:1125;updateNpc > measure > measure > (anonyme) > chooseGoal > scoreGoals > adultScores > goalNoise
453;updateNpc;npc-4;1;458507821;goalNoise src/sim/npc.js:491;maintainScore src/sim/npc.js:2813;updateNpc > measure > measure > (anonyme) > chooseGoal > scoreGoals > adultScores > maintainScore > goalNoise
453;updateNpc;npc-4;1;2290073634;goalNoise src/sim/npc.js:491;adultScores src/sim/npc.js:1135;updateNpc > measure > measure > (anonyme) > chooseGoal > scoreGoals > adultScores > goalNoise
453;updateNpc;npc-4;1;4121639447;goalNoise src/sim/npc.js:491;exploreScore src/sim/npc.js:2355;updateNpc > measure > measure > (anonyme) > chooseGoal > scoreGoals > adultScores > exploreScore > goalNoise
453;updateNpc;npc-4;1;1658237964;goalNoise src/sim/npc.js:491;adultScores src/sim/npc.js:1138;updateNpc > measure > measure > (anonyme) > chooseGoal > scoreGoals > adultScores > goalNoise
453;updateNpc;npc-4;1;3489803777;goalNoise src/sim/npc.js:491;adultScores src/sim/npc.js:1139;updateNpc > measure > measure > (anonyme) > chooseGoal > scoreGoals > adultScores > goalNoise
453;updateNpc;npc-4;1;1026402294;goalNoise src/sim/npc.js:491;adultScores src/sim/npc.js:1140;updateNpc > measure > measure > (anonyme) > chooseGoal > scoreGoals > adultScores > goalNoise
453;updateNpc;npc-4;1;2857968107;goalNoise src/sim/npc.js:491;adultScores src/sim/npc.js:1141;updateNpc > measure > measure > (anonyme) > chooseGoal > scoreGoals > adultScores > goalNoise
487;updateNpc;npc-3;0;394566624;rollCraftMiss src/sim/craftMiss.js:79;progressCraftGather src/sim/npc.js:4579;updateNpc > measure > measure > (anonyme) > act > progressCraftGather > rollCraftMiss
511;updateNpc;npc-1;0;2226132437;rollCraftMiss src/sim/craftMiss.js:79;progressTendWork src/sim/npc.js:4711;updateNpc > measure > measure > (anonyme) > act > progressTendWork > rollCraftMiss
516;updateNpc;npc-3;0;4057698250;rollCraftMiss src/sim/craftMiss.js:79;progressCraftGather src/sim/npc.js:4579;updateNpc > measure > measure > (anonyme) > act > progressCraftGather > rollCraftMiss
519;updateNpc;npc-4;0;1594296767;rollCraftMiss src/sim/craftMiss.js:79;progressCraftGather src/sim/npc.js:4579;updateNpc > measure > measure > (anonyme) > act > progressCraftGather > rollCraftMiss
531;updateNpc;npc-2;0;3425862580;rollCraftMiss src/sim/craftMiss.js:79;progressCraftGather src/sim/npc.js:4579;updateNpc > measure > measure > (anonyme) > act > progressCraftGather > rollCraftMiss
536;updateNpc;npc-2;0;962461097;(anonyme) src/sim/npc.js:893;measure src/debug/profilerCore.js:297;updateNpc > measure > measure > (anonyme)
536;updateNpc;npc-2;1;2794026910;exploreTarget src/ai/memory.js:669;failureCauseForGoal src/sim/npc.js:1696;updateNpc > measure > measure > (anonyme) > chooseGoal > scoreGoals > adultScores > failureTargetBiasMap > failureCauseForGoal > exploreTarget
536;updateNpc;npc-2;1;330625427;exploreTarget src/ai/memory.js:670;failureCauseForGoal src/sim/npc.js:1696;updateNpc > measure > measure > (anonyme) > chooseGoal > scoreGoals > adultScores > failureTargetBiasMap > failureCauseForGoal > exploreTarget
536;updateNpc;npc-2;1;2162191240;goalNoise src/sim/npc.js:491;adultScores src/sim/npc.js:1114;updateNpc > measure > measure > (anonyme) > chooseGoal > scoreGoals > adultScores > goalNoise
536;updateNpc;npc-2;1;3993757053;goalNoise src/sim/npc.js:491;adultScores src/sim/npc.js:1116;updateNpc > measure > measure > (anonyme) > chooseGoal > scoreGoals > adultScores > goalNoise
536;updateNpc;npc-2;1;1530355570;goalNoise src/sim/npc.js:491;adultScores src/sim/npc.js:1118;updateNpc > measure > measure > (anonyme) > chooseGoal > scoreGoals > adultScores > goalNoise
536;updateNpc;npc-2;1;3361921383;goalNoise src/sim/npc.js:491;gatherWoodScoreForDecision src/sim/npc.js:1072;updateNpc > measure > measure > (anonyme) > chooseGoal > scoreGoals > adultScores > gatherWoodScoreForDecision > goalNoise
536;updateNpc;npc-2;1;898519900;goalNoise src/sim/npc.js:491;adultScores src/sim/npc.js:1120;updateNpc > measure > measure > (anonyme) > chooseGoal > scoreGoals > adultScores > goalNoise
536;updateNpc;npc-2;1;2730085713;goalNoise src/sim/npc.js:491;adultScores src/sim/npc.js:1121;updateNpc > measure > measure > (anonyme) > chooseGoal > scoreGoals > adultScores > goalNoise
536;updateNpc;npc-2;1;266684230;goalNoise src/sim/npc.js:491;adultScores src/sim/npc.js:1125;updateNpc > measure > measure > (anonyme) > chooseGoal > scoreGoals > adultScores > goalNoise
536;updateNpc;npc-2;1;2098250043;goalNoise src/sim/npc.js:491;maintainScore src/sim/npc.js:2813;updateNpc > measure > measure > (anonyme) > chooseGoal > scoreGoals > adultScores > maintainScore > goalNoise
536;updateNpc;npc-2;1;3929815856;goalNoise src/sim/npc.js:491;adultScores src/sim/npc.js:1135;updateNpc > measure > measure > (anonyme) > chooseGoal > scoreGoals > adultScores > goalNoise
536;updateNpc;npc-2;1;1466414373;goalNoise src/sim/npc.js:491;exploreScore src/sim/npc.js:2355;updateNpc > measure > measure > (anonyme) > chooseGoal > scoreGoals > adultScores > exploreScore > goalNoise
536;updateNpc;npc-2;1;3297980186;goalNoise src/sim/npc.js:491;adultScores src/sim/npc.js:1138;updateNpc > measure > measure > (anonyme) > chooseGoal > scoreGoals > adultScores > goalNoise
536;updateNpc;npc-2;1;834578703;goalNoise src/sim/npc.js:491;adultScores src/sim/npc.js:1139;updateNpc > measure > measure > (anonyme) > chooseGoal > scoreGoals > adultScores > goalNoise
536;updateNpc;npc-2;1;2666144516;goalNoise src/sim/npc.js:491;adultScores src/sim/npc.js:1140;updateNpc > measure > measure > (anonyme) > chooseGoal > scoreGoals > adultScores > goalNoise
536;updateNpc;npc-2;1;202743033;goalNoise src/sim/npc.js:491;adultScores src/sim/npc.js:1141;updateNpc > measure > measure > (anonyme) > chooseGoal > scoreGoals > adultScores > goalNoise
548;updateNpc;npc-4;0;2034308846;rollCraftMiss src/sim/craftMiss.js:79;progressCraftGather src/sim/npc.js:4579;updateNpc > measure > measure > (anonyme) > act > progressCraftGather > rollCraftMiss
549;updateNpc;npc-1;0;3865874659;rollCraftMiss src/sim/craftMiss.js:79;progressTendWork src/sim/npc.js:4711;updateNpc > measure > measure > (anonyme) > act > progressTendWork > rollCraftMiss
552;updateNpc;npc-0;0;1402473176;createInformResourceSpotActs src/life/speechActs.js:62;socialize src/sim/npc.js:3974;updateNpc > measure > measure > (anonyme) > act > perform > socialize > createInformResourceSpotActs
552;updateNpc;npc-0;0;3234038989;createInformResourceSpotActs src/life/speechActs.js:62;socialize src/sim/npc.js:3975;updateNpc > measure > measure > (anonyme) > act > perform > socialize > createInformResourceSpotActs
562;updateNpc;npc-2;0;770637506;rollCraftMiss src/sim/craftMiss.js:79;progressCraftGather src/sim/npc.js:4579;updateNpc > measure > measure > (anonyme) > act > progressCraftGather > rollCraftMiss
586;updateNpc;npc-0;1;2602203319;exploreTarget src/ai/memory.js:669;failureCauseForGoal src/sim/npc.js:1696;updateNpc > measure > measure > (anonyme) > chooseGoal > scoreGoals > adultScores > failureTargetBiasMap > failureCauseForGoal > exploreTarget
586;updateNpc;npc-0;1;138801836;exploreTarget src/ai/memory.js:670;failureCauseForGoal src/sim/npc.js:1696;updateNpc > measure > measure > (anonyme) > chooseGoal > scoreGoals > adultScores > failureTargetBiasMap > failureCauseForGoal > exploreTarget
586;updateNpc;npc-0;1;1970367649;goalNoise src/sim/npc.js:491;adultScores src/sim/npc.js:1114;updateNpc > measure > measure > (anonyme) > chooseGoal > scoreGoals > adultScores > goalNoise
586;updateNpc;npc-0;1;3801933462;goalNoise src/sim/npc.js:491;adultScores src/sim/npc.js:1116;updateNpc > measure > measure > (anonyme) > chooseGoal > scoreGoals > adultScores > goalNoise
586;updateNpc;npc-0;1;1338531979;goalNoise src/sim/npc.js:491;adultScores src/sim/npc.js:1118;updateNpc > measure > measure > (anonyme) > chooseGoal > scoreGoals > adultScores > goalNoise
586;updateNpc;npc-0;1;3170097792;goalNoise src/sim/npc.js:491;gatherWoodScoreForDecision src/sim/npc.js:1072;updateNpc > measure > measure > (anonyme) > chooseGoal > scoreGoals > adultScores > gatherWoodScoreForDecision > goalNoise
586;updateNpc;npc-0;1;706696309;goalNoise src/sim/npc.js:491;adultScores src/sim/npc.js:1120;updateNpc > measure > measure > (anonyme) > chooseGoal > scoreGoals > adultScores > goalNoise
586;updateNpc;npc-0;1;2538262122;goalNoise src/sim/npc.js:491;adultScores src/sim/npc.js:1121;updateNpc > measure > measure > (anonyme) > chooseGoal > scoreGoals > adultScores > goalNoise
586;updateNpc;npc-0;1;74860639;goalNoise src/sim/npc.js:491;adultScores src/sim/npc.js:1125;updateNpc > measure > measure > (anonyme) > chooseGoal > scoreGoals > adultScores > goalNoise
586;updateNpc;npc-0;1;1906426452;goalNoise src/sim/npc.js:491;maintainScore src/sim/npc.js:2813;updateNpc > measure > measure > (anonyme) > chooseGoal > scoreGoals > adultScores > maintainScore > goalNoise
586;updateNpc;npc-0;1;3737992265;goalNoise src/sim/npc.js:491;adultScores src/sim/npc.js:1135;updateNpc > measure > measure > (anonyme) > chooseGoal > scoreGoals > adultScores > goalNoise
586;updateNpc;npc-0;1;1274590782;goalNoise src/sim/npc.js:491;exploreScore src/sim/npc.js:2355;updateNpc > measure > measure > (anonyme) > chooseGoal > scoreGoals > adultScores > exploreScore > goalNoise
586;updateNpc;npc-0;1;3106156595;goalNoise src/sim/npc.js:491;adultScores src/sim/npc.js:1138;updateNpc > measure > measure > (anonyme) > chooseGoal > scoreGoals > adultScores > goalNoise
586;updateNpc;npc-0;1;642755112;goalNoise src/sim/npc.js:491;adultScores src/sim/npc.js:1139;updateNpc > measure > measure > (anonyme) > chooseGoal > scoreGoals > adultScores > goalNoise
586;updateNpc;npc-0;1;2474320925;goalNoise src/sim/npc.js:491;adultScores src/sim/npc.js:1140;updateNpc > measure > measure > (anonyme) > chooseGoal > scoreGoals > adultScores > goalNoise
586;updateNpc;npc-0;1;10919442;goalNoise src/sim/npc.js:491;adultScores src/sim/npc.js:1141;updateNpc > measure > measure > (anonyme) > chooseGoal > scoreGoals > adultScores > goalNoise
586;updateNpc;npc-1;0;1842485255;(anonyme) src/sim/npc.js:893;measure src/debug/profilerCore.js:297;updateNpc > measure > measure > (anonyme)
586;updateNpc;npc-1;1;3674051068;exploreTarget src/ai/memory.js:669;failureCauseForGoal src/sim/npc.js:1696;updateNpc > measure > measure > (anonyme) > chooseGoal > scoreGoals > adultScores > failureTargetBiasMap > failureCauseForGoal > exploreTarget
586;updateNpc;npc-1;1;1210649585;exploreTarget src/ai/memory.js:670;failureCauseForGoal src/sim/npc.js:1696;updateNpc > measure > measure > (anonyme) > chooseGoal > scoreGoals > adultScores > failureTargetBiasMap > failureCauseForGoal > exploreTarget
586;updateNpc;npc-1;1;3042215398;exploreTarget src/ai/memory.js:669;failureCauseForGoal src/sim/npc.js:1696;updateNpc > measure > measure > (anonyme) > chooseGoal > scoreGoals > adultScores > failureTargetBiasMap > failureCauseForGoal > exploreTarget
586;updateNpc;npc-1;1;578813915;exploreTarget src/ai/memory.js:670;failureCauseForGoal src/sim/npc.js:1696;updateNpc > measure > measure > (anonyme) > chooseGoal > scoreGoals > adultScores > failureTargetBiasMap > failureCauseForGoal > exploreTarget
586;updateNpc;npc-1;1;2410379728;goalNoise src/sim/npc.js:491;adultScores src/sim/npc.js:1114;updateNpc > measure > measure > (anonyme) > chooseGoal > scoreGoals > adultScores > goalNoise
586;updateNpc;npc-1;1;4241945541;goalNoise src/sim/npc.js:491;adultScores src/sim/npc.js:1116;updateNpc > measure > measure > (anonyme) > chooseGoal > scoreGoals > adultScores > goalNoise
586;updateNpc;npc-1;1;1778544058;goalNoise src/sim/npc.js:491;adultScores src/sim/npc.js:1118;updateNpc > measure > measure > (anonyme) > chooseGoal > scoreGoals > adultScores > goalNoise
586;updateNpc;npc-1;1;3610109871;goalNoise src/sim/npc.js:491;gatherWoodScoreForDecision src/sim/npc.js:1072;updateNpc > measure > measure > (anonyme) > chooseGoal > scoreGoals > adultScores > gatherWoodScoreForDecision > goalNoise
586;updateNpc;npc-1;1;1146708388;goalNoise src/sim/npc.js:491;adultScores src/sim/npc.js:1120;updateNpc > measure > measure > (anonyme) > chooseGoal > scoreGoals > adultScores > goalNoise
586;updateNpc;npc-1;1;2978274201;goalNoise src/sim/npc.js:491;adultScores src/sim/npc.js:1121;updateNpc > measure > measure > (anonyme) > chooseGoal > scoreGoals > adultScores > goalNoise
586;updateNpc;npc-1;1;514872718;goalNoise src/sim/npc.js:491;adultScores src/sim/npc.js:1125;updateNpc > measure > measure > (anonyme) > chooseGoal > scoreGoals > adultScores > goalNoise
586;updateNpc;npc-1;1;2346438531;goalNoise src/sim/npc.js:491;maintainScore src/sim/npc.js:2813;updateNpc > measure > measure > (anonyme) > chooseGoal > scoreGoals > adultScores > maintainScore > goalNoise
586;updateNpc;npc-1;1;4178004344;goalNoise src/sim/npc.js:491;adultScores src/sim/npc.js:1135;updateNpc > measure > measure > (anonyme) > chooseGoal > scoreGoals > adultScores > goalNoise
586;updateNpc;npc-1;1;1714602861;goalNoise src/sim/npc.js:491;exploreScore src/sim/npc.js:2355;updateNpc > measure > measure > (anonyme) > chooseGoal > scoreGoals > adultScores > exploreScore > goalNoise
586;updateNpc;npc-1;1;3546168674;goalNoise src/sim/npc.js:491;adultScores src/sim/npc.js:1138;updateNpc > measure > measure > (anonyme) > chooseGoal > scoreGoals > adultScores > goalNoise
586;updateNpc;npc-1;1;1082767191;goalNoise src/sim/npc.js:491;adultScores src/sim/npc.js:1139;updateNpc > measure > measure > (anonyme) > chooseGoal > scoreGoals > adultScores > goalNoise
586;updateNpc;npc-1;1;2914333004;goalNoise src/sim/npc.js:491;adultScores src/sim/npc.js:1140;updateNpc > measure > measure > (anonyme) > chooseGoal > scoreGoals > adultScores > goalNoise
586;updateNpc;npc-1;1;450931521;goalNoise src/sim/npc.js:491;adultScores src/sim/npc.js:1141;updateNpc > measure > measure > (anonyme) > chooseGoal > scoreGoals > adultScores > goalNoise
586;updateNpc;npc-3;0;2282497334;(anonyme) src/sim/npc.js:893;measure src/debug/profilerCore.js:297;updateNpc > measure > measure > (anonyme)
586;updateNpc;npc-4;0;4114063147;(anonyme) src/sim/npc.js:893;measure src/debug/profilerCore.js:297;updateNpc > measure > measure > (anonyme)
598;updateNpc;npc-1;0;1650661664;rollCraftMiss src/sim/craftMiss.js:79;progressTendWork src/sim/npc.js:4711;updateNpc > measure > measure > (anonyme) > act > progressTendWork > rollCraftMiss
636;updateNpc;npc-1;0;3482227477;rollCraftMiss src/sim/craftMiss.js:79;progressTendWork src/sim/npc.js:4711;updateNpc > measure > measure > (anonyme) > act > progressTendWork > rollCraftMiss
657;updateNpc;npc-1;0;1018825994;rollCraftMiss src/sim/craftMiss.js:79;progressTendWork src/sim/npc.js:4711;updateNpc > measure > measure > (anonyme) > act > progressTendWork > rollCraftMiss
669;updateNpc;npc-2;0;2850391807;(anonyme) src/sim/npc.js:893;measure src/debug/profilerCore.js:297;updateNpc > measure > measure > (anonyme)
669;updateNpc;npc-2;1;386990324;exploreTarget src/ai/memory.js:669;failureCauseForGoal src/sim/npc.js:1696;updateNpc > measure > measure > (anonyme) > chooseGoal > scoreGoals > adultScores > failureTargetBiasMap > failureCauseForGoal > exploreTarget
669;updateNpc;npc-2;1;2218556137;exploreTarget src/ai/memory.js:670;failureCauseForGoal src/sim/npc.js:1696;updateNpc > measure > measure > (anonyme) > chooseGoal > scoreGoals > adultScores > failureTargetBiasMap > failureCauseForGoal > exploreTarget
669;updateNpc;npc-2;1;4050121950;goalNoise src/sim/npc.js:491;adultScores src/sim/npc.js:1114;updateNpc > measure > measure > (anonyme) > chooseGoal > scoreGoals > adultScores > goalNoise
669;updateNpc;npc-2;1;1586720467;goalNoise src/sim/npc.js:491;adultScores src/sim/npc.js:1116;updateNpc > measure > measure > (anonyme) > chooseGoal > scoreGoals > adultScores > goalNoise
669;updateNpc;npc-2;1;3418286280;goalNoise src/sim/npc.js:491;adultScores src/sim/npc.js:1118;updateNpc > measure > measure > (anonyme) > chooseGoal > scoreGoals > adultScores > goalNoise
669;updateNpc;npc-2;1;954884797;goalNoise src/sim/npc.js:491;gatherWoodScoreForDecision src/sim/npc.js:1072;updateNpc > measure > measure > (anonyme) > chooseGoal > scoreGoals > adultScores > gatherWoodScoreForDecision > goalNoise
669;updateNpc;npc-2;1;2786450610;goalNoise src/sim/npc.js:491;adultScores src/sim/npc.js:1120;updateNpc > measure > measure > (anonyme) > chooseGoal > scoreGoals > adultScores > goalNoise
669;updateNpc;npc-2;1;323049127;goalNoise src/sim/npc.js:491;adultScores src/sim/npc.js:1121;updateNpc > measure > measure > (anonyme) > chooseGoal > scoreGoals > adultScores > goalNoise
669;updateNpc;npc-2;1;2154614940;goalNoise src/sim/npc.js:491;adultScores src/sim/npc.js:1125;updateNpc > measure > measure > (anonyme) > chooseGoal > scoreGoals > adultScores > goalNoise
669;updateNpc;npc-2;1;3986180753;goalNoise src/sim/npc.js:491;maintainScore src/sim/npc.js:2813;updateNpc > measure > measure > (anonyme) > chooseGoal > scoreGoals > adultScores > maintainScore > goalNoise
669;updateNpc;npc-2;1;1522779270;goalNoise src/sim/npc.js:491;adultScores src/sim/npc.js:1135;updateNpc > measure > measure > (anonyme) > chooseGoal > scoreGoals > adultScores > goalNoise
669;updateNpc;npc-2;1;3354345083;goalNoise src/sim/npc.js:491;exploreScore src/sim/npc.js:2355;updateNpc > measure > measure > (anonyme) > chooseGoal > scoreGoals > adultScores > exploreScore > goalNoise
669;updateNpc;npc-2;1;890943600;goalNoise src/sim/npc.js:491;adultScores src/sim/npc.js:1138;updateNpc > measure > measure > (anonyme) > chooseGoal > scoreGoals > adultScores > goalNoise
669;updateNpc;npc-2;1;2722509413;goalNoise src/sim/npc.js:491;adultScores src/sim/npc.js:1139;updateNpc > measure > measure > (anonyme) > chooseGoal > scoreGoals > adultScores > goalNoise
669;updateNpc;npc-2;1;259107930;goalNoise src/sim/npc.js:491;adultScores src/sim/npc.js:1140;updateNpc > measure > measure > (anonyme) > chooseGoal > scoreGoals > adultScores > goalNoise
669;updateNpc;npc-2;1;2090673743;goalNoise src/sim/npc.js:491;adultScores src/sim/npc.js:1141;updateNpc > measure > measure > (anonyme) > chooseGoal > scoreGoals > adultScores > goalNoise
672;updateNpc;npc-0;0;3922239556;createInformResourceSpotActs src/life/speechActs.js:62;socialize src/sim/npc.js:3974;updateNpc > measure > measure > (anonyme) > act > perform > socialize > createInformResourceSpotActs
672;updateNpc;npc-0;0;1458838073;createInformResourceSpotActs src/life/speechActs.js:62;socialize src/sim/npc.js:3975;updateNpc > measure > measure > (anonyme) > act > perform > socialize > createInformResourceSpotActs
672;updateNpc;npc-0;0;3290403886;tellPerson src/ai/socialMemory.js:449;sharePeopleBeliefs src/ai/socialMemory.js:442;updateNpc > measure > measure > (anonyme) > act > perform > socialize > sim.shareRumors > spreadRumorExchange > sharePeopleBeliefs > tellPerson
672;updateNpc;npc-0;0;827002403;tellPerson src/ai/socialMemory.js:449;sharePeopleBeliefs src/ai/socialMemory.js:442;updateNpc > measure > measure > (anonyme) > act > perform > socialize > sim.shareRumors > spreadRumorExchange > sharePeopleBeliefs > tellPerson
695;updateNpc;npc-1;0;2658568216;rollCraftMiss src/sim/craftMiss.js:79;progressTendWork src/sim/npc.js:4711;updateNpc > measure > measure > (anonyme) > act > progressTendWork > rollCraftMiss
719;updateNpc;npc-1;0;195166733;(anonyme) src/sim/npc.js:893;measure src/debug/profilerCore.js:297;updateNpc > measure > measure > (anonyme)
719;updateNpc;npc-3;0;2026732546;(anonyme) src/sim/npc.js:893;measure src/debug/profilerCore.js:297;updateNpc > measure > measure > (anonyme)
719;updateNpc;npc-3;1;3858298359;exploreTarget src/ai/memory.js:669;failureCauseForGoal src/sim/npc.js:1696;updateNpc > measure > measure > (anonyme) > chooseGoal > scoreGoals > adultScores > failureTargetBiasMap > failureCauseForGoal > exploreTarget
719;updateNpc;npc-3;1;1394896876;exploreTarget src/ai/memory.js:670;failureCauseForGoal src/sim/npc.js:1696;updateNpc > measure > measure > (anonyme) > chooseGoal > scoreGoals > adultScores > failureTargetBiasMap > failureCauseForGoal > exploreTarget
719;updateNpc;npc-3;1;3226462689;goalNoise src/sim/npc.js:491;adultScores src/sim/npc.js:1114;updateNpc > measure > measure > (anonyme) > chooseGoal > scoreGoals > adultScores > goalNoise
719;updateNpc;npc-3;1;763061206;goalNoise src/sim/npc.js:491;adultScores src/sim/npc.js:1116;updateNpc > measure > measure > (anonyme) > chooseGoal > scoreGoals > adultScores > goalNoise
719;updateNpc;npc-3;1;2594627019;goalNoise src/sim/npc.js:491;adultScores src/sim/npc.js:1118;updateNpc > measure > measure > (anonyme) > chooseGoal > scoreGoals > adultScores > goalNoise
719;updateNpc;npc-3;1;131225536;goalNoise src/sim/npc.js:491;gatherWoodScoreForDecision src/sim/npc.js:1072;updateNpc > measure > measure > (anonyme) > chooseGoal > scoreGoals > adultScores > gatherWoodScoreForDecision > goalNoise
719;updateNpc;npc-3;1;1962791349;goalNoise src/sim/npc.js:491;adultScores src/sim/npc.js:1120;updateNpc > measure > measure > (anonyme) > chooseGoal > scoreGoals > adultScores > goalNoise
719;updateNpc;npc-3;1;3794357162;goalNoise src/sim/npc.js:491;adultScores src/sim/npc.js:1121;updateNpc > measure > measure > (anonyme) > chooseGoal > scoreGoals > adultScores > goalNoise
719;updateNpc;npc-3;1;1330955679;goalNoise src/sim/npc.js:491;adultScores src/sim/npc.js:1125;updateNpc > measure > measure > (anonyme) > chooseGoal > scoreGoals > adultScores > goalNoise
719;updateNpc;npc-3;1;3162521492;goalNoise src/sim/npc.js:491;maintainScore src/sim/npc.js:2813;updateNpc > measure > measure > (anonyme) > chooseGoal > scoreGoals > adultScores > maintainScore > goalNoise
719;updateNpc;npc-3;1;699120009;goalNoise src/sim/npc.js:491;adultScores src/sim/npc.js:1135;updateNpc > measure > measure > (anonyme) > chooseGoal > scoreGoals > adultScores > goalNoise
719;updateNpc;npc-3;1;2530685822;goalNoise src/sim/npc.js:491;exploreScore src/sim/npc.js:2355;updateNpc > measure > measure > (anonyme) > chooseGoal > scoreGoals > adultScores > exploreScore > goalNoise
719;updateNpc;npc-3;1;67284339;goalNoise src/sim/npc.js:491;adultScores src/sim/npc.js:1138;updateNpc > measure > measure > (anonyme) > chooseGoal > scoreGoals > adultScores > goalNoise
719;updateNpc;npc-3;1;1898850152;goalNoise src/sim/npc.js:491;adultScores src/sim/npc.js:1139;updateNpc > measure > measure > (anonyme) > chooseGoal > scoreGoals > adultScores > goalNoise
719;updateNpc;npc-3;1;3730415965;goalNoise src/sim/npc.js:491;adultScores src/sim/npc.js:1140;updateNpc > measure > measure > (anonyme) > chooseGoal > scoreGoals > adultScores > goalNoise
719;updateNpc;npc-3;1;1267014482;goalNoise src/sim/npc.js:491;adultScores src/sim/npc.js:1141;updateNpc > measure > measure > (anonyme) > chooseGoal > scoreGoals > adultScores > goalNoise
719;updateNpc;npc-4;0;3098580295;(anonyme) src/sim/npc.js:893;measure src/debug/profilerCore.js:297;updateNpc > measure > measure > (anonyme)
733;updateNpc;npc-1;0;635178812;rollCraftMiss src/sim/craftMiss.js:79;progressTendWork src/sim/npc.js:4711;updateNpc > measure > measure > (anonyme) > act > progressTendWork > rollCraftMiss
739;updateNpc;npc-0;0;2466744625;(anonyme) src/sim/npc.js:893;measure src/debug/profilerCore.js:297;updateNpc > measure > measure > (anonyme)
770;updateNpc;npc-0;0;3343142;(anonyme) src/sim/npc.js:893;measure src/debug/profilerCore.js:297;updateNpc > measure > measure > (anonyme)
770;updateNpc;npc-1;0;1834908955;(anonyme) src/sim/npc.js:893;measure src/debug/profilerCore.js:297;updateNpc > measure > measure > (anonyme)
770;updateNpc;npc-3;0;3666474768;(anonyme) src/sim/npc.js:893;measure src/debug/profilerCore.js:297;updateNpc > measure > measure > (anonyme)
770;updateNpc;npc-4;0;1203073285;(anonyme) src/sim/npc.js:893;measure src/debug/profilerCore.js:297;updateNpc > measure > measure > (anonyme)
771;updateNpc;npc-1;0;3034639098;rollCraftMiss src/sim/craftMiss.js:79;progressTendWork src/sim/npc.js:4711;updateNpc > measure > measure > (anonyme) > act > progressTendWork > rollCraftMiss
792;updateNpc;npc-1;0;571237615;rollCraftMiss src/sim/craftMiss.js:79;progressTendWork src/sim/npc.js:4711;updateNpc > measure > measure > (anonyme) > act > progressTendWork > rollCraftMiss
802;updateNpc;npc-2;1;2402803428;exploreTarget src/ai/memory.js:669;failureCauseForGoal src/sim/npc.js:1696;updateNpc > measure > measure > (anonyme) > chooseGoal > scoreGoals > adultScores > failureTargetBiasMap > failureCauseForGoal > exploreTarget
802;updateNpc;npc-2;1;4234369241;exploreTarget src/ai/memory.js:670;failureCauseForGoal src/sim/npc.js:1696;updateNpc > measure > measure > (anonyme) > chooseGoal > scoreGoals > adultScores > failureTargetBiasMap > failureCauseForGoal > exploreTarget
802;updateNpc;npc-2;1;1770967758;goalNoise src/sim/npc.js:491;adultScores src/sim/npc.js:1114;updateNpc > measure > measure > (anonyme) > chooseGoal > scoreGoals > adultScores > goalNoise
802;updateNpc;npc-2;1;3602533571;goalNoise src/sim/npc.js:491;adultScores src/sim/npc.js:1116;updateNpc > measure > measure > (anonyme) > chooseGoal > scoreGoals > adultScores > goalNoise
802;updateNpc;npc-2;1;1139132088;goalNoise src/sim/npc.js:491;adultScores src/sim/npc.js:1118;updateNpc > measure > measure > (anonyme) > chooseGoal > scoreGoals > adultScores > goalNoise
802;updateNpc;npc-2;1;2970697901;goalNoise src/sim/npc.js:491;gatherWoodScoreForDecision src/sim/npc.js:1072;updateNpc > measure > measure > (anonyme) > chooseGoal > scoreGoals > adultScores > gatherWoodScoreForDecision > goalNoise
802;updateNpc;npc-2;1;507296418;goalNoise src/sim/npc.js:491;adultScores src/sim/npc.js:1120;updateNpc > measure > measure > (anonyme) > chooseGoal > scoreGoals > adultScores > goalNoise
802;updateNpc;npc-2;1;2338862231;goalNoise src/sim/npc.js:491;adultScores src/sim/npc.js:1121;updateNpc > measure > measure > (anonyme) > chooseGoal > scoreGoals > adultScores > goalNoise
802;updateNpc;npc-2;1;4170428044;goalNoise src/sim/npc.js:491;adultScores src/sim/npc.js:1125;updateNpc > measure > measure > (anonyme) > chooseGoal > scoreGoals > adultScores > goalNoise
802;updateNpc;npc-2;1;1707026561;goalNoise src/sim/npc.js:491;maintainScore src/sim/npc.js:2813;updateNpc > measure > measure > (anonyme) > chooseGoal > scoreGoals > adultScores > maintainScore > goalNoise
802;updateNpc;npc-2;1;3538592374;goalNoise src/sim/npc.js:491;adultScores src/sim/npc.js:1135;updateNpc > measure > measure > (anonyme) > chooseGoal > scoreGoals > adultScores > goalNoise
802;updateNpc;npc-2;1;1075190891;goalNoise src/sim/npc.js:491;exploreScore src/sim/npc.js:2355;updateNpc > measure > measure > (anonyme) > chooseGoal > scoreGoals > adultScores > exploreScore > goalNoise
802;updateNpc;npc-2;1;2906756704;goalNoise src/sim/npc.js:491;adultScores src/sim/npc.js:1138;updateNpc > measure > measure > (anonyme) > chooseGoal > scoreGoals > adultScores > goalNoise
802;updateNpc;npc-2;1;443355221;goalNoise src/sim/npc.js:491;adultScores src/sim/npc.js:1139;updateNpc > measure > measure > (anonyme) > chooseGoal > scoreGoals > adultScores > goalNoise
802;updateNpc;npc-2;1;2274921034;goalNoise src/sim/npc.js:491;adultScores src/sim/npc.js:1140;updateNpc > measure > measure > (anonyme) > chooseGoal > scoreGoals > adultScores > goalNoise
802;updateNpc;npc-2;1;4106486847;goalNoise src/sim/npc.js:491;adultScores src/sim/npc.js:1141;updateNpc > measure > measure > (anonyme) > chooseGoal > scoreGoals > adultScores > goalNoise
830;updateNpc;npc-1;0;1643085364;rollCraftMiss src/sim/craftMiss.js:79;progressTendWork src/sim/npc.js:4711;updateNpc > measure > measure > (anonyme) > act > progressTendWork > rollCraftMiss
868;updateNpc;npc-1;0;3474651177;rollCraftMiss src/sim/craftMiss.js:79;progressTendWork src/sim/npc.js:4711;updateNpc > measure > measure > (anonyme) > act > progressTendWork > rollCraftMiss
903;updateNpc;npc-0;1;1011249694;exploreTarget src/ai/memory.js:669;failureCauseForGoal src/sim/npc.js:1696;updateNpc > measure > measure > (anonyme) > chooseGoal > scoreGoals > adultScores > failureTargetBiasMap > failureCauseForGoal > exploreTarget
903;updateNpc;npc-0;1;2842815507;exploreTarget src/ai/memory.js:670;failureCauseForGoal src/sim/npc.js:1696;updateNpc > measure > measure > (anonyme) > chooseGoal > scoreGoals > adultScores > failureTargetBiasMap > failureCauseForGoal > exploreTarget
903;updateNpc;npc-0;1;379414024;goalNoise src/sim/npc.js:491;adultScores src/sim/npc.js:1114;updateNpc > measure > measure > (anonyme) > chooseGoal > scoreGoals > adultScores > goalNoise
903;updateNpc;npc-0;1;2210979837;goalNoise src/sim/npc.js:491;adultScores src/sim/npc.js:1116;updateNpc > measure > measure > (anonyme) > chooseGoal > scoreGoals > adultScores > goalNoise
903;updateNpc;npc-0;1;4042545650;goalNoise src/sim/npc.js:491;adultScores src/sim/npc.js:1118;updateNpc > measure > measure > (anonyme) > chooseGoal > scoreGoals > adultScores > goalNoise
903;updateNpc;npc-0;1;1579144167;goalNoise src/sim/npc.js:491;gatherWoodScoreForDecision src/sim/npc.js:1072;updateNpc > measure > measure > (anonyme) > chooseGoal > scoreGoals > adultScores > gatherWoodScoreForDecision > goalNoise
903;updateNpc;npc-0;1;3410709980;goalNoise src/sim/npc.js:491;adultScores src/sim/npc.js:1120;updateNpc > measure > measure > (anonyme) > chooseGoal > scoreGoals > adultScores > goalNoise
903;updateNpc;npc-0;1;947308497;goalNoise src/sim/npc.js:491;adultScores src/sim/npc.js:1121;updateNpc > measure > measure > (anonyme) > chooseGoal > scoreGoals > adultScores > goalNoise
903;updateNpc;npc-0;1;2778874310;goalNoise src/sim/npc.js:491;adultScores src/sim/npc.js:1125;updateNpc > measure > measure > (anonyme) > chooseGoal > scoreGoals > adultScores > goalNoise
903;updateNpc;npc-0;1;315472827;goalNoise src/sim/npc.js:491;maintainScore src/sim/npc.js:2813;updateNpc > measure > measure > (anonyme) > chooseGoal > scoreGoals > adultScores > maintainScore > goalNoise
903;updateNpc;npc-0;1;2147038640;goalNoise src/sim/npc.js:491;adultScores src/sim/npc.js:1135;updateNpc > measure > measure > (anonyme) > chooseGoal > scoreGoals > adultScores > goalNoise
903;updateNpc;npc-0;1;3978604453;goalNoise src/sim/npc.js:491;exploreScore src/sim/npc.js:2355;updateNpc > measure > measure > (anonyme) > chooseGoal > scoreGoals > adultScores > exploreScore > goalNoise
903;updateNpc;npc-0;1;1515202970;goalNoise src/sim/npc.js:491;adultScores src/sim/npc.js:1138;updateNpc > measure > measure > (anonyme) > chooseGoal > scoreGoals > adultScores > goalNoise
903;updateNpc;npc-0;1;3346768783;goalNoise src/sim/npc.js:491;adultScores src/sim/npc.js:1139;updateNpc > measure > measure > (anonyme) > chooseGoal > scoreGoals > adultScores > goalNoise
903;updateNpc;npc-0;1;883367300;goalNoise src/sim/npc.js:491;adultScores src/sim/npc.js:1140;updateNpc > measure > measure > (anonyme) > chooseGoal > scoreGoals > adultScores > goalNoise
903;updateNpc;npc-0;1;2714933113;goalNoise src/sim/npc.js:491;adultScores src/sim/npc.js:1141;updateNpc > measure > measure > (anonyme) > chooseGoal > scoreGoals > adultScores > goalNoise
903;updateNpc;npc-1;0;251531630;(anonyme) src/sim/npc.js:893;measure src/debug/profilerCore.js:297;updateNpc > measure > measure > (anonyme)
903;updateNpc;npc-1;1;2083097443;exploreTarget src/ai/memory.js:669;failureCauseForGoal src/sim/npc.js:1696;updateNpc > measure > measure > (anonyme) > chooseGoal > scoreGoals > adultScores > failureTargetBiasMap > failureCauseForGoal > exploreTarget
903;updateNpc;npc-1;1;3914663256;exploreTarget src/ai/memory.js:670;failureCauseForGoal src/sim/npc.js:1696;updateNpc > measure > measure > (anonyme) > chooseGoal > scoreGoals > adultScores > failureTargetBiasMap > failureCauseForGoal > exploreTarget
903;updateNpc;npc-1;1;1451261773;goalNoise src/sim/npc.js:491;adultScores src/sim/npc.js:1114;updateNpc > measure > measure > (anonyme) > chooseGoal > scoreGoals > adultScores > goalNoise
903;updateNpc;npc-1;1;3282827586;goalNoise src/sim/npc.js:491;adultScores src/sim/npc.js:1116;updateNpc > measure > measure > (anonyme) > chooseGoal > scoreGoals > adultScores > goalNoise
903;updateNpc;npc-1;1;819426103;goalNoise src/sim/npc.js:491;adultScores src/sim/npc.js:1118;updateNpc > measure > measure > (anonyme) > chooseGoal > scoreGoals > adultScores > goalNoise
903;updateNpc;npc-1;1;2650991916;goalNoise src/sim/npc.js:491;gatherWoodScoreForDecision src/sim/npc.js:1072;updateNpc > measure > measure > (anonyme) > chooseGoal > scoreGoals > adultScores > gatherWoodScoreForDecision > goalNoise
903;updateNpc;npc-1;1;187590433;goalNoise src/sim/npc.js:491;adultScores src/sim/npc.js:1120;updateNpc > measure > measure > (anonyme) > chooseGoal > scoreGoals > adultScores > goalNoise
903;updateNpc;npc-1;1;2019156246;goalNoise src/sim/npc.js:491;adultScores src/sim/npc.js:1121;updateNpc > measure > measure > (anonyme) > chooseGoal > scoreGoals > adultScores > goalNoise
903;updateNpc;npc-1;1;3850722059;goalNoise src/sim/npc.js:491;adultScores src/sim/npc.js:1125;updateNpc > measure > measure > (anonyme) > chooseGoal > scoreGoals > adultScores > goalNoise
903;updateNpc;npc-1;1;1387320576;goalNoise src/sim/npc.js:491;maintainScore src/sim/npc.js:2813;updateNpc > measure > measure > (anonyme) > chooseGoal > scoreGoals > adultScores > maintainScore > goalNoise
903;updateNpc;npc-1;1;3218886389;goalNoise src/sim/npc.js:491;adultScores src/sim/npc.js:1135;updateNpc > measure > measure > (anonyme) > chooseGoal > scoreGoals > adultScores > goalNoise
903;updateNpc;npc-1;1;755484906;goalNoise src/sim/npc.js:491;exploreScore src/sim/npc.js:2355;updateNpc > measure > measure > (anonyme) > chooseGoal > scoreGoals > adultScores > exploreScore > goalNoise
903;updateNpc;npc-1;1;2587050719;goalNoise src/sim/npc.js:491;adultScores src/sim/npc.js:1138;updateNpc > measure > measure > (anonyme) > chooseGoal > scoreGoals > adultScores > goalNoise
903;updateNpc;npc-1;1;123649236;goalNoise src/sim/npc.js:491;adultScores src/sim/npc.js:1139;updateNpc > measure > measure > (anonyme) > chooseGoal > scoreGoals > adultScores > goalNoise
903;updateNpc;npc-1;1;1955215049;goalNoise src/sim/npc.js:491;adultScores src/sim/npc.js:1140;updateNpc > measure > measure > (anonyme) > chooseGoal > scoreGoals > adultScores > goalNoise
903;updateNpc;npc-1;1;3786780862;goalNoise src/sim/npc.js:491;adultScores src/sim/npc.js:1141;updateNpc > measure > measure > (anonyme) > chooseGoal > scoreGoals > adultScores > goalNoise
903;updateNpc;npc-3;1;1323379379;exploreTarget src/ai/memory.js:669;failureCauseForGoal src/sim/npc.js:1696;updateNpc > measure > measure > (anonyme) > chooseGoal > scoreGoals > adultScores > failureTargetBiasMap > failureCauseForGoal > exploreTarget
903;updateNpc;npc-3;1;3154945192;exploreTarget src/ai/memory.js:670;failureCauseForGoal src/sim/npc.js:1696;updateNpc > measure > measure > (anonyme) > chooseGoal > scoreGoals > adultScores > failureTargetBiasMap > failureCauseForGoal > exploreTarget
903;updateNpc;npc-3;1;691543709;goalNoise src/sim/npc.js:491;adultScores src/sim/npc.js:1114;updateNpc > measure > measure > (anonyme) > chooseGoal > scoreGoals > adultScores > goalNoise
903;updateNpc;npc-3;1;2523109522;goalNoise src/sim/npc.js:491;adultScores src/sim/npc.js:1116;updateNpc > measure > measure > (anonyme) > chooseGoal > scoreGoals > adultScores > goalNoise
903;updateNpc;npc-3;1;59708039;goalNoise src/sim/npc.js:491;adultScores src/sim/npc.js:1118;updateNpc > measure > measure > (anonyme) > chooseGoal > scoreGoals > adultScores > goalNoise
903;updateNpc;npc-3;1;1891273852;goalNoise src/sim/npc.js:491;gatherWoodScoreForDecision src/sim/npc.js:1072;updateNpc > measure > measure > (anonyme) > chooseGoal > scoreGoals > adultScores > gatherWoodScoreForDecision > goalNoise
903;updateNpc;npc-3;1;3722839665;goalNoise src/sim/npc.js:491;adultScores src/sim/npc.js:1120;updateNpc > measure > measure > (anonyme) > chooseGoal > scoreGoals > adultScores > goalNoise
903;updateNpc;npc-3;1;1259438182;goalNoise src/sim/npc.js:491;adultScores src/sim/npc.js:1121;updateNpc > measure > measure > (anonyme) > chooseGoal > scoreGoals > adultScores > goalNoise
903;updateNpc;npc-3;1;3091003995;goalNoise src/sim/npc.js:491;adultScores src/sim/npc.js:1125;updateNpc > measure > measure > (anonyme) > chooseGoal > scoreGoals > adultScores > goalNoise
903;updateNpc;npc-3;1;627602512;goalNoise src/sim/npc.js:491;maintainScore src/sim/npc.js:2813;updateNpc > measure > measure > (anonyme) > chooseGoal > scoreGoals > adultScores > maintainScore > goalNoise
903;updateNpc;npc-3;1;2459168325;goalNoise src/sim/npc.js:491;adultScores src/sim/npc.js:1135;updateNpc > measure > measure > (anonyme) > chooseGoal > scoreGoals > adultScores > goalNoise
903;updateNpc;npc-3;1;4290734138;goalNoise src/sim/npc.js:491;exploreScore src/sim/npc.js:2355;updateNpc > measure > measure > (anonyme) > chooseGoal > scoreGoals > adultScores > exploreScore > goalNoise
903;updateNpc;npc-3;1;1827332655;goalNoise src/sim/npc.js:491;adultScores src/sim/npc.js:1138;updateNpc > measure > measure > (anonyme) > chooseGoal > scoreGoals > adultScores > goalNoise
903;updateNpc;npc-3;1;3658898468;goalNoise src/sim/npc.js:491;adultScores src/sim/npc.js:1139;updateNpc > measure > measure > (anonyme) > chooseGoal > scoreGoals > adultScores > goalNoise
903;updateNpc;npc-3;1;1195496985;goalNoise src/sim/npc.js:491;adultScores src/sim/npc.js:1140;updateNpc > measure > measure > (anonyme) > chooseGoal > scoreGoals > adultScores > goalNoise
903;updateNpc;npc-3;1;3027062798;goalNoise src/sim/npc.js:491;adultScores src/sim/npc.js:1141;updateNpc > measure > measure > (anonyme) > chooseGoal > scoreGoals > adultScores > goalNoise
903;updateNpc;npc-4;1;563661315;exploreTarget src/ai/memory.js:669;failureCauseForGoal src/sim/npc.js:1696;updateNpc > measure > measure > (anonyme) > chooseGoal > scoreGoals > adultScores > failureTargetBiasMap > failureCauseForGoal > exploreTarget
903;updateNpc;npc-4;1;2395227128;exploreTarget src/ai/memory.js:670;failureCauseForGoal src/sim/npc.js:1696;updateNpc > measure > measure > (anonyme) > chooseGoal > scoreGoals > adultScores > failureTargetBiasMap > failureCauseForGoal > exploreTarget
903;updateNpc;npc-4;1;4226792941;exploreTarget src/ai/memory.js:669;failureCauseForGoal src/sim/npc.js:1696;updateNpc > measure > measure > (anonyme) > chooseGoal > scoreGoals > adultScores > failureTargetBiasMap > failureCauseForGoal > exploreTarget
903;updateNpc;npc-4;1;1763391458;exploreTarget src/ai/memory.js:670;failureCauseForGoal src/sim/npc.js:1696;updateNpc > measure > measure > (anonyme) > chooseGoal > scoreGoals > adultScores > failureTargetBiasMap > failureCauseForGoal > exploreTarget
903;updateNpc;npc-4;1;3594957271;goalNoise src/sim/npc.js:491;adultScores src/sim/npc.js:1114;updateNpc > measure > measure > (anonyme) > chooseGoal > scoreGoals > adultScores > goalNoise
903;updateNpc;npc-4;1;1131555788;goalNoise src/sim/npc.js:491;adultScores src/sim/npc.js:1116;updateNpc > measure > measure > (anonyme) > chooseGoal > scoreGoals > adultScores > goalNoise
903;updateNpc;npc-4;1;2963121601;goalNoise src/sim/npc.js:491;adultScores src/sim/npc.js:1118;updateNpc > measure > measure > (anonyme) > chooseGoal > scoreGoals > adultScores > goalNoise
903;updateNpc;npc-4;1;499720118;goalNoise src/sim/npc.js:491;gatherWoodScoreForDecision src/sim/npc.js:1072;updateNpc > measure > measure > (anonyme) > chooseGoal > scoreGoals > adultScores > gatherWoodScoreForDecision > goalNoise
903;updateNpc;npc-4;1;2331285931;goalNoise src/sim/npc.js:491;adultScores src/sim/npc.js:1120;updateNpc > measure > measure > (anonyme) > chooseGoal > scoreGoals > adultScores > goalNoise
903;updateNpc;npc-4;1;4162851744;goalNoise src/sim/npc.js:491;adultScores src/sim/npc.js:1121;updateNpc > measure > measure > (anonyme) > chooseGoal > scoreGoals > adultScores > goalNoise
903;updateNpc;npc-4;1;1699450261;goalNoise src/sim/npc.js:491;adultScores src/sim/npc.js:1125;updateNpc > measure > measure > (anonyme) > chooseGoal > scoreGoals > adultScores > goalNoise
903;updateNpc;npc-4;1;3531016074;goalNoise src/sim/npc.js:491;maintainScore src/sim/npc.js:2813;updateNpc > measure > measure > (anonyme) > chooseGoal > scoreGoals > adultScores > maintainScore > goalNoise
903;updateNpc;npc-4;1;1067614591;goalNoise src/sim/npc.js:491;adultScores src/sim/npc.js:1135;updateNpc > measure > measure > (anonyme) > chooseGoal > scoreGoals > adultScores > goalNoise
903;updateNpc;npc-4;1;2899180404;goalNoise src/sim/npc.js:491;exploreScore src/sim/npc.js:2355;updateNpc > measure > measure > (anonyme) > chooseGoal > scoreGoals > adultScores > exploreScore > goalNoise
903;updateNpc;npc-4;1;435778921;goalNoise src/sim/npc.js:491;adultScores src/sim/npc.js:1138;updateNpc > measure > measure > (anonyme) > chooseGoal > scoreGoals > adultScores > goalNoise
903;updateNpc;npc-4;1;2267344734;goalNoise src/sim/npc.js:491;adultScores src/sim/npc.js:1139;updateNpc > measure > measure > (anonyme) > chooseGoal > scoreGoals > adultScores > goalNoise
903;updateNpc;npc-4;1;4098910547;goalNoise src/sim/npc.js:491;adultScores src/sim/npc.js:1140;updateNpc > measure > measure > (anonyme) > chooseGoal > scoreGoals > adultScores > goalNoise
903;updateNpc;npc-4;1;1635509064;goalNoise src/sim/npc.js:491;adultScores src/sim/npc.js:1141;updateNpc > measure > measure > (anonyme) > chooseGoal > scoreGoals > adultScores > goalNoise
935;updateNpc;npc-2;0;3467074877;(anonyme) src/sim/npc.js:893;measure src/debug/profilerCore.js:297;updateNpc > measure > measure > (anonyme)
935;updateNpc;npc-2;1;1003673394;exploreTarget src/ai/memory.js:669;failureCauseForGoal src/sim/npc.js:1696;updateNpc > measure > measure > (anonyme) > chooseGoal > scoreGoals > adultScores > failureTargetBiasMap > failureCauseForGoal > exploreTarget
935;updateNpc;npc-2;1;2835239207;exploreTarget src/ai/memory.js:670;failureCauseForGoal src/sim/npc.js:1696;updateNpc > measure > measure > (anonyme) > chooseGoal > scoreGoals > adultScores > failureTargetBiasMap > failureCauseForGoal > exploreTarget
935;updateNpc;npc-2;1;371837724;goalNoise src/sim/npc.js:491;adultScores src/sim/npc.js:1114;updateNpc > measure > measure > (anonyme) > chooseGoal > scoreGoals > adultScores > goalNoise
935;updateNpc;npc-2;1;2203403537;goalNoise src/sim/npc.js:491;adultScores src/sim/npc.js:1116;updateNpc > measure > measure > (anonyme) > chooseGoal > scoreGoals > adultScores > goalNoise
935;updateNpc;npc-2;1;4034969350;goalNoise src/sim/npc.js:491;adultScores src/sim/npc.js:1118;updateNpc > measure > measure > (anonyme) > chooseGoal > scoreGoals > adultScores > goalNoise
935;updateNpc;npc-2;1;1571567867;goalNoise src/sim/npc.js:491;gatherWoodScoreForDecision src/sim/npc.js:1072;updateNpc > measure > measure > (anonyme) > chooseGoal > scoreGoals > adultScores > gatherWoodScoreForDecision > goalNoise
935;updateNpc;npc-2;1;3403133680;goalNoise src/sim/npc.js:491;adultScores src/sim/npc.js:1120;updateNpc > measure > measure > (anonyme) > chooseGoal > scoreGoals > adultScores > goalNoise
935;updateNpc;npc-2;1;939732197;goalNoise src/sim/npc.js:491;adultScores src/sim/npc.js:1121;updateNpc > measure > measure > (anonyme) > chooseGoal > scoreGoals > adultScores > goalNoise
935;updateNpc;npc-2;1;2771298010;goalNoise src/sim/npc.js:491;adultScores src/sim/npc.js:1125;updateNpc > measure > measure > (anonyme) > chooseGoal > scoreGoals > adultScores > goalNoise
935;updateNpc;npc-2;1;307896527;goalNoise src/sim/npc.js:491;maintainScore src/sim/npc.js:2813;updateNpc > measure > measure > (anonyme) > chooseGoal > scoreGoals > adultScores > maintainScore > goalNoise
935;updateNpc;npc-2;1;2139462340;goalNoise src/sim/npc.js:491;adultScores src/sim/npc.js:1135;updateNpc > measure > measure > (anonyme) > chooseGoal > scoreGoals > adultScores > goalNoise
935;updateNpc;npc-2;1;3971028153;goalNoise src/sim/npc.js:491;exploreScore src/sim/npc.js:2355;updateNpc > measure > measure > (anonyme) > chooseGoal > scoreGoals > adultScores > exploreScore > goalNoise
935;updateNpc;npc-2;1;1507626670;goalNoise src/sim/npc.js:491;adultScores src/sim/npc.js:1138;updateNpc > measure > measure > (anonyme) > chooseGoal > scoreGoals > adultScores > goalNoise
935;updateNpc;npc-2;1;3339192483;goalNoise src/sim/npc.js:491;adultScores src/sim/npc.js:1139;updateNpc > measure > measure > (anonyme) > chooseGoal > scoreGoals > adultScores > goalNoise
935;updateNpc;npc-2;1;875791000;goalNoise src/sim/npc.js:491;adultScores src/sim/npc.js:1140;updateNpc > measure > measure > (anonyme) > chooseGoal > scoreGoals > adultScores > goalNoise
935;updateNpc;npc-2;1;2707356813;goalNoise src/sim/npc.js:491;adultScores src/sim/npc.js:1141;updateNpc > measure > measure > (anonyme) > chooseGoal > scoreGoals > adultScores > goalNoise
986;updateNpc;npc-2;0;243955330;(anonyme) src/sim/npc.js:893;measure src/debug/profilerCore.js:297;updateNpc > measure > measure > (anonyme)
1014;updateNpc;npc-0;0;2075521143;rollCraftMiss src/sim/craftMiss.js:79;progressCraftGather src/sim/npc.js:4579;updateNpc > measure > measure > (anonyme) > act > progressCraftGather > rollCraftMiss
1036;updateNpc;npc-0;0;3907086956;(anonyme) src/sim/npc.js:893;measure src/debug/profilerCore.js:297;updateNpc > measure > measure > (anonyme)
1036;updateNpc;npc-0;1;1443685473;exploreTarget src/ai/memory.js:669;failureCauseForGoal src/sim/npc.js:1696;updateNpc > measure > measure > (anonyme) > chooseGoal > scoreGoals > adultScores > failureTargetBiasMap > failureCauseForGoal > exploreTarget
1036;updateNpc;npc-0;1;3275251286;exploreTarget src/ai/memory.js:670;failureCauseForGoal src/sim/npc.js:1696;updateNpc > measure > measure > (anonyme) > chooseGoal > scoreGoals > adultScores > failureTargetBiasMap > failureCauseForGoal > exploreTarget
1036;updateNpc;npc-0;1;811849803;goalNoise src/sim/npc.js:491;adultScores src/sim/npc.js:1114;updateNpc > measure > measure > (anonyme) > chooseGoal > scoreGoals > adultScores > goalNoise
1036;updateNpc;npc-0;1;2643415616;goalNoise src/sim/npc.js:491;adultScores src/sim/npc.js:1116;updateNpc > measure > measure > (anonyme) > chooseGoal > scoreGoals > adultScores > goalNoise
1036;updateNpc;npc-0;1;180014133;goalNoise src/sim/npc.js:491;adultScores src/sim/npc.js:1118;updateNpc > measure > measure > (anonyme) > chooseGoal > scoreGoals > adultScores > goalNoise
1036;updateNpc;npc-0;1;2011579946;goalNoise src/sim/npc.js:491;gatherWoodScoreForDecision src/sim/npc.js:1072;updateNpc > measure > measure > (anonyme) > chooseGoal > scoreGoals > adultScores > gatherWoodScoreForDecision > goalNoise
1036;updateNpc;npc-0;1;3843145759;goalNoise src/sim/npc.js:491;adultScores src/sim/npc.js:1120;updateNpc > measure > measure > (anonyme) > chooseGoal > scoreGoals > adultScores > goalNoise
1036;updateNpc;npc-0;1;1379744276;goalNoise src/sim/npc.js:491;adultScores src/sim/npc.js:1121;updateNpc > measure > measure > (anonyme) > chooseGoal > scoreGoals > adultScores > goalNoise
1036;updateNpc;npc-0;1;3211310089;goalNoise src/sim/npc.js:491;adultScores src/sim/npc.js:1125;updateNpc > measure > measure > (anonyme) > chooseGoal > scoreGoals > adultScores > goalNoise
1036;updateNpc;npc-0;1;747908606;goalNoise src/sim/npc.js:491;maintainScore src/sim/npc.js:2813;updateNpc > measure > measure > (anonyme) > chooseGoal > scoreGoals > adultScores > maintainScore > goalNoise
1036;updateNpc;npc-0;1;2579474419;goalNoise src/sim/npc.js:491;adultScores src/sim/npc.js:1135;updateNpc > measure > measure > (anonyme) > chooseGoal > scoreGoals > adultScores > goalNoise
1036;updateNpc;npc-0;1;116072936;goalNoise src/sim/npc.js:491;exploreScore src/sim/npc.js:2355;updateNpc > measure > measure > (anonyme) > chooseGoal > scoreGoals > adultScores > exploreScore > goalNoise
1036;updateNpc;npc-0;1;1947638749;goalNoise src/sim/npc.js:491;adultScores src/sim/npc.js:1138;updateNpc > measure > measure > (anonyme) > chooseGoal > scoreGoals > adultScores > goalNoise
1036;updateNpc;npc-0;1;3779204562;goalNoise src/sim/npc.js:491;adultScores src/sim/npc.js:1139;updateNpc > measure > measure > (anonyme) > chooseGoal > scoreGoals > adultScores > goalNoise
1036;updateNpc;npc-0;1;1315803079;goalNoise src/sim/npc.js:491;adultScores src/sim/npc.js:1140;updateNpc > measure > measure > (anonyme) > chooseGoal > scoreGoals > adultScores > goalNoise
1036;updateNpc;npc-0;1;3147368892;goalNoise src/sim/npc.js:491;adultScores src/sim/npc.js:1141;updateNpc > measure > measure > (anonyme) > chooseGoal > scoreGoals > adultScores > goalNoise
1036;updateNpc;npc-1;0;683967409;(anonyme) src/sim/npc.js:893;measure src/debug/profilerCore.js:297;updateNpc > measure > measure > (anonyme)
1036;updateNpc;npc-1;1;2515533222;exploreTarget src/ai/memory.js:669;failureCauseForGoal src/sim/npc.js:1696;updateNpc > measure > measure > (anonyme) > chooseGoal > scoreGoals > adultScores > failureTargetBiasMap > failureCauseForGoal > exploreTarget
1036;updateNpc;npc-1;1;52131739;exploreTarget src/ai/memory.js:670;failureCauseForGoal src/sim/npc.js:1696;updateNpc > measure > measure > (anonyme) > chooseGoal > scoreGoals > adultScores > failureTargetBiasMap > failureCauseForGoal > exploreTarget
1036;updateNpc;npc-1;1;1883697552;goalNoise src/sim/npc.js:491;adultScores src/sim/npc.js:1114;updateNpc > measure > measure > (anonyme) > chooseGoal > scoreGoals > adultScores > goalNoise
1036;updateNpc;npc-1;1;3715263365;goalNoise src/sim/npc.js:491;adultScores src/sim/npc.js:1116;updateNpc > measure > measure > (anonyme) > chooseGoal > scoreGoals > adultScores > goalNoise
1036;updateNpc;npc-1;1;1251861882;goalNoise src/sim/npc.js:491;adultScores src/sim/npc.js:1118;updateNpc > measure > measure > (anonyme) > chooseGoal > scoreGoals > adultScores > goalNoise
1036;updateNpc;npc-1;1;3083427695;goalNoise src/sim/npc.js:491;gatherWoodScoreForDecision src/sim/npc.js:1072;updateNpc > measure > measure > (anonyme) > chooseGoal > scoreGoals > adultScores > gatherWoodScoreForDecision > goalNoise
1036;updateNpc;npc-1;1;620026212;goalNoise src/sim/npc.js:491;adultScores src/sim/npc.js:1120;updateNpc > measure > measure > (anonyme) > chooseGoal > scoreGoals > adultScores > goalNoise
1036;updateNpc;npc-1;1;2451592025;goalNoise src/sim/npc.js:491;adultScores src/sim/npc.js:1121;updateNpc > measure > measure > (anonyme) > chooseGoal > scoreGoals > adultScores > goalNoise
1036;updateNpc;npc-1;1;4283157838;goalNoise src/sim/npc.js:491;adultScores src/sim/npc.js:1125;updateNpc > measure > measure > (anonyme) > chooseGoal > scoreGoals > adultScores > goalNoise
1036;updateNpc;npc-1;1;1819756355;goalNoise src/sim/npc.js:491;maintainScore src/sim/npc.js:2813;updateNpc > measure > measure > (anonyme) > chooseGoal > scoreGoals > adultScores > maintainScore > goalNoise
1036;updateNpc;npc-1;1;3651322168;goalNoise src/sim/npc.js:491;adultScores src/sim/npc.js:1135;updateNpc > measure > measure > (anonyme) > chooseGoal > scoreGoals > adultScores > goalNoise
1036;updateNpc;npc-1;1;1187920685;goalNoise src/sim/npc.js:491;exploreScore src/sim/npc.js:2355;updateNpc > measure > measure > (anonyme) > chooseGoal > scoreGoals > adultScores > exploreScore > goalNoise
1036;updateNpc;npc-1;1;3019486498;goalNoise src/sim/npc.js:491;adultScores src/sim/npc.js:1138;updateNpc > measure > measure > (anonyme) > chooseGoal > scoreGoals > adultScores > goalNoise
1036;updateNpc;npc-1;1;556085015;goalNoise src/sim/npc.js:491;adultScores src/sim/npc.js:1139;updateNpc > measure > measure > (anonyme) > chooseGoal > scoreGoals > adultScores > goalNoise
1036;updateNpc;npc-1;1;2387650828;goalNoise src/sim/npc.js:491;adultScores src/sim/npc.js:1140;updateNpc > measure > measure > (anonyme) > chooseGoal > scoreGoals > adultScores > goalNoise
1036;updateNpc;npc-1;1;4219216641;goalNoise src/sim/npc.js:491;adultScores src/sim/npc.js:1141;updateNpc > measure > measure > (anonyme) > chooseGoal > scoreGoals > adultScores > goalNoise
1036;updateNpc;npc-3;1;1755815158;exploreTarget src/ai/memory.js:669;failureCauseForGoal src/sim/npc.js:1696;updateNpc > measure > measure > (anonyme) > chooseGoal > scoreGoals > adultScores > failureTargetBiasMap > failureCauseForGoal > exploreTarget
1036;updateNpc;npc-3;1;3587380971;exploreTarget src/ai/memory.js:670;failureCauseForGoal src/sim/npc.js:1696;updateNpc > measure > measure > (anonyme) > chooseGoal > scoreGoals > adultScores > failureTargetBiasMap > failureCauseForGoal > exploreTarget
1036;updateNpc;npc-3;1;1123979488;goalNoise src/sim/npc.js:491;adultScores src/sim/npc.js:1114;updateNpc > measure > measure > (anonyme) > chooseGoal > scoreGoals > adultScores > goalNoise
1036;updateNpc;npc-3;1;2955545301;goalNoise src/sim/npc.js:491;adultScores src/sim/npc.js:1116;updateNpc > measure > measure > (anonyme) > chooseGoal > scoreGoals > adultScores > goalNoise
1036;updateNpc;npc-3;1;492143818;goalNoise src/sim/npc.js:491;adultScores src/sim/npc.js:1118;updateNpc > measure > measure > (anonyme) > chooseGoal > scoreGoals > adultScores > goalNoise
1036;updateNpc;npc-3;1;2323709631;goalNoise src/sim/npc.js:491;gatherWoodScoreForDecision src/sim/npc.js:1072;updateNpc > measure > measure > (anonyme) > chooseGoal > scoreGoals > adultScores > gatherWoodScoreForDecision > goalNoise
1036;updateNpc;npc-3;1;4155275444;goalNoise src/sim/npc.js:491;adultScores src/sim/npc.js:1120;updateNpc > measure > measure > (anonyme) > chooseGoal > scoreGoals > adultScores > goalNoise
1036;updateNpc;npc-3;1;1691873961;goalNoise src/sim/npc.js:491;adultScores src/sim/npc.js:1121;updateNpc > measure > measure > (anonyme) > chooseGoal > scoreGoals > adultScores > goalNoise
1036;updateNpc;npc-3;1;3523439774;goalNoise src/sim/npc.js:491;adultScores src/sim/npc.js:1125;updateNpc > measure > measure > (anonyme) > chooseGoal > scoreGoals > adultScores > goalNoise
1036;updateNpc;npc-3;1;1060038291;goalNoise src/sim/npc.js:491;maintainScore src/sim/npc.js:2813;updateNpc > measure > measure > (anonyme) > chooseGoal > scoreGoals > adultScores > maintainScore > goalNoise
1036;updateNpc;npc-3;1;2891604104;goalNoise src/sim/npc.js:491;adultScores src/sim/npc.js:1135;updateNpc > measure > measure > (anonyme) > chooseGoal > scoreGoals > adultScores > goalNoise
1036;updateNpc;npc-3;1;428202621;goalNoise src/sim/npc.js:491;exploreScore src/sim/npc.js:2355;updateNpc > measure > measure > (anonyme) > chooseGoal > scoreGoals > adultScores > exploreScore > goalNoise
1036;updateNpc;npc-3;1;2259768434;goalNoise src/sim/npc.js:491;adultScores src/sim/npc.js:1138;updateNpc > measure > measure > (anonyme) > chooseGoal > scoreGoals > adultScores > goalNoise
1036;updateNpc;npc-3;1;4091334247;goalNoise src/sim/npc.js:491;adultScores src/sim/npc.js:1139;updateNpc > measure > measure > (anonyme) > chooseGoal > scoreGoals > adultScores > goalNoise
1036;updateNpc;npc-3;1;1627932764;goalNoise src/sim/npc.js:491;adultScores src/sim/npc.js:1140;updateNpc > measure > measure > (anonyme) > chooseGoal > scoreGoals > adultScores > goalNoise
1036;updateNpc;npc-3;1;3459498577;goalNoise src/sim/npc.js:491;adultScores src/sim/npc.js:1141;updateNpc > measure > measure > (anonyme) > chooseGoal > scoreGoals > adultScores > goalNoise
1036;updateNpc;npc-4;1;996097094;exploreTarget src/ai/memory.js:669;failureCauseForGoal src/sim/npc.js:1696;updateNpc > measure > measure > (anonyme) > chooseGoal > scoreGoals > adultScores > failureTargetBiasMap > failureCauseForGoal > exploreTarget
1036;updateNpc;npc-4;1;2827662907;exploreTarget src/ai/memory.js:670;failureCauseForGoal src/sim/npc.js:1696;updateNpc > measure > measure > (anonyme) > chooseGoal > scoreGoals > adultScores > failureTargetBiasMap > failureCauseForGoal > exploreTarget
1036;updateNpc;npc-4;1;364261424;goalNoise src/sim/npc.js:491;adultScores src/sim/npc.js:1114;updateNpc > measure > measure > (anonyme) > chooseGoal > scoreGoals > adultScores > goalNoise
1036;updateNpc;npc-4;1;2195827237;goalNoise src/sim/npc.js:491;adultScores src/sim/npc.js:1116;updateNpc > measure > measure > (anonyme) > chooseGoal > scoreGoals > adultScores > goalNoise
1036;updateNpc;npc-4;1;4027393050;goalNoise src/sim/npc.js:491;adultScores src/sim/npc.js:1118;updateNpc > measure > measure > (anonyme) > chooseGoal > scoreGoals > adultScores > goalNoise
1036;updateNpc;npc-4;1;1563991567;goalNoise src/sim/npc.js:491;gatherWoodScoreForDecision src/sim/npc.js:1072;updateNpc > measure > measure > (anonyme) > chooseGoal > scoreGoals > adultScores > gatherWoodScoreForDecision > goalNoise
1036;updateNpc;npc-4;1;3395557380;goalNoise src/sim/npc.js:491;adultScores src/sim/npc.js:1120;updateNpc > measure > measure > (anonyme) > chooseGoal > scoreGoals > adultScores > goalNoise
1036;updateNpc;npc-4;1;932155897;goalNoise src/sim/npc.js:491;adultScores src/sim/npc.js:1121;updateNpc > measure > measure > (anonyme) > chooseGoal > scoreGoals > adultScores > goalNoise
1036;updateNpc;npc-4;1;2763721710;goalNoise src/sim/npc.js:491;adultScores src/sim/npc.js:1125;updateNpc > measure > measure > (anonyme) > chooseGoal > scoreGoals > adultScores > goalNoise
1036;updateNpc;npc-4;1;300320227;goalNoise src/sim/npc.js:491;maintainScore src/sim/npc.js:2813;updateNpc > measure > measure > (anonyme) > chooseGoal > scoreGoals > adultScores > maintainScore > goalNoise
1036;updateNpc;npc-4;1;2131886040;goalNoise src/sim/npc.js:491;adultScores src/sim/npc.js:1135;updateNpc > measure > measure > (anonyme) > chooseGoal > scoreGoals > adultScores > goalNoise
1036;updateNpc;npc-4;1;3963451853;goalNoise src/sim/npc.js:491;exploreScore src/sim/npc.js:2355;updateNpc > measure > measure > (anonyme) > chooseGoal > scoreGoals > adultScores > exploreScore > goalNoise
1036;updateNpc;npc-4;1;1500050370;goalNoise src/sim/npc.js:491;adultScores src/sim/npc.js:1138;updateNpc > measure > measure > (anonyme) > chooseGoal > scoreGoals > adultScores > goalNoise
1036;updateNpc;npc-4;1;3331616183;goalNoise src/sim/npc.js:491;adultScores src/sim/npc.js:1139;updateNpc > measure > measure > (anonyme) > chooseGoal > scoreGoals > adultScores > goalNoise
1036;updateNpc;npc-4;1;868214700;goalNoise src/sim/npc.js:491;adultScores src/sim/npc.js:1140;updateNpc > measure > measure > (anonyme) > chooseGoal > scoreGoals > adultScores > goalNoise
1036;updateNpc;npc-4;1;2699780513;goalNoise src/sim/npc.js:491;adultScores src/sim/npc.js:1141;updateNpc > measure > measure > (anonyme) > chooseGoal > scoreGoals > adultScores > goalNoise
1055;updateNpc;npc-0;0;236379030;rollCraftMiss src/sim/craftMiss.js:79;progressCraftGather src/sim/npc.js:4579;updateNpc > measure > measure > (anonyme) > act > progressCraftGather > rollCraftMiss
1096;updateNpc;npc-0;0;2067944843;rollCraftMiss src/sim/craftMiss.js:79;progressCraftGather src/sim/npc.js:4579;updateNpc > measure > measure > (anonyme) > act > progressCraftGather > rollCraftMiss
1119;updateNpc;npc-2;1;3899510656;exploreTarget src/ai/memory.js:669;failureCauseForGoal src/sim/npc.js:1696;updateNpc > measure > measure > (anonyme) > chooseGoal > scoreGoals > adultScores > failureTargetBiasMap > failureCauseForGoal > exploreTarget
1119;updateNpc;npc-2;1;1436109173;exploreTarget src/ai/memory.js:670;failureCauseForGoal src/sim/npc.js:1696;updateNpc > measure > measure > (anonyme) > chooseGoal > scoreGoals > adultScores > failureTargetBiasMap > failureCauseForGoal > exploreTarget
1119;updateNpc;npc-2;1;3267674986;exploreTarget src/ai/memory.js:669;failureCauseForGoal src/sim/npc.js:1696;updateNpc > measure > measure > (anonyme) > chooseGoal > scoreGoals > adultScores > failureTargetBiasMap > failureCauseForGoal > exploreTarget
1119;updateNpc;npc-2;1;804273503;exploreTarget src/ai/memory.js:670;failureCauseForGoal src/sim/npc.js:1696;updateNpc > measure > measure > (anonyme) > chooseGoal > scoreGoals > adultScores > failureTargetBiasMap > failureCauseForGoal > exploreTarget
1119;updateNpc;npc-2;1;2635839316;goalNoise src/sim/npc.js:491;adultScores src/sim/npc.js:1114;updateNpc > measure > measure > (anonyme) > chooseGoal > scoreGoals > adultScores > goalNoise
1119;updateNpc;npc-2;1;172437833;goalNoise src/sim/npc.js:491;adultScores src/sim/npc.js:1116;updateNpc > measure > measure > (anonyme) > chooseGoal > scoreGoals > adultScores > goalNoise
1119;updateNpc;npc-2;1;2004003646;goalNoise src/sim/npc.js:491;adultScores src/sim/npc.js:1118;updateNpc > measure > measure > (anonyme) > chooseGoal > scoreGoals > adultScores > goalNoise
1119;updateNpc;npc-2;1;3835569459;goalNoise src/sim/npc.js:491;gatherWoodScoreForDecision src/sim/npc.js:1072;updateNpc > measure > measure > (anonyme) > chooseGoal > scoreGoals > adultScores > gatherWoodScoreForDecision > goalNoise
1119;updateNpc;npc-2;1;1372167976;goalNoise src/sim/npc.js:491;adultScores src/sim/npc.js:1120;updateNpc > measure > measure > (anonyme) > chooseGoal > scoreGoals > adultScores > goalNoise
1119;updateNpc;npc-2;1;3203733789;goalNoise src/sim/npc.js:491;adultScores src/sim/npc.js:1121;updateNpc > measure > measure > (anonyme) > chooseGoal > scoreGoals > adultScores > goalNoise
1119;updateNpc;npc-2;1;740332306;goalNoise src/sim/npc.js:491;adultScores src/sim/npc.js:1125;updateNpc > measure > measure > (anonyme) > chooseGoal > scoreGoals > adultScores > goalNoise
1119;updateNpc;npc-2;1;2571898119;goalNoise src/sim/npc.js:491;maintainScore src/sim/npc.js:2813;updateNpc > measure > measure > (anonyme) > chooseGoal > scoreGoals > adultScores > maintainScore > goalNoise
1119;updateNpc;npc-2;1;108496636;goalNoise src/sim/npc.js:491;adultScores src/sim/npc.js:1135;updateNpc > measure > measure > (anonyme) > chooseGoal > scoreGoals > adultScores > goalNoise
1119;updateNpc;npc-2;1;1940062449;goalNoise src/sim/npc.js:491;exploreScore src/sim/npc.js:2355;updateNpc > measure > measure > (anonyme) > chooseGoal > scoreGoals > adultScores > exploreScore > goalNoise
1119;updateNpc;npc-2;1;3771628262;goalNoise src/sim/npc.js:491;adultScores src/sim/npc.js:1138;updateNpc > measure > measure > (anonyme) > chooseGoal > scoreGoals > adultScores > goalNoise
1119;updateNpc;npc-2;1;1308226779;goalNoise src/sim/npc.js:491;adultScores src/sim/npc.js:1139;updateNpc > measure > measure > (anonyme) > chooseGoal > scoreGoals > adultScores > goalNoise
1119;updateNpc;npc-2;1;3139792592;goalNoise src/sim/npc.js:491;adultScores src/sim/npc.js:1140;updateNpc > measure > measure > (anonyme) > chooseGoal > scoreGoals > adultScores > goalNoise
1119;updateNpc;npc-2;1;676391109;goalNoise src/sim/npc.js:491;adultScores src/sim/npc.js:1141;updateNpc > measure > measure > (anonyme) > chooseGoal > scoreGoals > adultScores > goalNoise
1137;updateNpc;npc-0;0;2507956922;rollCraftMiss src/sim/craftMiss.js:79;progressCraftGather src/sim/npc.js:4579;updateNpc > measure > measure > (anonyme) > act > progressCraftGather > rollCraftMiss
1165;updateNpc;npc-0;0;44555439;rollCraftMiss src/sim/craftMiss.js:79;progressCraftGather src/sim/npc.js:4579;updateNpc > measure > measure > (anonyme) > act > progressCraftGather > rollCraftMiss
1169;updateNpc;npc-0;0;1876121252;(anonyme) src/sim/npc.js:893;measure src/debug/profilerCore.js:297;updateNpc > measure > measure > (anonyme)
1169;updateNpc;npc-1;0;3707687065;(anonyme) src/sim/npc.js:893;measure src/debug/profilerCore.js:297;updateNpc > measure > measure > (anonyme)
1169;updateNpc;npc-3;1;1244285582;exploreTarget src/ai/memory.js:669;failureCauseForGoal src/sim/npc.js:1696;updateNpc > measure > measure > (anonyme) > chooseGoal > scoreGoals > adultScores > failureTargetBiasMap > failureCauseForGoal > exploreTarget
1169;updateNpc;npc-3;1;3075851395;exploreTarget src/ai/memory.js:670;failureCauseForGoal src/sim/npc.js:1696;updateNpc > measure > measure > (anonyme) > chooseGoal > scoreGoals > adultScores > failureTargetBiasMap > failureCauseForGoal > exploreTarget
1169;updateNpc;npc-3;1;612449912;goalNoise src/sim/npc.js:491;adultScores src/sim/npc.js:1114;updateNpc > measure > measure > (anonyme) > chooseGoal > scoreGoals > adultScores > goalNoise
1169;updateNpc;npc-3;1;2444015725;goalNoise src/sim/npc.js:491;adultScores src/sim/npc.js:1116;updateNpc > measure > measure > (anonyme) > chooseGoal > scoreGoals > adultScores > goalNoise
1169;updateNpc;npc-3;1;4275581538;goalNoise src/sim/npc.js:491;adultScores src/sim/npc.js:1118;updateNpc > measure > measure > (anonyme) > chooseGoal > scoreGoals > adultScores > goalNoise
1169;updateNpc;npc-3;1;1812180055;goalNoise src/sim/npc.js:491;gatherWoodScoreForDecision src/sim/npc.js:1072;updateNpc > measure > measure > (anonyme) > chooseGoal > scoreGoals > adultScores > gatherWoodScoreForDecision > goalNoise
1169;updateNpc;npc-3;1;3643745868;goalNoise src/sim/npc.js:491;adultScores src/sim/npc.js:1120;updateNpc > measure > measure > (anonyme) > chooseGoal > scoreGoals > adultScores > goalNoise
1169;updateNpc;npc-3;1;1180344385;goalNoise src/sim/npc.js:491;adultScores src/sim/npc.js:1121;updateNpc > measure > measure > (anonyme) > chooseGoal > scoreGoals > adultScores > goalNoise
1169;updateNpc;npc-3;1;3011910198;goalNoise src/sim/npc.js:491;adultScores src/sim/npc.js:1125;updateNpc > measure > measure > (anonyme) > chooseGoal > scoreGoals > adultScores > goalNoise
1169;updateNpc;npc-3;1;548508715;goalNoise src/sim/npc.js:491;maintainScore src/sim/npc.js:2813;updateNpc > measure > measure > (anonyme) > chooseGoal > scoreGoals > adultScores > maintainScore > goalNoise
1169;updateNpc;npc-3;1;2380074528;goalNoise src/sim/npc.js:491;adultScores src/sim/npc.js:1135;updateNpc > measure > measure > (anonyme) > chooseGoal > scoreGoals > adultScores > goalNoise
1169;updateNpc;npc-3;1;4211640341;goalNoise src/sim/npc.js:491;exploreScore src/sim/npc.js:2355;updateNpc > measure > measure > (anonyme) > chooseGoal > scoreGoals > adultScores > exploreScore > goalNoise
1169;updateNpc;npc-3;1;1748238858;goalNoise src/sim/npc.js:491;adultScores src/sim/npc.js:1138;updateNpc > measure > measure > (anonyme) > chooseGoal > scoreGoals > adultScores > goalNoise
1169;updateNpc;npc-3;1;3579804671;goalNoise src/sim/npc.js:491;adultScores src/sim/npc.js:1139;updateNpc > measure > measure > (anonyme) > chooseGoal > scoreGoals > adultScores > goalNoise
1169;updateNpc;npc-3;1;1116403188;goalNoise src/sim/npc.js:491;adultScores src/sim/npc.js:1140;updateNpc > measure > measure > (anonyme) > chooseGoal > scoreGoals > adultScores > goalNoise
1169;updateNpc;npc-3;1;2947969001;goalNoise src/sim/npc.js:491;adultScores src/sim/npc.js:1141;updateNpc > measure > measure > (anonyme) > chooseGoal > scoreGoals > adultScores > goalNoise
1169;updateNpc;npc-4;1;484567518;exploreTarget src/ai/memory.js:669;failureCauseForGoal src/sim/npc.js:1696;updateNpc > measure > measure > (anonyme) > chooseGoal > scoreGoals > adultScores > failureTargetBiasMap > failureCauseForGoal > exploreTarget
1169;updateNpc;npc-4;1;2316133331;exploreTarget src/ai/memory.js:670;failureCauseForGoal src/sim/npc.js:1696;updateNpc > measure > measure > (anonyme) > chooseGoal > scoreGoals > adultScores > failureTargetBiasMap > failureCauseForGoal > exploreTarget
1169;updateNpc;npc-4;1;4147699144;goalNoise src/sim/npc.js:491;adultScores src/sim/npc.js:1114;updateNpc > measure > measure > (anonyme) > chooseGoal > scoreGoals > adultScores > goalNoise
1169;updateNpc;npc-4;1;1684297661;goalNoise src/sim/npc.js:491;adultScores src/sim/npc.js:1116;updateNpc > measure > measure > (anonyme) > chooseGoal > scoreGoals > adultScores > goalNoise
1169;updateNpc;npc-4;1;3515863474;goalNoise src/sim/npc.js:491;adultScores src/sim/npc.js:1118;updateNpc > measure > measure > (anonyme) > chooseGoal > scoreGoals > adultScores > goalNoise
1169;updateNpc;npc-4;1;1052461991;goalNoise src/sim/npc.js:491;gatherWoodScoreForDecision src/sim/npc.js:1072;updateNpc > measure > measure > (anonyme) > chooseGoal > scoreGoals > adultScores > gatherWoodScoreForDecision > goalNoise
1169;updateNpc;npc-4;1;2884027804;goalNoise src/sim/npc.js:491;adultScores src/sim/npc.js:1120;updateNpc > measure > measure > (anonyme) > chooseGoal > scoreGoals > adultScores > goalNoise
1169;updateNpc;npc-4;1;420626321;goalNoise src/sim/npc.js:491;adultScores src/sim/npc.js:1121;updateNpc > measure > measure > (anonyme) > chooseGoal > scoreGoals > adultScores > goalNoise
1169;updateNpc;npc-4;1;2252192134;goalNoise src/sim/npc.js:491;adultScores src/sim/npc.js:1125;updateNpc > measure > measure > (anonyme) > chooseGoal > scoreGoals > adultScores > goalNoise
1169;updateNpc;npc-4;1;4083757947;goalNoise src/sim/npc.js:491;maintainScore src/sim/npc.js:2813;updateNpc > measure > measure > (anonyme) > chooseGoal > scoreGoals > adultScores > maintainScore > goalNoise
1169;updateNpc;npc-4;1;1620356464;goalNoise src/sim/npc.js:491;adultScores src/sim/npc.js:1135;updateNpc > measure > measure > (anonyme) > chooseGoal > scoreGoals > adultScores > goalNoise
1169;updateNpc;npc-4;1;3451922277;goalNoise src/sim/npc.js:491;exploreScore src/sim/npc.js:2355;updateNpc > measure > measure > (anonyme) > chooseGoal > scoreGoals > adultScores > exploreScore > goalNoise
1169;updateNpc;npc-4;1;988520794;goalNoise src/sim/npc.js:491;adultScores src/sim/npc.js:1138;updateNpc > measure > measure > (anonyme) > chooseGoal > scoreGoals > adultScores > goalNoise
1169;updateNpc;npc-4;1;2820086607;goalNoise src/sim/npc.js:491;adultScores src/sim/npc.js:1139;updateNpc > measure > measure > (anonyme) > chooseGoal > scoreGoals > adultScores > goalNoise
1169;updateNpc;npc-4;1;356685124;goalNoise src/sim/npc.js:491;adultScores src/sim/npc.js:1140;updateNpc > measure > measure > (anonyme) > chooseGoal > scoreGoals > adultScores > goalNoise
1169;updateNpc;npc-4;1;2188250937;goalNoise src/sim/npc.js:491;adultScores src/sim/npc.js:1141;updateNpc > measure > measure > (anonyme) > chooseGoal > scoreGoals > adultScores > goalNoise
1240;updateNpc;npc-1;0;4019816750;rollCraftMiss src/sim/craftMiss.js:79;progressCraftGather src/sim/npc.js:4579;updateNpc > measure > measure > (anonyme) > act > progressCraftGather > rollCraftMiss
1252;updateNpc;npc-2;1;1556415267;exploreTarget src/ai/memory.js:669;failureCauseForGoal src/sim/npc.js:1696;updateNpc > measure > measure > (anonyme) > chooseGoal > scoreGoals > adultScores > failureTargetBiasMap > failureCauseForGoal > exploreTarget
1252;updateNpc;npc-2;1;3387981080;exploreTarget src/ai/memory.js:670;failureCauseForGoal src/sim/npc.js:1696;updateNpc > measure > measure > (anonyme) > chooseGoal > scoreGoals > adultScores > failureTargetBiasMap > failureCauseForGoal > exploreTarget
1252;updateNpc;npc-2;1;924579597;goalNoise src/sim/npc.js:491;adultScores src/sim/npc.js:1114;updateNpc > measure > measure > (anonyme) > chooseGoal > scoreGoals > adultScores > goalNoise
1252;updateNpc;npc-2;1;2756145410;goalNoise src/sim/npc.js:491;adultScores src/sim/npc.js:1116;updateNpc > measure > measure > (anonyme) > chooseGoal > scoreGoals > adultScores > goalNoise
1252;updateNpc;npc-2;1;292743927;goalNoise src/sim/npc.js:491;adultScores src/sim/npc.js:1118;updateNpc > measure > measure > (anonyme) > chooseGoal > scoreGoals > adultScores > goalNoise
1252;updateNpc;npc-2;1;2124309740;goalNoise src/sim/npc.js:491;gatherWoodScoreForDecision src/sim/npc.js:1072;updateNpc > measure > measure > (anonyme) > chooseGoal > scoreGoals > adultScores > gatherWoodScoreForDecision > goalNoise
1252;updateNpc;npc-2;1;3955875553;goalNoise src/sim/npc.js:491;adultScores src/sim/npc.js:1120;updateNpc > measure > measure > (anonyme) > chooseGoal > scoreGoals > adultScores > goalNoise
1252;updateNpc;npc-2;1;1492474070;goalNoise src/sim/npc.js:491;adultScores src/sim/npc.js:1121;updateNpc > measure > measure > (anonyme) > chooseGoal > scoreGoals > adultScores > goalNoise
1252;updateNpc;npc-2;1;3324039883;goalNoise src/sim/npc.js:491;adultScores src/sim/npc.js:1125;updateNpc > measure > measure > (anonyme) > chooseGoal > scoreGoals > adultScores > goalNoise
1252;updateNpc;npc-2;1;860638400;goalNoise src/sim/npc.js:491;maintainScore src/sim/npc.js:2813;updateNpc > measure > measure > (anonyme) > chooseGoal > scoreGoals > adultScores > maintainScore > goalNoise
1252;updateNpc;npc-2;1;2692204213;goalNoise src/sim/npc.js:491;adultScores src/sim/npc.js:1135;updateNpc > measure > measure > (anonyme) > chooseGoal > scoreGoals > adultScores > goalNoise
1252;updateNpc;npc-2;1;228802730;goalNoise src/sim/npc.js:491;exploreScore src/sim/npc.js:2355;updateNpc > measure > measure > (anonyme) > chooseGoal > scoreGoals > adultScores > exploreScore > goalNoise
1252;updateNpc;npc-2;1;2060368543;goalNoise src/sim/npc.js:491;adultScores src/sim/npc.js:1138;updateNpc > measure > measure > (anonyme) > chooseGoal > scoreGoals > adultScores > goalNoise
1252;updateNpc;npc-2;1;3891934356;goalNoise src/sim/npc.js:491;adultScores src/sim/npc.js:1139;updateNpc > measure > measure > (anonyme) > chooseGoal > scoreGoals > adultScores > goalNoise
1252;updateNpc;npc-2;1;1428532873;goalNoise src/sim/npc.js:491;adultScores src/sim/npc.js:1140;updateNpc > measure > measure > (anonyme) > chooseGoal > scoreGoals > adultScores > goalNoise
1252;updateNpc;npc-2;1;3260098686;goalNoise src/sim/npc.js:491;adultScores src/sim/npc.js:1141;updateNpc > measure > measure > (anonyme) > chooseGoal > scoreGoals > adultScores > goalNoise
1272;updateNpc;npc-1;0;796697203;rollCraftMiss src/sim/craftMiss.js:79;progressCraftGather src/sim/npc.js:4579;updateNpc > measure > measure > (anonyme) > act > progressCraftGather > rollCraftMiss
1302;updateNpc;npc-0;0;2628263016;(anonyme) src/sim/npc.js:893;measure src/debug/profilerCore.js:297;updateNpc > measure > measure > (anonyme)
1302;updateNpc;npc-0;1;164861533;exploreTarget src/ai/memory.js:669;failureCauseForGoal src/sim/npc.js:1696;updateNpc > measure > measure > (anonyme) > chooseGoal > scoreGoals > adultScores > failureTargetBiasMap > failureCauseForGoal > exploreTarget
1302;updateNpc;npc-0;1;1996427346;exploreTarget src/ai/memory.js:670;failureCauseForGoal src/sim/npc.js:1696;updateNpc > measure > measure > (anonyme) > chooseGoal > scoreGoals > adultScores > failureTargetBiasMap > failureCauseForGoal > exploreTarget
1302;updateNpc;npc-0;1;3827993159;exploreTarget src/ai/memory.js:669;failureCauseForGoal src/sim/npc.js:1696;updateNpc > measure > measure > (anonyme) > chooseGoal > scoreGoals > adultScores > failureTargetBiasMap > failureCauseForGoal > exploreTarget
1302;updateNpc;npc-0;1;1364591676;exploreTarget src/ai/memory.js:670;failureCauseForGoal src/sim/npc.js:1696;updateNpc > measure > measure > (anonyme) > chooseGoal > scoreGoals > adultScores > failureTargetBiasMap > failureCauseForGoal > exploreTarget
1302;updateNpc;npc-0;1;3196157489;goalNoise src/sim/npc.js:491;adultScores src/sim/npc.js:1114;updateNpc > measure > measure > (anonyme) > chooseGoal > scoreGoals > adultScores > goalNoise
1302;updateNpc;npc-0;1;732756006;goalNoise src/sim/npc.js:491;adultScores src/sim/npc.js:1116;updateNpc > measure > measure > (anonyme) > chooseGoal > scoreGoals > adultScores > goalNoise
1302;updateNpc;npc-0;1;2564321819;goalNoise src/sim/npc.js:491;adultScores src/sim/npc.js:1118;updateNpc > measure > measure > (anonyme) > chooseGoal > scoreGoals > adultScores > goalNoise
1302;updateNpc;npc-0;1;100920336;goalNoise src/sim/npc.js:491;gatherWoodScoreForDecision src/sim/npc.js:1072;updateNpc > measure > measure > (anonyme) > chooseGoal > scoreGoals > adultScores > gatherWoodScoreForDecision > goalNoise
1302;updateNpc;npc-0;1;1932486149;goalNoise src/sim/npc.js:491;adultScores src/sim/npc.js:1120;updateNpc > measure > measure > (anonyme) > chooseGoal > scoreGoals > adultScores > goalNoise
1302;updateNpc;npc-0;1;3764051962;goalNoise src/sim/npc.js:491;adultScores src/sim/npc.js:1121;updateNpc > measure > measure > (anonyme) > chooseGoal > scoreGoals > adultScores > goalNoise
1302;updateNpc;npc-0;1;1300650479;goalNoise src/sim/npc.js:491;adultScores src/sim/npc.js:1125;updateNpc > measure > measure > (anonyme) > chooseGoal > scoreGoals > adultScores > goalNoise
1302;updateNpc;npc-0;1;3132216292;goalNoise src/sim/npc.js:491;maintainScore src/sim/npc.js:2813;updateNpc > measure > measure > (anonyme) > chooseGoal > scoreGoals > adultScores > maintainScore > goalNoise
1302;updateNpc;npc-0;1;668814809;goalNoise src/sim/npc.js:491;adultScores src/sim/npc.js:1135;updateNpc > measure > measure > (anonyme) > chooseGoal > scoreGoals > adultScores > goalNoise
1302;updateNpc;npc-0;1;2500380622;goalNoise src/sim/npc.js:491;exploreScore src/sim/npc.js:2355;updateNpc > measure > measure > (anonyme) > chooseGoal > scoreGoals > adultScores > exploreScore > goalNoise
1302;updateNpc;npc-0;1;36979139;goalNoise src/sim/npc.js:491;adultScores src/sim/npc.js:1138;updateNpc > measure > measure > (anonyme) > chooseGoal > scoreGoals > adultScores > goalNoise
1302;updateNpc;npc-0;1;1868544952;goalNoise src/sim/npc.js:491;adultScores src/sim/npc.js:1139;updateNpc > measure > measure > (anonyme) > chooseGoal > scoreGoals > adultScores > goalNoise
1302;updateNpc;npc-0;1;3700110765;goalNoise src/sim/npc.js:491;adultScores src/sim/npc.js:1140;updateNpc > measure > measure > (anonyme) > chooseGoal > scoreGoals > adultScores > goalNoise
1302;updateNpc;npc-0;1;1236709282;goalNoise src/sim/npc.js:491;adultScores src/sim/npc.js:1141;updateNpc > measure > measure > (anonyme) > chooseGoal > scoreGoals > adultScores > goalNoise
1302;updateNpc;npc-1;0;3068275095;(anonyme) src/sim/npc.js:893;measure src/debug/profilerCore.js:297;updateNpc > measure > measure > (anonyme)
1302;updateNpc;npc-3;1;604873612;exploreTarget src/ai/memory.js:669;failureCauseForGoal src/sim/npc.js:1696;updateNpc > measure > measure > (anonyme) > chooseGoal > scoreGoals > adultScores > failureTargetBiasMap > failureCauseForGoal > exploreTarget
1302;updateNpc;npc-3;1;2436439425;exploreTarget src/ai/memory.js:670;failureCauseForGoal src/sim/npc.js:1696;updateNpc > measure > measure > (anonyme) > chooseGoal > scoreGoals > adultScores > failureTargetBiasMap > failureCauseForGoal > exploreTarget
1302;updateNpc;npc-3;1;4268005238;goalNoise src/sim/npc.js:491;adultScores src/sim/npc.js:1114;updateNpc > measure > measure > (anonyme) > chooseGoal > scoreGoals > adultScores > goalNoise
1302;updateNpc;npc-3;1;1804603755;goalNoise src/sim/npc.js:491;adultScores src/sim/npc.js:1116;updateNpc > measure > measure > (anonyme) > chooseGoal > scoreGoals > adultScores > goalNoise
1302;updateNpc;npc-3;1;3636169568;goalNoise src/sim/npc.js:491;adultScores src/sim/npc.js:1118;updateNpc > measure > measure > (anonyme) > chooseGoal > scoreGoals > adultScores > goalNoise
1302;updateNpc;npc-3;1;1172768085;goalNoise src/sim/npc.js:491;gatherWoodScoreForDecision src/sim/npc.js:1072;updateNpc > measure > measure > (anonyme) > chooseGoal > scoreGoals > adultScores > gatherWoodScoreForDecision > goalNoise
1302;updateNpc;npc-3;1;3004333898;goalNoise src/sim/npc.js:491;adultScores src/sim/npc.js:1120;updateNpc > measure > measure > (anonyme) > chooseGoal > scoreGoals > adultScores > goalNoise
1302;updateNpc;npc-3;1;540932415;goalNoise src/sim/npc.js:491;adultScores src/sim/npc.js:1121;updateNpc > measure > measure > (anonyme) > chooseGoal > scoreGoals > adultScores > goalNoise
1302;updateNpc;npc-3;1;2372498228;goalNoise src/sim/npc.js:491;adultScores src/sim/npc.js:1125;updateNpc > measure > measure > (anonyme) > chooseGoal > scoreGoals > adultScores > goalNoise
1302;updateNpc;npc-3;1;4204064041;goalNoise src/sim/npc.js:491;maintainScore src/sim/npc.js:2813;updateNpc > measure > measure > (anonyme) > chooseGoal > scoreGoals > adultScores > maintainScore > goalNoise
1302;updateNpc;npc-3;1;1740662558;goalNoise src/sim/npc.js:491;adultScores src/sim/npc.js:1135;updateNpc > measure > measure > (anonyme) > chooseGoal > scoreGoals > adultScores > goalNoise
1302;updateNpc;npc-3;1;3572228371;goalNoise src/sim/npc.js:491;exploreScore src/sim/npc.js:2355;updateNpc > measure > measure > (anonyme) > chooseGoal > scoreGoals > adultScores > exploreScore > goalNoise
1302;updateNpc;npc-3;1;1108826888;goalNoise src/sim/npc.js:491;adultScores src/sim/npc.js:1138;updateNpc > measure > measure > (anonyme) > chooseGoal > scoreGoals > adultScores > goalNoise
1302;updateNpc;npc-3;1;2940392701;goalNoise src/sim/npc.js:491;adultScores src/sim/npc.js:1139;updateNpc > measure > measure > (anonyme) > chooseGoal > scoreGoals > adultScores > goalNoise
1302;updateNpc;npc-3;1;476991218;goalNoise src/sim/npc.js:491;adultScores src/sim/npc.js:1140;updateNpc > measure > measure > (anonyme) > chooseGoal > scoreGoals > adultScores > goalNoise
1302;updateNpc;npc-3;1;2308557031;goalNoise src/sim/npc.js:491;adultScores src/sim/npc.js:1141;updateNpc > measure > measure > (anonyme) > chooseGoal > scoreGoals > adultScores > goalNoise
1302;updateNpc;npc-4;0;4140122844;(anonyme) src/sim/npc.js:893;measure src/debug/profilerCore.js:297;updateNpc > measure > measure > (anonyme)
1385;updateNpc;npc-2;0;1676721361;(anonyme) src/sim/npc.js:893;measure src/debug/profilerCore.js:297;updateNpc > measure > measure > (anonyme)
1385;updateNpc;npc-2;1;3508287174;exploreTarget src/ai/memory.js:669;failureCauseForGoal src/sim/npc.js:1696;updateNpc > measure > measure > (anonyme) > chooseGoal > scoreGoals > adultScores > failureTargetBiasMap > failureCauseForGoal > exploreTarget
1385;updateNpc;npc-2;1;1044885691;exploreTarget src/ai/memory.js:670;failureCauseForGoal src/sim/npc.js:1696;updateNpc > measure > measure > (anonyme) > chooseGoal > scoreGoals > adultScores > failureTargetBiasMap > failureCauseForGoal > exploreTarget
1385;updateNpc;npc-2;1;2876451504;exploreTarget src/ai/memory.js:669;failureCauseForGoal src/sim/npc.js:1696;updateNpc > measure > measure > (anonyme) > chooseGoal > scoreGoals > adultScores > failureTargetBiasMap > failureCauseForGoal > exploreTarget
1385;updateNpc;npc-2;1;413050021;exploreTarget src/ai/memory.js:670;failureCauseForGoal src/sim/npc.js:1696;updateNpc > measure > measure > (anonyme) > chooseGoal > scoreGoals > adultScores > failureTargetBiasMap > failureCauseForGoal > exploreTarget
1385;updateNpc;npc-2;1;2244615834;goalNoise src/sim/npc.js:491;adultScores src/sim/npc.js:1114;updateNpc > measure > measure > (anonyme) > chooseGoal > scoreGoals > adultScores > goalNoise
1385;updateNpc;npc-2;1;4076181647;goalNoise src/sim/npc.js:491;adultScores src/sim/npc.js:1116;updateNpc > measure > measure > (anonyme) > chooseGoal > scoreGoals > adultScores > goalNoise
1385;updateNpc;npc-2;1;1612780164;goalNoise src/sim/npc.js:491;adultScores src/sim/npc.js:1118;updateNpc > measure > measure > (anonyme) > chooseGoal > scoreGoals > adultScores > goalNoise
1385;updateNpc;npc-2;1;3444345977;goalNoise src/sim/npc.js:491;gatherWoodScoreForDecision src/sim/npc.js:1072;updateNpc > measure > measure > (anonyme) > chooseGoal > scoreGoals > adultScores > gatherWoodScoreForDecision > goalNoise
1385;updateNpc;npc-2;1;980944494;goalNoise src/sim/npc.js:491;adultScores src/sim/npc.js:1120;updateNpc > measure > measure > (anonyme) > chooseGoal > scoreGoals > adultScores > goalNoise
1385;updateNpc;npc-2;1;2812510307;goalNoise src/sim/npc.js:491;adultScores src/sim/npc.js:1121;updateNpc > measure > measure > (anonyme) > chooseGoal > scoreGoals > adultScores > goalNoise
1385;updateNpc;npc-2;1;349108824;goalNoise src/sim/npc.js:491;adultScores src/sim/npc.js:1125;updateNpc > measure > measure > (anonyme) > chooseGoal > scoreGoals > adultScores > goalNoise
1385;updateNpc;npc-2;1;2180674637;goalNoise src/sim/npc.js:491;maintainScore src/sim/npc.js:2813;updateNpc > measure > measure > (anonyme) > chooseGoal > scoreGoals > adultScores > maintainScore > goalNoise
1385;updateNpc;npc-2;1;4012240450;goalNoise src/sim/npc.js:491;adultScores src/sim/npc.js:1135;updateNpc > measure > measure > (anonyme) > chooseGoal > scoreGoals > adultScores > goalNoise
1385;updateNpc;npc-2;1;1548838967;goalNoise src/sim/npc.js:491;exploreScore src/sim/npc.js:2355;updateNpc > measure > measure > (anonyme) > chooseGoal > scoreGoals > adultScores > exploreScore > goalNoise
1385;updateNpc;npc-2;1;3380404780;goalNoise src/sim/npc.js:491;adultScores src/sim/npc.js:1138;updateNpc > measure > measure > (anonyme) > chooseGoal > scoreGoals > adultScores > goalNoise
1385;updateNpc;npc-2;1;917003297;goalNoise src/sim/npc.js:491;adultScores src/sim/npc.js:1139;updateNpc > measure > measure > (anonyme) > chooseGoal > scoreGoals > adultScores > goalNoise
1385;updateNpc;npc-2;1;2748569110;goalNoise src/sim/npc.js:491;adultScores src/sim/npc.js:1140;updateNpc > measure > measure > (anonyme) > chooseGoal > scoreGoals > adultScores > goalNoise
1385;updateNpc;npc-2;1;285167627;goalNoise src/sim/npc.js:491;adultScores src/sim/npc.js:1141;updateNpc > measure > measure > (anonyme) > chooseGoal > scoreGoals > adultScores > goalNoise
1435;updateNpc;npc-0;0;2116733440;(anonyme) src/sim/npc.js:893;measure src/debug/profilerCore.js:297;updateNpc > measure > measure > (anonyme)
1435;updateNpc;npc-1;0;3948299253;(anonyme) src/sim/npc.js:893;measure src/debug/profilerCore.js:297;updateNpc > measure > measure > (anonyme)
1486;updateNpc;npc-4;1;1484897770;exploreTarget src/ai/memory.js:669;failureCauseForGoal src/sim/npc.js:1696;updateNpc > measure > measure > (anonyme) > chooseGoal > scoreGoals > adultScores > failureTargetBiasMap > failureCauseForGoal > exploreTarget
1486;updateNpc;npc-4;1;3316463583;exploreTarget src/ai/memory.js:670;failureCauseForGoal src/sim/npc.js:1696;updateNpc > measure > measure > (anonyme) > chooseGoal > scoreGoals > adultScores > failureTargetBiasMap > failureCauseForGoal > exploreTarget
1486;updateNpc;npc-4;1;853062100;exploreTarget src/ai/memory.js:669;failureCauseForGoal src/sim/npc.js:1696;updateNpc > measure > measure > (anonyme) > chooseGoal > scoreGoals > adultScores > failureTargetBiasMap > failureCauseForGoal > exploreTarget
1486;updateNpc;npc-4;1;2684627913;exploreTarget src/ai/memory.js:670;failureCauseForGoal src/sim/npc.js:1696;updateNpc > measure > measure > (anonyme) > chooseGoal > scoreGoals > adultScores > failureTargetBiasMap > failureCauseForGoal > exploreTarget
1486;updateNpc;npc-4;1;221226430;goalNoise src/sim/npc.js:491;adultScores src/sim/npc.js:1114;updateNpc > measure > measure > (anonyme) > chooseGoal > scoreGoals > adultScores > goalNoise
1486;updateNpc;npc-4;1;2052792243;goalNoise src/sim/npc.js:491;adultScores src/sim/npc.js:1116;updateNpc > measure > measure > (anonyme) > chooseGoal > scoreGoals > adultScores > goalNoise
1486;updateNpc;npc-4;1;3884358056;goalNoise src/sim/npc.js:491;adultScores src/sim/npc.js:1118;updateNpc > measure > measure > (anonyme) > chooseGoal > scoreGoals > adultScores > goalNoise
1486;updateNpc;npc-4;1;1420956573;goalNoise src/sim/npc.js:491;gatherWoodScoreForDecision src/sim/npc.js:1072;updateNpc > measure > measure > (anonyme) > chooseGoal > scoreGoals > adultScores > gatherWoodScoreForDecision > goalNoise
1486;updateNpc;npc-4;1;3252522386;goalNoise src/sim/npc.js:491;adultScores src/sim/npc.js:1120;updateNpc > measure > measure > (anonyme) > chooseGoal > scoreGoals > adultScores > goalNoise
1486;updateNpc;npc-4;1;789120903;goalNoise src/sim/npc.js:491;adultScores src/sim/npc.js:1121;updateNpc > measure > measure > (anonyme) > chooseGoal > scoreGoals > adultScores > goalNoise
1486;updateNpc;npc-4;1;2620686716;goalNoise src/sim/npc.js:491;adultScores src/sim/npc.js:1125;updateNpc > measure > measure > (anonyme) > chooseGoal > scoreGoals > adultScores > goalNoise
1486;updateNpc;npc-4;1;157285233;goalNoise src/sim/npc.js:491;maintainScore src/sim/npc.js:2813;updateNpc > measure > measure > (anonyme) > chooseGoal > scoreGoals > adultScores > maintainScore > goalNoise
1486;updateNpc;npc-4;1;1988851046;goalNoise src/sim/npc.js:491;adultScores src/sim/npc.js:1135;updateNpc > measure > measure > (anonyme) > chooseGoal > scoreGoals > adultScores > goalNoise
1486;updateNpc;npc-4;1;3820416859;goalNoise src/sim/npc.js:491;exploreScore src/sim/npc.js:2355;updateNpc > measure > measure > (anonyme) > chooseGoal > scoreGoals > adultScores > exploreScore > goalNoise
1486;updateNpc;npc-4;1;1357015376;goalNoise src/sim/npc.js:491;adultScores src/sim/npc.js:1138;updateNpc > measure > measure > (anonyme) > chooseGoal > scoreGoals > adultScores > goalNoise
1486;updateNpc;npc-4;1;3188581189;goalNoise src/sim/npc.js:491;adultScores src/sim/npc.js:1139;updateNpc > measure > measure > (anonyme) > chooseGoal > scoreGoals > adultScores > goalNoise
1486;updateNpc;npc-4;1;725179706;goalNoise src/sim/npc.js:491;adultScores src/sim/npc.js:1140;updateNpc > measure > measure > (anonyme) > chooseGoal > scoreGoals > adultScores > goalNoise
1486;updateNpc;npc-4;1;2556745519;goalNoise src/sim/npc.js:491;adultScores src/sim/npc.js:1141;updateNpc > measure > measure > (anonyme) > chooseGoal > scoreGoals > adultScores > goalNoise
1494;updateNpc;npc-3;1;93344036;exploreTarget src/ai/memory.js:669;failureCauseForGoal src/sim/npc.js:1696;updateNpc > measure > measure > (anonyme) > chooseGoal > scoreGoals > adultScores > failureTargetBiasMap > failureCauseForGoal > exploreTarget
1494;updateNpc;npc-3;1;1924909849;exploreTarget src/ai/memory.js:670;failureCauseForGoal src/sim/npc.js:1696;updateNpc > measure > measure > (anonyme) > chooseGoal > scoreGoals > adultScores > failureTargetBiasMap > failureCauseForGoal > exploreTarget
1494;updateNpc;npc-3;1;3756475662;goalNoise src/sim/npc.js:491;adultScores src/sim/npc.js:1114;updateNpc > measure > measure > (anonyme) > chooseGoal > scoreGoals > adultScores > goalNoise
1494;updateNpc;npc-3;1;1293074179;goalNoise src/sim/npc.js:491;adultScores src/sim/npc.js:1116;updateNpc > measure > measure > (anonyme) > chooseGoal > scoreGoals > adultScores > goalNoise
1494;updateNpc;npc-3;1;3124639992;goalNoise src/sim/npc.js:491;adultScores src/sim/npc.js:1118;updateNpc > measure > measure > (anonyme) > chooseGoal > scoreGoals > adultScores > goalNoise
1494;updateNpc;npc-3;1;661238509;goalNoise src/sim/npc.js:491;gatherWoodScoreForDecision src/sim/npc.js:1072;updateNpc > measure > measure > (anonyme) > chooseGoal > scoreGoals > adultScores > gatherWoodScoreForDecision > goalNoise
1494;updateNpc;npc-3;1;2492804322;goalNoise src/sim/npc.js:491;adultScores src/sim/npc.js:1120;updateNpc > measure > measure > (anonyme) > chooseGoal > scoreGoals > adultScores > goalNoise
1494;updateNpc;npc-3;1;29402839;goalNoise src/sim/npc.js:491;adultScores src/sim/npc.js:1121;updateNpc > measure > measure > (anonyme) > chooseGoal > scoreGoals > adultScores > goalNoise
1494;updateNpc;npc-3;1;1860968652;goalNoise src/sim/npc.js:491;adultScores src/sim/npc.js:1125;updateNpc > measure > measure > (anonyme) > chooseGoal > scoreGoals > adultScores > goalNoise
1494;updateNpc;npc-3;1;3692534465;goalNoise src/sim/npc.js:491;maintainScore src/sim/npc.js:2813;updateNpc > measure > measure > (anonyme) > chooseGoal > scoreGoals > adultScores > maintainScore > goalNoise
1494;updateNpc;npc-3;1;1229132982;goalNoise src/sim/npc.js:491;adultScores src/sim/npc.js:1135;updateNpc > measure > measure > (anonyme) > chooseGoal > scoreGoals > adultScores > goalNoise
1494;updateNpc;npc-3;1;3060698795;goalNoise src/sim/npc.js:491;exploreScore src/sim/npc.js:2355;updateNpc > measure > measure > (anonyme) > chooseGoal > scoreGoals > adultScores > exploreScore > goalNoise
1494;updateNpc;npc-3;1;597297312;goalNoise src/sim/npc.js:491;adultScores src/sim/npc.js:1138;updateNpc > measure > measure > (anonyme) > chooseGoal > scoreGoals > adultScores > goalNoise
1494;updateNpc;npc-3;1;2428863125;goalNoise src/sim/npc.js:491;adultScores src/sim/npc.js:1139;updateNpc > measure > measure > (anonyme) > chooseGoal > scoreGoals > adultScores > goalNoise
1494;updateNpc;npc-3;1;4260428938;goalNoise src/sim/npc.js:491;adultScores src/sim/npc.js:1140;updateNpc > measure > measure > (anonyme) > chooseGoal > scoreGoals > adultScores > goalNoise
1494;updateNpc;npc-3;1;1797027455;goalNoise src/sim/npc.js:491;adultScores src/sim/npc.js:1141;updateNpc > measure > measure > (anonyme) > chooseGoal > scoreGoals > adultScores > goalNoise
1530;updateNpc;npc-2;0;3628593268;(anonyme) src/sim/npc.js:893;measure src/debug/profilerCore.js:297;updateNpc > measure > measure > (anonyme)
1568;updateNpc;npc-0;0;1165191785;(anonyme) src/sim/npc.js:893;measure src/debug/profilerCore.js:297;updateNpc > measure > measure > (anonyme)
1568;updateNpc;npc-0;1;2996757598;exploreTarget src/ai/memory.js:669;failureCauseForGoal src/sim/npc.js:1696;updateNpc > measure > measure > (anonyme) > chooseGoal > scoreGoals > adultScores > failureTargetBiasMap > failureCauseForGoal > exploreTarget
1568;updateNpc;npc-0;1;533356115;exploreTarget src/ai/memory.js:670;failureCauseForGoal src/sim/npc.js:1696;updateNpc > measure > measure > (anonyme) > chooseGoal > scoreGoals > adultScores > failureTargetBiasMap > failureCauseForGoal > exploreTarget
1568;updateNpc;npc-0;1;2364921928;goalNoise src/sim/npc.js:491;adultScores src/sim/npc.js:1114;updateNpc > measure > measure > (anonyme) > chooseGoal > scoreGoals > adultScores > goalNoise
1568;updateNpc;npc-0;1;4196487741;goalNoise src/sim/npc.js:491;adultScores src/sim/npc.js:1116;updateNpc > measure > measure > (anonyme) > chooseGoal > scoreGoals > adultScores > goalNoise
1568;updateNpc;npc-0;1;1733086258;goalNoise src/sim/npc.js:491;adultScores src/sim/npc.js:1118;updateNpc > measure > measure > (anonyme) > chooseGoal > scoreGoals > adultScores > goalNoise
1568;updateNpc;npc-0;1;3564652071;goalNoise src/sim/npc.js:491;gatherWoodScoreForDecision src/sim/npc.js:1072;updateNpc > measure > measure > (anonyme) > chooseGoal > scoreGoals > adultScores > gatherWoodScoreForDecision > goalNoise
1568;updateNpc;npc-0;1;1101250588;goalNoise src/sim/npc.js:491;adultScores src/sim/npc.js:1120;updateNpc > measure > measure > (anonyme) > chooseGoal > scoreGoals > adultScores > goalNoise
1568;updateNpc;npc-0;1;2932816401;goalNoise src/sim/npc.js:491;adultScores src/sim/npc.js:1121;updateNpc > measure > measure > (anonyme) > chooseGoal > scoreGoals > adultScores > goalNoise
1568;updateNpc;npc-0;1;469414918;goalNoise src/sim/npc.js:491;adultScores src/sim/npc.js:1125;updateNpc > measure > measure > (anonyme) > chooseGoal > scoreGoals > adultScores > goalNoise
1568;updateNpc;npc-0;1;2300980731;goalNoise src/sim/npc.js:491;maintainScore src/sim/npc.js:2813;updateNpc > measure > measure > (anonyme) > chooseGoal > scoreGoals > adultScores > maintainScore > goalNoise
1568;updateNpc;npc-0;1;4132546544;goalNoise src/sim/npc.js:491;adultScores src/sim/npc.js:1135;updateNpc > measure > measure > (anonyme) > chooseGoal > scoreGoals > adultScores > goalNoise
1568;updateNpc;npc-0;1;1669145061;goalNoise src/sim/npc.js:491;exploreScore src/sim/npc.js:2355;updateNpc > measure > measure > (anonyme) > chooseGoal > scoreGoals > adultScores > exploreScore > goalNoise
1568;updateNpc;npc-0;1;3500710874;goalNoise src/sim/npc.js:491;adultScores src/sim/npc.js:1138;updateNpc > measure > measure > (anonyme) > chooseGoal > scoreGoals > adultScores > goalNoise
1568;updateNpc;npc-0;1;1037309391;goalNoise src/sim/npc.js:491;adultScores src/sim/npc.js:1139;updateNpc > measure > measure > (anonyme) > chooseGoal > scoreGoals > adultScores > goalNoise
1568;updateNpc;npc-0;1;2868875204;goalNoise src/sim/npc.js:491;adultScores src/sim/npc.js:1140;updateNpc > measure > measure > (anonyme) > chooseGoal > scoreGoals > adultScores > goalNoise
1568;updateNpc;npc-0;1;405473721;goalNoise src/sim/npc.js:491;adultScores src/sim/npc.js:1141;updateNpc > measure > measure > (anonyme) > chooseGoal > scoreGoals > adultScores > goalNoise
1568;updateNpc;npc-1;0;2237039534;(anonyme) src/sim/npc.js:893;measure src/debug/profilerCore.js:297;updateNpc > measure > measure > (anonyme)
1568;updateNpc;npc-1;1;4068605347;exploreTarget src/ai/memory.js:669;failureCauseForGoal src/sim/npc.js:1696;updateNpc > measure > measure > (anonyme) > chooseGoal > scoreGoals > adultScores > failureTargetBiasMap > failureCauseForGoal > exploreTarget
1568;updateNpc;npc-1;1;1605203864;exploreTarget src/ai/memory.js:670;failureCauseForGoal src/sim/npc.js:1696;updateNpc > measure > measure > (anonyme) > chooseGoal > scoreGoals > adultScores > failureTargetBiasMap > failureCauseForGoal > exploreTarget
1568;updateNpc;npc-1;1;3436769677;goalNoise src/sim/npc.js:491;adultScores src/sim/npc.js:1114;updateNpc > measure > measure > (anonyme) > chooseGoal > scoreGoals > adultScores > goalNoise
1568;updateNpc;npc-1;1;973368194;goalNoise src/sim/npc.js:491;adultScores src/sim/npc.js:1116;updateNpc > measure > measure > (anonyme) > chooseGoal > scoreGoals > adultScores > goalNoise
1568;updateNpc;npc-1;1;2804934007;goalNoise src/sim/npc.js:491;adultScores src/sim/npc.js:1118;updateNpc > measure > measure > (anonyme) > chooseGoal > scoreGoals > adultScores > goalNoise
1568;updateNpc;npc-1;1;341532524;goalNoise src/sim/npc.js:491;gatherWoodScoreForDecision src/sim/npc.js:1072;updateNpc > measure > measure > (anonyme) > chooseGoal > scoreGoals > adultScores > gatherWoodScoreForDecision > goalNoise
1568;updateNpc;npc-1;1;2173098337;goalNoise src/sim/npc.js:491;adultScores src/sim/npc.js:1120;updateNpc > measure > measure > (anonyme) > chooseGoal > scoreGoals > adultScores > goalNoise
1568;updateNpc;npc-1;1;4004664150;goalNoise src/sim/npc.js:491;adultScores src/sim/npc.js:1121;updateNpc > measure > measure > (anonyme) > chooseGoal > scoreGoals > adultScores > goalNoise
1568;updateNpc;npc-1;1;1541262667;goalNoise src/sim/npc.js:491;adultScores src/sim/npc.js:1125;updateNpc > measure > measure > (anonyme) > chooseGoal > scoreGoals > adultScores > goalNoise
1568;updateNpc;npc-1;1;3372828480;goalNoise src/sim/npc.js:491;maintainScore src/sim/npc.js:2813;updateNpc > measure > measure > (anonyme) > chooseGoal > scoreGoals > adultScores > maintainScore > goalNoise
1568;updateNpc;npc-1;1;909426997;goalNoise src/sim/npc.js:491;adultScores src/sim/npc.js:1135;updateNpc > measure > measure > (anonyme) > chooseGoal > scoreGoals > adultScores > goalNoise
1568;updateNpc;npc-1;1;2740992810;goalNoise src/sim/npc.js:491;exploreScore src/sim/npc.js:2355;updateNpc > measure > measure > (anonyme) > chooseGoal > scoreGoals > adultScores > exploreScore > goalNoise
1568;updateNpc;npc-1;1;277591327;goalNoise src/sim/npc.js:491;adultScores src/sim/npc.js:1138;updateNpc > measure > measure > (anonyme) > chooseGoal > scoreGoals > adultScores > goalNoise
1568;updateNpc;npc-1;1;2109157140;goalNoise src/sim/npc.js:491;adultScores src/sim/npc.js:1139;updateNpc > measure > measure > (anonyme) > chooseGoal > scoreGoals > adultScores > goalNoise
1568;updateNpc;npc-1;1;3940722953;goalNoise src/sim/npc.js:491;adultScores src/sim/npc.js:1140;updateNpc > measure > measure > (anonyme) > chooseGoal > scoreGoals > adultScores > goalNoise
1568;updateNpc;npc-1;1;1477321470;goalNoise src/sim/npc.js:491;adultScores src/sim/npc.js:1141;updateNpc > measure > measure > (anonyme) > chooseGoal > scoreGoals > adultScores > goalNoise
1632;updateNpc;npc-4;1;3308887283;exploreTarget src/ai/memory.js:669;failureCauseForGoal src/sim/npc.js:1696;updateNpc > measure > measure > (anonyme) > chooseGoal > scoreGoals > adultScores > failureTargetBiasMap > failureCauseForGoal > exploreTarget
1632;updateNpc;npc-4;1;845485800;exploreTarget src/ai/memory.js:670;failureCauseForGoal src/sim/npc.js:1696;updateNpc > measure > measure > (anonyme) > chooseGoal > scoreGoals > adultScores > failureTargetBiasMap > failureCauseForGoal > exploreTarget
1632;updateNpc;npc-4;1;2677051613;goalNoise src/sim/npc.js:491;adultScores src/sim/npc.js:1114;updateNpc > measure > measure > (anonyme) > chooseGoal > scoreGoals > adultScores > goalNoise
1632;updateNpc;npc-4;1;213650130;goalNoise src/sim/npc.js:491;adultScores src/sim/npc.js:1116;updateNpc > measure > measure > (anonyme) > chooseGoal > scoreGoals > adultScores > goalNoise
1632;updateNpc;npc-4;1;2045215943;goalNoise src/sim/npc.js:491;adultScores src/sim/npc.js:1118;updateNpc > measure > measure > (anonyme) > chooseGoal > scoreGoals > adultScores > goalNoise
1632;updateNpc;npc-4;1;3876781756;goalNoise src/sim/npc.js:491;gatherWoodScoreForDecision src/sim/npc.js:1072;updateNpc > measure > measure > (anonyme) > chooseGoal > scoreGoals > adultScores > gatherWoodScoreForDecision > goalNoise
1632;updateNpc;npc-4;1;1413380273;goalNoise src/sim/npc.js:491;adultScores src/sim/npc.js:1120;updateNpc > measure > measure > (anonyme) > chooseGoal > scoreGoals > adultScores > goalNoise
1632;updateNpc;npc-4;1;3244946086;goalNoise src/sim/npc.js:491;adultScores src/sim/npc.js:1121;updateNpc > measure > measure > (anonyme) > chooseGoal > scoreGoals > adultScores > goalNoise
1632;updateNpc;npc-4;1;781544603;goalNoise src/sim/npc.js:491;adultScores src/sim/npc.js:1125;updateNpc > measure > measure > (anonyme) > chooseGoal > scoreGoals > adultScores > goalNoise
1632;updateNpc;npc-4;1;2613110416;goalNoise src/sim/npc.js:491;maintainScore src/sim/npc.js:2813;updateNpc > measure > measure > (anonyme) > chooseGoal > scoreGoals > adultScores > maintainScore > goalNoise
1632;updateNpc;npc-4;1;149708933;goalNoise src/sim/npc.js:491;adultScores src/sim/npc.js:1135;updateNpc > measure > measure > (anonyme) > chooseGoal > scoreGoals > adultScores > goalNoise
1632;updateNpc;npc-4;1;1981274746;goalNoise src/sim/npc.js:491;exploreScore src/sim/npc.js:2355;updateNpc > measure > measure > (anonyme) > chooseGoal > scoreGoals > adultScores > exploreScore > goalNoise
1632;updateNpc;npc-4;1;3812840559;goalNoise src/sim/npc.js:491;adultScores src/sim/npc.js:1138;updateNpc > measure > measure > (anonyme) > chooseGoal > scoreGoals > adultScores > goalNoise
1632;updateNpc;npc-4;1;1349439076;goalNoise src/sim/npc.js:491;adultScores src/sim/npc.js:1139;updateNpc > measure > measure > (anonyme) > chooseGoal > scoreGoals > adultScores > goalNoise
1632;updateNpc;npc-4;1;3181004889;goalNoise src/sim/npc.js:491;adultScores src/sim/npc.js:1140;updateNpc > measure > measure > (anonyme) > chooseGoal > scoreGoals > adultScores > goalNoise
1632;updateNpc;npc-4;1;717603406;goalNoise src/sim/npc.js:491;adultScores src/sim/npc.js:1141;updateNpc > measure > measure > (anonyme) > chooseGoal > scoreGoals > adultScores > goalNoise
1644;updateNpc;npc-1;0;2549169219;rollCraftMiss src/sim/craftMiss.js:79;progressCraftGather src/sim/npc.js:4579;updateNpc > measure > measure > (anonyme) > act > progressCraftGather > rollCraftMiss
1670;updateNpc;npc-0;0;85767736;(anonyme) src/sim/npc.js:893;measure src/debug/profilerCore.js:297;updateNpc > measure > measure > (anonyme)
1670;updateNpc;npc-0;1;1917333549;exploreTarget src/ai/memory.js:669;failureCauseForGoal src/sim/npc.js:1696;updateNpc > measure > measure > (anonyme) > chooseGoal > scoreGoals > adultScores > failureTargetBiasMap > failureCauseForGoal > exploreTarget
1670;updateNpc;npc-0;1;3748899362;exploreTarget src/ai/memory.js:670;failureCauseForGoal src/sim/npc.js:1696;updateNpc > measure > measure > (anonyme) > chooseGoal > scoreGoals > adultScores > failureTargetBiasMap > failureCauseForGoal > exploreTarget
1670;updateNpc;npc-0;1;1285497879;goalNoise src/sim/npc.js:491;adultScores src/sim/npc.js:1114;updateNpc > measure > measure > (anonyme) > chooseGoal > scoreGoals > adultScores > goalNoise
1670;updateNpc;npc-0;1;3117063692;goalNoise src/sim/npc.js:491;adultScores src/sim/npc.js:1116;updateNpc > measure > measure > (anonyme) > chooseGoal > scoreGoals > adultScores > goalNoise
1670;updateNpc;npc-0;1;653662209;goalNoise src/sim/npc.js:491;adultScores src/sim/npc.js:1118;updateNpc > measure > measure > (anonyme) > chooseGoal > scoreGoals > adultScores > goalNoise
1670;updateNpc;npc-0;1;2485228022;goalNoise src/sim/npc.js:491;gatherWoodScoreForDecision src/sim/npc.js:1072;updateNpc > measure > measure > (anonyme) > chooseGoal > scoreGoals > adultScores > gatherWoodScoreForDecision > goalNoise
1670;updateNpc;npc-0;1;21826539;goalNoise src/sim/npc.js:491;adultScores src/sim/npc.js:1120;updateNpc > measure > measure > (anonyme) > chooseGoal > scoreGoals > adultScores > goalNoise
1670;updateNpc;npc-0;1;1853392352;goalNoise src/sim/npc.js:491;adultScores src/sim/npc.js:1121;updateNpc > measure > measure > (anonyme) > chooseGoal > scoreGoals > adultScores > goalNoise
1670;updateNpc;npc-0;1;3684958165;goalNoise src/sim/npc.js:491;adultScores src/sim/npc.js:1125;updateNpc > measure > measure > (anonyme) > chooseGoal > scoreGoals > adultScores > goalNoise
1670;updateNpc;npc-0;1;1221556682;goalNoise src/sim/npc.js:491;maintainScore src/sim/npc.js:2813;updateNpc > measure > measure > (anonyme) > chooseGoal > scoreGoals > adultScores > maintainScore > goalNoise
1670;updateNpc;npc-0;1;3053122495;goalNoise src/sim/npc.js:491;adultScores src/sim/npc.js:1135;updateNpc > measure > measure > (anonyme) > chooseGoal > scoreGoals > adultScores > goalNoise
1670;updateNpc;npc-0;1;589721012;goalNoise src/sim/npc.js:491;exploreScore src/sim/npc.js:2355;updateNpc > measure > measure > (anonyme) > chooseGoal > scoreGoals > adultScores > exploreScore > goalNoise
1670;updateNpc;npc-0;1;2421286825;goalNoise src/sim/npc.js:491;adultScores src/sim/npc.js:1138;updateNpc > measure > measure > (anonyme) > chooseGoal > scoreGoals > adultScores > goalNoise
1670;updateNpc;npc-0;1;4252852638;goalNoise src/sim/npc.js:491;adultScores src/sim/npc.js:1139;updateNpc > measure > measure > (anonyme) > chooseGoal > scoreGoals > adultScores > goalNoise
1670;updateNpc;npc-0;1;1789451155;goalNoise src/sim/npc.js:491;adultScores src/sim/npc.js:1140;updateNpc > measure > measure > (anonyme) > chooseGoal > scoreGoals > adultScores > goalNoise
1670;updateNpc;npc-0;1;3621016968;goalNoise src/sim/npc.js:491;adultScores src/sim/npc.js:1141;updateNpc > measure > measure > (anonyme) > chooseGoal > scoreGoals > adultScores > goalNoise
1670;updateNpc;npc-1;0;1157615485;(anonyme) src/sim/npc.js:893;measure src/debug/profilerCore.js:297;updateNpc > measure > measure > (anonyme)
1670;updateNpc;npc-1;1;2989181298;exploreTarget src/ai/memory.js:669;failureCauseForGoal src/sim/npc.js:1696;updateNpc > measure > measure > (anonyme) > chooseGoal > scoreGoals > adultScores > failureTargetBiasMap > failureCauseForGoal > exploreTarget
1670;updateNpc;npc-1;1;525779815;exploreTarget src/ai/memory.js:670;failureCauseForGoal src/sim/npc.js:1696;updateNpc > measure > measure > (anonyme) > chooseGoal > scoreGoals > adultScores > failureTargetBiasMap > failureCauseForGoal > exploreTarget
1670;updateNpc;npc-1;1;2357345628;goalNoise src/sim/npc.js:491;adultScores src/sim/npc.js:1114;updateNpc > measure > measure > (anonyme) > chooseGoal > scoreGoals > adultScores > goalNoise
1670;updateNpc;npc-1;1;4188911441;goalNoise src/sim/npc.js:491;adultScores src/sim/npc.js:1116;updateNpc > measure > measure > (anonyme) > chooseGoal > scoreGoals > adultScores > goalNoise
1670;updateNpc;npc-1;1;1725509958;goalNoise src/sim/npc.js:491;adultScores src/sim/npc.js:1118;updateNpc > measure > measure > (anonyme) > chooseGoal > scoreGoals > adultScores > goalNoise
1670;updateNpc;npc-1;1;3557075771;goalNoise src/sim/npc.js:491;gatherWoodScoreForDecision src/sim/npc.js:1072;updateNpc > measure > measure > (anonyme) > chooseGoal > scoreGoals > adultScores > gatherWoodScoreForDecision > goalNoise
1670;updateNpc;npc-1;1;1093674288;goalNoise src/sim/npc.js:491;adultScores src/sim/npc.js:1120;updateNpc > measure > measure > (anonyme) > chooseGoal > scoreGoals > adultScores > goalNoise
1670;updateNpc;npc-1;1;2925240101;goalNoise src/sim/npc.js:491;adultScores src/sim/npc.js:1121;updateNpc > measure > measure > (anonyme) > chooseGoal > scoreGoals > adultScores > goalNoise
1670;updateNpc;npc-1;1;461838618;goalNoise src/sim/npc.js:491;adultScores src/sim/npc.js:1125;updateNpc > measure > measure > (anonyme) > chooseGoal > scoreGoals > adultScores > goalNoise
1670;updateNpc;npc-1;1;2293404431;goalNoise src/sim/npc.js:491;maintainScore src/sim/npc.js:2813;updateNpc > measure > measure > (anonyme) > chooseGoal > scoreGoals > adultScores > maintainScore > goalNoise
1670;updateNpc;npc-1;1;4124970244;goalNoise src/sim/npc.js:491;adultScores src/sim/npc.js:1135;updateNpc > measure > measure > (anonyme) > chooseGoal > scoreGoals > adultScores > goalNoise
1670;updateNpc;npc-1;1;1661568761;goalNoise src/sim/npc.js:491;exploreScore src/sim/npc.js:2355;updateNpc > measure > measure > (anonyme) > chooseGoal > scoreGoals > adultScores > exploreScore > goalNoise
1670;updateNpc;npc-1;1;3493134574;goalNoise src/sim/npc.js:491;adultScores src/sim/npc.js:1138;updateNpc > measure > measure > (anonyme) > chooseGoal > scoreGoals > adultScores > goalNoise
1670;updateNpc;npc-1;1;1029733091;goalNoise src/sim/npc.js:491;adultScores src/sim/npc.js:1139;updateNpc > measure > measure > (anonyme) > chooseGoal > scoreGoals > adultScores > goalNoise
1670;updateNpc;npc-1;1;2861298904;goalNoise src/sim/npc.js:491;adultScores src/sim/npc.js:1140;updateNpc > measure > measure > (anonyme) > chooseGoal > scoreGoals > adultScores > goalNoise
1670;updateNpc;npc-1;1;397897421;goalNoise src/sim/npc.js:491;adultScores src/sim/npc.js:1141;updateNpc > measure > measure > (anonyme) > chooseGoal > scoreGoals > adultScores > goalNoise
1677;updateNpc;npc-3;1;2229463234;exploreTarget src/ai/memory.js:669;failureCauseForGoal src/sim/npc.js:1696;updateNpc > measure > measure > (anonyme) > chooseGoal > scoreGoals > adultScores > failureTargetBiasMap > failureCauseForGoal > exploreTarget
1677;updateNpc;npc-3;1;4061029047;exploreTarget src/ai/memory.js:670;failureCauseForGoal src/sim/npc.js:1696;updateNpc > measure > measure > (anonyme) > chooseGoal > scoreGoals > adultScores > failureTargetBiasMap > failureCauseForGoal > exploreTarget
1677;updateNpc;npc-3;1;1597627564;goalNoise src/sim/npc.js:491;adultScores src/sim/npc.js:1114;updateNpc > measure > measure > (anonyme) > chooseGoal > scoreGoals > adultScores > goalNoise
1677;updateNpc;npc-3;1;3429193377;goalNoise src/sim/npc.js:491;adultScores src/sim/npc.js:1116;updateNpc > measure > measure > (anonyme) > chooseGoal > scoreGoals > adultScores > goalNoise
1677;updateNpc;npc-3;1;965791894;goalNoise src/sim/npc.js:491;adultScores src/sim/npc.js:1118;updateNpc > measure > measure > (anonyme) > chooseGoal > scoreGoals > adultScores > goalNoise
1677;updateNpc;npc-3;1;2797357707;goalNoise src/sim/npc.js:491;gatherWoodScoreForDecision src/sim/npc.js:1072;updateNpc > measure > measure > (anonyme) > chooseGoal > scoreGoals > adultScores > gatherWoodScoreForDecision > goalNoise
1677;updateNpc;npc-3;1;333956224;goalNoise src/sim/npc.js:491;adultScores src/sim/npc.js:1120;updateNpc > measure > measure > (anonyme) > chooseGoal > scoreGoals > adultScores > goalNoise
1677;updateNpc;npc-3;1;2165522037;goalNoise src/sim/npc.js:491;adultScores src/sim/npc.js:1121;updateNpc > measure > measure > (anonyme) > chooseGoal > scoreGoals > adultScores > goalNoise
1677;updateNpc;npc-3;1;3997087850;goalNoise src/sim/npc.js:491;adultScores src/sim/npc.js:1125;updateNpc > measure > measure > (anonyme) > chooseGoal > scoreGoals > adultScores > goalNoise
1677;updateNpc;npc-3;1;1533686367;goalNoise src/sim/npc.js:491;maintainScore src/sim/npc.js:2813;updateNpc > measure > measure > (anonyme) > chooseGoal > scoreGoals > adultScores > maintainScore > goalNoise
1677;updateNpc;npc-3;1;3365252180;goalNoise src/sim/npc.js:491;adultScores src/sim/npc.js:1135;updateNpc > measure > measure > (anonyme) > chooseGoal > scoreGoals > adultScores > goalNoise
1677;updateNpc;npc-3;1;901850697;goalNoise src/sim/npc.js:491;exploreScore src/sim/npc.js:2355;updateNpc > measure > measure > (anonyme) > chooseGoal > scoreGoals > adultScores > exploreScore > goalNoise
1677;updateNpc;npc-3;1;2733416510;goalNoise src/sim/npc.js:491;adultScores src/sim/npc.js:1138;updateNpc > measure > measure > (anonyme) > chooseGoal > scoreGoals > adultScores > goalNoise
1677;updateNpc;npc-3;1;270015027;goalNoise src/sim/npc.js:491;adultScores src/sim/npc.js:1139;updateNpc > measure > measure > (anonyme) > chooseGoal > scoreGoals > adultScores > goalNoise
1677;updateNpc;npc-3;1;2101580840;goalNoise src/sim/npc.js:491;adultScores src/sim/npc.js:1140;updateNpc > measure > measure > (anonyme) > chooseGoal > scoreGoals > adultScores > goalNoise
1677;updateNpc;npc-3;1;3933146653;goalNoise src/sim/npc.js:491;adultScores src/sim/npc.js:1141;updateNpc > measure > measure > (anonyme) > chooseGoal > scoreGoals > adultScores > goalNoise
1688;updateNpc;npc-1;0;1469745170;rollCraftMiss src/sim/craftMiss.js:79;progressCraftGather src/sim/npc.js:4579;updateNpc > measure > measure > (anonyme) > act > progressCraftGather > rollCraftMiss
1700;updateNpc;npc-4;1;3301310983;exploreTarget src/ai/memory.js:669;failureCauseForGoal src/sim/npc.js:1696;updateNpc > measure > measure > (anonyme) > chooseGoal > scoreGoals > adultScores > failureTargetBiasMap > failureCauseForGoal > exploreTarget
1700;updateNpc;npc-4;1;837909500;exploreTarget src/ai/memory.js:670;failureCauseForGoal src/sim/npc.js:1696;updateNpc > measure > measure > (anonyme) > chooseGoal > scoreGoals > adultScores > failureTargetBiasMap > failureCauseForGoal > exploreTarget
1700;updateNpc;npc-4;1;2669475313;goalNoise src/sim/npc.js:491;adultScores src/sim/npc.js:1114;updateNpc > measure > measure > (anonyme) > chooseGoal > scoreGoals > adultScores > goalNoise
1700;updateNpc;npc-4;1;206073830;goalNoise src/sim/npc.js:491;adultScores src/sim/npc.js:1116;updateNpc > measure > measure > (anonyme) > chooseGoal > scoreGoals > adultScores > goalNoise
1700;updateNpc;npc-4;1;2037639643;goalNoise src/sim/npc.js:491;adultScores src/sim/npc.js:1118;updateNpc > measure > measure > (anonyme) > chooseGoal > scoreGoals > adultScores > goalNoise
1700;updateNpc;npc-4;1;3869205456;goalNoise src/sim/npc.js:491;gatherWoodScoreForDecision src/sim/npc.js:1072;updateNpc > measure > measure > (anonyme) > chooseGoal > scoreGoals > adultScores > gatherWoodScoreForDecision > goalNoise
1700;updateNpc;npc-4;1;1405803973;goalNoise src/sim/npc.js:491;adultScores src/sim/npc.js:1120;updateNpc > measure > measure > (anonyme) > chooseGoal > scoreGoals > adultScores > goalNoise
1700;updateNpc;npc-4;1;3237369786;goalNoise src/sim/npc.js:491;adultScores src/sim/npc.js:1121;updateNpc > measure > measure > (anonyme) > chooseGoal > scoreGoals > adultScores > goalNoise
1700;updateNpc;npc-4;1;773968303;goalNoise src/sim/npc.js:491;adultScores src/sim/npc.js:1125;updateNpc > measure > measure > (anonyme) > chooseGoal > scoreGoals > adultScores > goalNoise
1700;updateNpc;npc-4;1;2605534116;goalNoise src/sim/npc.js:491;maintainScore src/sim/npc.js:2813;updateNpc > measure > measure > (anonyme) > chooseGoal > scoreGoals > adultScores > maintainScore > goalNoise
1700;updateNpc;npc-4;1;142132633;goalNoise src/sim/npc.js:491;adultScores src/sim/npc.js:1135;updateNpc > measure > measure > (anonyme) > chooseGoal > scoreGoals > adultScores > goalNoise
1700;updateNpc;npc-4;1;1973698446;goalNoise src/sim/npc.js:491;exploreScore src/sim/npc.js:2355;updateNpc > measure > measure > (anonyme) > chooseGoal > scoreGoals > adultScores > exploreScore > goalNoise
1700;updateNpc;npc-4;1;3805264259;goalNoise src/sim/npc.js:491;adultScores src/sim/npc.js:1138;updateNpc > measure > measure > (anonyme) > chooseGoal > scoreGoals > adultScores > goalNoise
1700;updateNpc;npc-4;1;1341862776;goalNoise src/sim/npc.js:491;adultScores src/sim/npc.js:1139;updateNpc > measure > measure > (anonyme) > chooseGoal > scoreGoals > adultScores > goalNoise
1700;updateNpc;npc-4;1;3173428589;goalNoise src/sim/npc.js:491;adultScores src/sim/npc.js:1140;updateNpc > measure > measure > (anonyme) > chooseGoal > scoreGoals > adultScores > goalNoise
1700;updateNpc;npc-4;1;710027106;goalNoise src/sim/npc.js:491;adultScores src/sim/npc.js:1141;updateNpc > measure > measure > (anonyme) > chooseGoal > scoreGoals > adultScores > goalNoise
1713;updateNpc;npc-2;0;2541592919;(anonyme) src/sim/npc.js:893;measure src/debug/profilerCore.js:297;updateNpc > measure > measure > (anonyme)
1713;updateNpc;npc-2;1;78191436;exploreTarget src/ai/memory.js:669;failureCauseForGoal src/sim/npc.js:1696;updateNpc > measure > measure > (anonyme) > chooseGoal > scoreGoals > adultScores > failureTargetBiasMap > failureCauseForGoal > exploreTarget
1713;updateNpc;npc-2;1;1909757249;exploreTarget src/ai/memory.js:670;failureCauseForGoal src/sim/npc.js:1696;updateNpc > measure > measure > (anonyme) > chooseGoal > scoreGoals > adultScores > failureTargetBiasMap > failureCauseForGoal > exploreTarget
1713;updateNpc;npc-2;1;3741323062;goalNoise src/sim/npc.js:491;adultScores src/sim/npc.js:1114;updateNpc > measure > measure > (anonyme) > chooseGoal > scoreGoals > adultScores > goalNoise
1713;updateNpc;npc-2;1;1277921579;goalNoise src/sim/npc.js:491;adultScores src/sim/npc.js:1116;updateNpc > measure > measure > (anonyme) > chooseGoal > scoreGoals > adultScores > goalNoise
1713;updateNpc;npc-2;1;3109487392;goalNoise src/sim/npc.js:491;adultScores src/sim/npc.js:1118;updateNpc > measure > measure > (anonyme) > chooseGoal > scoreGoals > adultScores > goalNoise
1713;updateNpc;npc-2;1;646085909;goalNoise src/sim/npc.js:491;gatherWoodScoreForDecision src/sim/npc.js:1072;updateNpc > measure > measure > (anonyme) > chooseGoal > scoreGoals > adultScores > gatherWoodScoreForDecision > goalNoise
1713;updateNpc;npc-2;1;2477651722;goalNoise src/sim/npc.js:491;adultScores src/sim/npc.js:1120;updateNpc > measure > measure > (anonyme) > chooseGoal > scoreGoals > adultScores > goalNoise
1713;updateNpc;npc-2;1;14250239;goalNoise src/sim/npc.js:491;adultScores src/sim/npc.js:1121;updateNpc > measure > measure > (anonyme) > chooseGoal > scoreGoals > adultScores > goalNoise
1713;updateNpc;npc-2;1;1845816052;goalNoise src/sim/npc.js:491;adultScores src/sim/npc.js:1125;updateNpc > measure > measure > (anonyme) > chooseGoal > scoreGoals > adultScores > goalNoise
1713;updateNpc;npc-2;1;3677381865;goalNoise src/sim/npc.js:491;maintainScore src/sim/npc.js:2813;updateNpc > measure > measure > (anonyme) > chooseGoal > scoreGoals > adultScores > maintainScore > goalNoise
1713;updateNpc;npc-2;1;1213980382;goalNoise src/sim/npc.js:491;adultScores src/sim/npc.js:1135;updateNpc > measure > measure > (anonyme) > chooseGoal > scoreGoals > adultScores > goalNoise
1713;updateNpc;npc-2;1;3045546195;goalNoise src/sim/npc.js:491;exploreScore src/sim/npc.js:2355;updateNpc > measure > measure > (anonyme) > chooseGoal > scoreGoals > adultScores > exploreScore > goalNoise
1713;updateNpc;npc-2;1;582144712;goalNoise src/sim/npc.js:491;adultScores src/sim/npc.js:1138;updateNpc > measure > measure > (anonyme) > chooseGoal > scoreGoals > adultScores > goalNoise
1713;updateNpc;npc-2;1;2413710525;goalNoise src/sim/npc.js:491;adultScores src/sim/npc.js:1139;updateNpc > measure > measure > (anonyme) > chooseGoal > scoreGoals > adultScores > goalNoise
1713;updateNpc;npc-2;1;4245276338;goalNoise src/sim/npc.js:491;adultScores src/sim/npc.js:1140;updateNpc > measure > measure > (anonyme) > chooseGoal > scoreGoals > adultScores > goalNoise
1713;updateNpc;npc-2;1;1781874855;goalNoise src/sim/npc.js:491;adultScores src/sim/npc.js:1141;updateNpc > measure > measure > (anonyme) > chooseGoal > scoreGoals > adultScores > goalNoise
1732;updateNpc;npc-1;0;3613440668;rollCraftMiss src/sim/craftMiss.js:79;progressCraftGather src/sim/npc.js:4579;updateNpc > measure > measure > (anonyme) > act > progressCraftGather > rollCraftMiss
1768;updateNpc;npc-4;0;1150039185;(anonyme) src/sim/npc.js:893;measure src/debug/profilerCore.js:297;updateNpc > measure > measure > (anonyme)
1776;updateNpc;npc-1;0;2981604998;rollCraftMiss src/sim/craftMiss.js:79;progressCraftGather src/sim/npc.js:4579;updateNpc > measure > measure > (anonyme) > act > progressCraftGather > rollCraftMiss
1796;updateNpc;npc-0;0;518203515;createInformResourceSpotActs src/life/speechActs.js:62;socialize src/sim/npc.js:3974;updateNpc > measure > measure > (anonyme) > act > perform > socialize > createInformResourceSpotActs
1796;updateNpc;npc-0;0;2349769328;createInformResourceSpotActs src/life/speechActs.js:62;socialize src/sim/npc.js:3975;updateNpc > measure > measure > (anonyme) > act > perform > socialize > createInformResourceSpotActs
1796;updateNpc;npc-0;0;4181335141;tellPerson src/ai/socialMemory.js:449;sharePeopleBeliefs src/ai/socialMemory.js:442;updateNpc > measure > measure > (anonyme) > act > perform > socialize > sim.shareRumors > spreadRumorExchange > sharePeopleBeliefs > tellPerson
1796;updateNpc;npc-0;0;1717933658;tellPerson src/ai/socialMemory.js:449;sharePeopleBeliefs src/ai/socialMemory.js:442;updateNpc > measure > measure > (anonyme) > act > perform > socialize > sim.shareRumors > spreadRumorExchange > sharePeopleBeliefs > tellPerson
1803;updateNpc;npc-0;1;3549499471;exploreTarget src/ai/memory.js:669;failureCauseForGoal src/sim/npc.js:1696;updateNpc > measure > measure > (anonyme) > chooseGoal > scoreGoals > adultScores > failureTargetBiasMap > failureCauseForGoal > exploreTarget
1803;updateNpc;npc-0;1;1086097988;exploreTarget src/ai/memory.js:670;failureCauseForGoal src/sim/npc.js:1696;updateNpc > measure > measure > (anonyme) > chooseGoal > scoreGoals > adultScores > failureTargetBiasMap > failureCauseForGoal > exploreTarget
1803;updateNpc;npc-0;1;2917663801;goalNoise src/sim/npc.js:491;adultScores src/sim/npc.js:1114;updateNpc > measure > measure > (anonyme) > chooseGoal > scoreGoals > adultScores > goalNoise
1803;updateNpc;npc-0;1;454262318;goalNoise src/sim/npc.js:491;adultScores src/sim/npc.js:1116;updateNpc > measure > measure > (anonyme) > chooseGoal > scoreGoals > adultScores > goalNoise
1803;updateNpc;npc-0;1;2285828131;goalNoise src/sim/npc.js:491;adultScores src/sim/npc.js:1118;updateNpc > measure > measure > (anonyme) > chooseGoal > scoreGoals > adultScores > goalNoise
1803;updateNpc;npc-0;1;4117393944;goalNoise src/sim/npc.js:491;gatherWoodScoreForDecision src/sim/npc.js:1072;updateNpc > measure > measure > (anonyme) > chooseGoal > scoreGoals > adultScores > gatherWoodScoreForDecision > goalNoise
1803;updateNpc;npc-0;1;1653992461;goalNoise src/sim/npc.js:491;adultScores src/sim/npc.js:1120;updateNpc > measure > measure > (anonyme) > chooseGoal > scoreGoals > adultScores > goalNoise
1803;updateNpc;npc-0;1;3485558274;goalNoise src/sim/npc.js:491;adultScores src/sim/npc.js:1121;updateNpc > measure > measure > (anonyme) > chooseGoal > scoreGoals > adultScores > goalNoise
1803;updateNpc;npc-0;1;1022156791;goalNoise src/sim/npc.js:491;adultScores src/sim/npc.js:1125;updateNpc > measure > measure > (anonyme) > chooseGoal > scoreGoals > adultScores > goalNoise
1803;updateNpc;npc-0;1;2853722604;goalNoise src/sim/npc.js:491;maintainScore src/sim/npc.js:2813;updateNpc > measure > measure > (anonyme) > chooseGoal > scoreGoals > adultScores > maintainScore > goalNoise
1803;updateNpc;npc-0;1;390321121;goalNoise src/sim/npc.js:491;adultScores src/sim/npc.js:1135;updateNpc > measure > measure > (anonyme) > chooseGoal > scoreGoals > adultScores > goalNoise
1803;updateNpc;npc-0;1;2221886934;goalNoise src/sim/npc.js:491;exploreScore src/sim/npc.js:2355;updateNpc > measure > measure > (anonyme) > chooseGoal > scoreGoals > adultScores > exploreScore > goalNoise
1803;updateNpc;npc-0;1;4053452747;goalNoise src/sim/npc.js:491;adultScores src/sim/npc.js:1138;updateNpc > measure > measure > (anonyme) > chooseGoal > scoreGoals > adultScores > goalNoise
1803;updateNpc;npc-0;1;1590051264;goalNoise src/sim/npc.js:491;adultScores src/sim/npc.js:1139;updateNpc > measure > measure > (anonyme) > chooseGoal > scoreGoals > adultScores > goalNoise
1803;updateNpc;npc-0;1;3421617077;goalNoise src/sim/npc.js:491;adultScores src/sim/npc.js:1140;updateNpc > measure > measure > (anonyme) > chooseGoal > scoreGoals > adultScores > goalNoise
1803;updateNpc;npc-0;1;958215594;goalNoise src/sim/npc.js:491;adultScores src/sim/npc.js:1141;updateNpc > measure > measure > (anonyme) > chooseGoal > scoreGoals > adultScores > goalNoise
1803;updateNpc;npc-1;0;2789781407;(anonyme) src/sim/npc.js:893;measure src/debug/profilerCore.js:297;updateNpc > measure > measure > (anonyme)
1803;updateNpc;npc-1;1;326379924;exploreTarget src/ai/memory.js:669;failureCauseForGoal src/sim/npc.js:1696;updateNpc > measure > measure > (anonyme) > chooseGoal > scoreGoals > adultScores > failureTargetBiasMap > failureCauseForGoal > exploreTarget
1803;updateNpc;npc-1;1;2157945737;exploreTarget src/ai/memory.js:670;failureCauseForGoal src/sim/npc.js:1696;updateNpc > measure > measure > (anonyme) > chooseGoal > scoreGoals > adultScores > failureTargetBiasMap > failureCauseForGoal > exploreTarget
1803;updateNpc;npc-1;1;3989511550;goalNoise src/sim/npc.js:491;adultScores src/sim/npc.js:1114;updateNpc > measure > measure > (anonyme) > chooseGoal > scoreGoals > adultScores > goalNoise
1803;updateNpc;npc-1;1;1526110067;goalNoise src/sim/npc.js:491;adultScores src/sim/npc.js:1116;updateNpc > measure > measure > (anonyme) > chooseGoal > scoreGoals > adultScores > goalNoise
1803;updateNpc;npc-1;1;3357675880;goalNoise src/sim/npc.js:491;adultScores src/sim/npc.js:1118;updateNpc > measure > measure > (anonyme) > chooseGoal > scoreGoals > adultScores > goalNoise
1803;updateNpc;npc-1;1;894274397;goalNoise src/sim/npc.js:491;gatherWoodScoreForDecision src/sim/npc.js:1072;updateNpc > measure > measure > (anonyme) > chooseGoal > scoreGoals > adultScores > gatherWoodScoreForDecision > goalNoise
1803;updateNpc;npc-1;1;2725840210;goalNoise src/sim/npc.js:491;adultScores src/sim/npc.js:1120;updateNpc > measure > measure > (anonyme) > chooseGoal > scoreGoals > adultScores > goalNoise
1803;updateNpc;npc-1;1;262438727;goalNoise src/sim/npc.js:491;adultScores src/sim/npc.js:1121;updateNpc > measure > measure > (anonyme) > chooseGoal > scoreGoals > adultScores > goalNoise
1803;updateNpc;npc-1;1;2094004540;goalNoise src/sim/npc.js:491;adultScores src/sim/npc.js:1125;updateNpc > measure > measure > (anonyme) > chooseGoal > scoreGoals > adultScores > goalNoise
1803;updateNpc;npc-1;1;3925570353;goalNoise src/sim/npc.js:491;maintainScore src/sim/npc.js:2813;updateNpc > measure > measure > (anonyme) > chooseGoal > scoreGoals > adultScores > maintainScore > goalNoise
1803;updateNpc;npc-1;1;1462168870;goalNoise src/sim/npc.js:491;adultScores src/sim/npc.js:1135;updateNpc > measure > measure > (anonyme) > chooseGoal > scoreGoals > adultScores > goalNoise
1803;updateNpc;npc-1;1;3293734683;goalNoise src/sim/npc.js:491;exploreScore src/sim/npc.js:2355;updateNpc > measure > measure > (anonyme) > chooseGoal > scoreGoals > adultScores > exploreScore > goalNoise
1803;updateNpc;npc-1;1;830333200;goalNoise src/sim/npc.js:491;adultScores src/sim/npc.js:1138;updateNpc > measure > measure > (anonyme) > chooseGoal > scoreGoals > adultScores > goalNoise
1803;updateNpc;npc-1;1;2661899013;goalNoise src/sim/npc.js:491;adultScores src/sim/npc.js:1139;updateNpc > measure > measure > (anonyme) > chooseGoal > scoreGoals > adultScores > goalNoise
1803;updateNpc;npc-1;1;198497530;goalNoise src/sim/npc.js:491;adultScores src/sim/npc.js:1140;updateNpc > measure > measure > (anonyme) > chooseGoal > scoreGoals > adultScores > goalNoise
1803;updateNpc;npc-1;1;2030063343;goalNoise src/sim/npc.js:491;adultScores src/sim/npc.js:1141;updateNpc > measure > measure > (anonyme) > chooseGoal > scoreGoals > adultScores > goalNoise
1836;updateNpc;npc-4;1;3861629156;exploreTarget src/ai/memory.js:669;failureCauseForGoal src/sim/npc.js:1696;updateNpc > measure > measure > (anonyme) > chooseGoal > scoreGoals > adultScores > failureTargetBiasMap > failureCauseForGoal > exploreTarget
1836;updateNpc;npc-4;1;1398227673;exploreTarget src/ai/memory.js:670;failureCauseForGoal src/sim/npc.js:1696;updateNpc > measure > measure > (anonyme) > chooseGoal > scoreGoals > adultScores > failureTargetBiasMap > failureCauseForGoal > exploreTarget
1836;updateNpc;npc-4;1;3229793486;goalNoise src/sim/npc.js:491;adultScores src/sim/npc.js:1114;updateNpc > measure > measure > (anonyme) > chooseGoal > scoreGoals > adultScores > goalNoise
1836;updateNpc;npc-4;1;766392003;goalNoise src/sim/npc.js:491;adultScores src/sim/npc.js:1116;updateNpc > measure > measure > (anonyme) > chooseGoal > scoreGoals > adultScores > goalNoise
1836;updateNpc;npc-4;1;2597957816;goalNoise src/sim/npc.js:491;adultScores src/sim/npc.js:1118;updateNpc > measure > measure > (anonyme) > chooseGoal > scoreGoals > adultScores > goalNoise
1836;updateNpc;npc-4;1;134556333;goalNoise src/sim/npc.js:491;gatherWoodScoreForDecision src/sim/npc.js:1072;updateNpc > measure > measure > (anonyme) > chooseGoal > scoreGoals > adultScores > gatherWoodScoreForDecision > goalNoise
1836;updateNpc;npc-4;1;1966122146;goalNoise src/sim/npc.js:491;adultScores src/sim/npc.js:1120;updateNpc > measure > measure > (anonyme) > chooseGoal > scoreGoals > adultScores > goalNoise
1836;updateNpc;npc-4;1;3797687959;goalNoise src/sim/npc.js:491;adultScores src/sim/npc.js:1121;updateNpc > measure > measure > (anonyme) > chooseGoal > scoreGoals > adultScores > goalNoise
1836;updateNpc;npc-4;1;1334286476;goalNoise src/sim/npc.js:491;adultScores src/sim/npc.js:1125;updateNpc > measure > measure > (anonyme) > chooseGoal > scoreGoals > adultScores > goalNoise
1836;updateNpc;npc-4;1;3165852289;goalNoise src/sim/npc.js:491;maintainScore src/sim/npc.js:2813;updateNpc > measure > measure > (anonyme) > chooseGoal > scoreGoals > adultScores > maintainScore > goalNoise
1836;updateNpc;npc-4;1;702450806;goalNoise src/sim/npc.js:491;adultScores src/sim/npc.js:1135;updateNpc > measure > measure > (anonyme) > chooseGoal > scoreGoals > adultScores > goalNoise
1836;updateNpc;npc-4;1;2534016619;goalNoise src/sim/npc.js:491;exploreScore src/sim/npc.js:2355;updateNpc > measure > measure > (anonyme) > chooseGoal > scoreGoals > adultScores > exploreScore > goalNoise
1836;updateNpc;npc-4;1;70615136;goalNoise src/sim/npc.js:491;adultScores src/sim/npc.js:1138;updateNpc > measure > measure > (anonyme) > chooseGoal > scoreGoals > adultScores > goalNoise
1836;updateNpc;npc-4;1;1902180949;goalNoise src/sim/npc.js:491;adultScores src/sim/npc.js:1139;updateNpc > measure > measure > (anonyme) > chooseGoal > scoreGoals > adultScores > goalNoise
1836;updateNpc;npc-4;1;3733746762;goalNoise src/sim/npc.js:491;adultScores src/sim/npc.js:1140;updateNpc > measure > measure > (anonyme) > chooseGoal > scoreGoals > adultScores > goalNoise
1836;updateNpc;npc-4;1;1270345279;goalNoise src/sim/npc.js:491;adultScores src/sim/npc.js:1141;updateNpc > measure > measure > (anonyme) > chooseGoal > scoreGoals > adultScores > goalNoise
1856;updateNpc;npc-0;0;3101911092;createInformResourceSpotActs src/life/speechActs.js:62;socialize src/sim/npc.js:3974;updateNpc > measure > measure > (anonyme) > act > perform > socialize > createInformResourceSpotActs
1856;updateNpc;npc-0;0;638509609;createInformResourceSpotActs src/life/speechActs.js:62;socialize src/sim/npc.js:3975;updateNpc > measure > measure > (anonyme) > act > perform > socialize > createInformResourceSpotActs
1856;updateNpc;npc-0;0;2470075422;tellPerson src/ai/socialMemory.js:449;sharePeopleBeliefs src/ai/socialMemory.js:442;updateNpc > measure > measure > (anonyme) > act > perform > socialize > sim.shareRumors > spreadRumorExchange > sharePeopleBeliefs > tellPerson
1856;updateNpc;npc-0;0;6673939;tellPerson src/ai/socialMemory.js:449;sharePeopleBeliefs src/ai/socialMemory.js:442;updateNpc > measure > measure > (anonyme) > act > perform > socialize > sim.shareRumors > spreadRumorExchange > sharePeopleBeliefs > tellPerson
1860;updateNpc;npc-3;1;1838239752;exploreTarget src/ai/memory.js:669;failureCauseForGoal src/sim/npc.js:1696;updateNpc > measure > measure > (anonyme) > chooseGoal > scoreGoals > adultScores > failureTargetBiasMap > failureCauseForGoal > exploreTarget
1860;updateNpc;npc-3;1;3669805565;exploreTarget src/ai/memory.js:670;failureCauseForGoal src/sim/npc.js:1696;updateNpc > measure > measure > (anonyme) > chooseGoal > scoreGoals > adultScores > failureTargetBiasMap > failureCauseForGoal > exploreTarget
1860;updateNpc;npc-3;1;1206404082;goalNoise src/sim/npc.js:491;adultScores src/sim/npc.js:1114;updateNpc > measure > measure > (anonyme) > chooseGoal > scoreGoals > adultScores > goalNoise
1860;updateNpc;npc-3;1;3037969895;goalNoise src/sim/npc.js:491;adultScores src/sim/npc.js:1116;updateNpc > measure > measure > (anonyme) > chooseGoal > scoreGoals > adultScores > goalNoise
1860;updateNpc;npc-3;1;574568412;goalNoise src/sim/npc.js:491;adultScores src/sim/npc.js:1118;updateNpc > measure > measure > (anonyme) > chooseGoal > scoreGoals > adultScores > goalNoise
1860;updateNpc;npc-3;1;2406134225;goalNoise src/sim/npc.js:491;gatherWoodScoreForDecision src/sim/npc.js:1072;updateNpc > measure > measure > (anonyme) > chooseGoal > scoreGoals > adultScores > gatherWoodScoreForDecision > goalNoise
1860;updateNpc;npc-3;1;4237700038;goalNoise src/sim/npc.js:491;adultScores src/sim/npc.js:1120;updateNpc > measure > measure > (anonyme) > chooseGoal > scoreGoals > adultScores > goalNoise
1860;updateNpc;npc-3;1;1774298555;goalNoise src/sim/npc.js:491;adultScores src/sim/npc.js:1121;updateNpc > measure > measure > (anonyme) > chooseGoal > scoreGoals > adultScores > goalNoise
1860;updateNpc;npc-3;1;3605864368;goalNoise src/sim/npc.js:491;adultScores src/sim/npc.js:1125;updateNpc > measure > measure > (anonyme) > chooseGoal > scoreGoals > adultScores > goalNoise
1860;updateNpc;npc-3;1;1142462885;goalNoise src/sim/npc.js:491;maintainScore src/sim/npc.js:2813;updateNpc > measure > measure > (anonyme) > chooseGoal > scoreGoals > adultScores > maintainScore > goalNoise
1860;updateNpc;npc-3;1;2974028698;goalNoise src/sim/npc.js:491;adultScores src/sim/npc.js:1135;updateNpc > measure > measure > (anonyme) > chooseGoal > scoreGoals > adultScores > goalNoise
1860;updateNpc;npc-3;1;510627215;goalNoise src/sim/npc.js:491;exploreScore src/sim/npc.js:2355;updateNpc > measure > measure > (anonyme) > chooseGoal > scoreGoals > adultScores > exploreScore > goalNoise
1860;updateNpc;npc-3;1;2342193028;goalNoise src/sim/npc.js:491;adultScores src/sim/npc.js:1138;updateNpc > measure > measure > (anonyme) > chooseGoal > scoreGoals > adultScores > goalNoise
1860;updateNpc;npc-3;1;4173758841;goalNoise src/sim/npc.js:491;adultScores src/sim/npc.js:1139;updateNpc > measure > measure > (anonyme) > chooseGoal > scoreGoals > adultScores > goalNoise
1860;updateNpc;npc-3;1;1710357358;goalNoise src/sim/npc.js:491;adultScores src/sim/npc.js:1140;updateNpc > measure > measure > (anonyme) > chooseGoal > scoreGoals > adultScores > goalNoise
1860;updateNpc;npc-3;1;3541923171;goalNoise src/sim/npc.js:491;adultScores src/sim/npc.js:1141;updateNpc > measure > measure > (anonyme) > chooseGoal > scoreGoals > adultScores > goalNoise
1896;updateNpc;npc-2;0;1078521688;(anonyme) src/sim/npc.js:893;measure src/debug/profilerCore.js:297;updateNpc > measure > measure > (anonyme)
1896;updateNpc;npc-2;1;2910087501;exploreTarget src/ai/memory.js:669;failureCauseForGoal src/sim/npc.js:1696;updateNpc > measure > measure > (anonyme) > chooseGoal > scoreGoals > adultScores > failureTargetBiasMap > failureCauseForGoal > exploreTarget
1896;updateNpc;npc-2;1;446686018;exploreTarget src/ai/memory.js:670;failureCauseForGoal src/sim/npc.js:1696;updateNpc > measure > measure > (anonyme) > chooseGoal > scoreGoals > adultScores > failureTargetBiasMap > failureCauseForGoal > exploreTarget
1896;updateNpc;npc-2;1;2278251831;goalNoise src/sim/npc.js:491;adultScores src/sim/npc.js:1114;updateNpc > measure > measure > (anonyme) > chooseGoal > scoreGoals > adultScores > goalNoise
1896;updateNpc;npc-2;1;4109817644;goalNoise src/sim/npc.js:491;adultScores src/sim/npc.js:1116;updateNpc > measure > measure > (anonyme) > chooseGoal > scoreGoals > adultScores > goalNoise
1896;updateNpc;npc-2;1;1646416161;goalNoise src/sim/npc.js:491;adultScores src/sim/npc.js:1118;updateNpc > measure > measure > (anonyme) > chooseGoal > scoreGoals > adultScores > goalNoise
1896;updateNpc;npc-2;1;3477981974;goalNoise src/sim/npc.js:491;gatherWoodScoreForDecision src/sim/npc.js:1072;updateNpc > measure > measure > (anonyme) > chooseGoal > scoreGoals > adultScores > gatherWoodScoreForDecision > goalNoise
1896;updateNpc;npc-2;1;1014580491;goalNoise src/sim/npc.js:491;adultScores src/sim/npc.js:1120;updateNpc > measure > measure > (anonyme) > chooseGoal > scoreGoals > adultScores > goalNoise
1896;updateNpc;npc-2;1;2846146304;goalNoise src/sim/npc.js:491;adultScores src/sim/npc.js:1121;updateNpc > measure > measure > (anonyme) > chooseGoal > scoreGoals > adultScores > goalNoise
1896;updateNpc;npc-2;1;382744821;goalNoise src/sim/npc.js:491;adultScores src/sim/npc.js:1125;updateNpc > measure > measure > (anonyme) > chooseGoal > scoreGoals > adultScores > goalNoise
1896;updateNpc;npc-2;1;2214310634;goalNoise src/sim/npc.js:491;maintainScore src/sim/npc.js:2813;updateNpc > measure > measure > (anonyme) > chooseGoal > scoreGoals > adultScores > maintainScore > goalNoise
1896;updateNpc;npc-2;1;4045876447;goalNoise src/sim/npc.js:491;adultScores src/sim/npc.js:1135;updateNpc > measure > measure > (anonyme) > chooseGoal > scoreGoals > adultScores > goalNoise
1896;updateNpc;npc-2;1;1582474964;goalNoise src/sim/npc.js:491;exploreScore src/sim/npc.js:2355;updateNpc > measure > measure > (anonyme) > chooseGoal > scoreGoals > adultScores > exploreScore > goalNoise
1896;updateNpc;npc-2;1;3414040777;goalNoise src/sim/npc.js:491;adultScores src/sim/npc.js:1138;updateNpc > measure > measure > (anonyme) > chooseGoal > scoreGoals > adultScores > goalNoise
1896;updateNpc;npc-2;1;950639294;goalNoise src/sim/npc.js:491;adultScores src/sim/npc.js:1139;updateNpc > measure > measure > (anonyme) > chooseGoal > scoreGoals > adultScores > goalNoise
1896;updateNpc;npc-2;1;2782205107;goalNoise src/sim/npc.js:491;adultScores src/sim/npc.js:1140;updateNpc > measure > measure > (anonyme) > chooseGoal > scoreGoals > adultScores > goalNoise
1896;updateNpc;npc-2;1;318803624;goalNoise src/sim/npc.js:491;adultScores src/sim/npc.js:1141;updateNpc > measure > measure > (anonyme) > chooseGoal > scoreGoals > adultScores > goalNoise
1904;updateNpc;npc-4;1;2150369437;exploreTarget src/ai/memory.js:669;failureCauseForGoal src/sim/npc.js:1696;updateNpc > measure > measure > (anonyme) > chooseGoal > scoreGoals > adultScores > failureTargetBiasMap > failureCauseForGoal > exploreTarget
1904;updateNpc;npc-4;1;3981935250;exploreTarget src/ai/memory.js:670;failureCauseForGoal src/sim/npc.js:1696;updateNpc > measure > measure > (anonyme) > chooseGoal > scoreGoals > adultScores > failureTargetBiasMap > failureCauseForGoal > exploreTarget
1904;updateNpc;npc-4;1;1518533767;goalNoise src/sim/npc.js:491;adultScores src/sim/npc.js:1114;updateNpc > measure > measure > (anonyme) > chooseGoal > scoreGoals > adultScores > goalNoise
1904;updateNpc;npc-4;1;3350099580;goalNoise src/sim/npc.js:491;adultScores src/sim/npc.js:1116;updateNpc > measure > measure > (anonyme) > chooseGoal > scoreGoals > adultScores > goalNoise
1904;updateNpc;npc-4;1;886698097;goalNoise src/sim/npc.js:491;adultScores src/sim/npc.js:1118;updateNpc > measure > measure > (anonyme) > chooseGoal > scoreGoals > adultScores > goalNoise
1904;updateNpc;npc-4;1;2718263910;goalNoise src/sim/npc.js:491;gatherWoodScoreForDecision src/sim/npc.js:1072;updateNpc > measure > measure > (anonyme) > chooseGoal > scoreGoals > adultScores > gatherWoodScoreForDecision > goalNoise
1904;updateNpc;npc-4;1;254862427;goalNoise src/sim/npc.js:491;adultScores src/sim/npc.js:1120;updateNpc > measure > measure > (anonyme) > chooseGoal > scoreGoals > adultScores > goalNoise
1904;updateNpc;npc-4;1;2086428240;goalNoise src/sim/npc.js:491;adultScores src/sim/npc.js:1121;updateNpc > measure > measure > (anonyme) > chooseGoal > scoreGoals > adultScores > goalNoise
1904;updateNpc;npc-4;1;3917994053;goalNoise src/sim/npc.js:491;adultScores src/sim/npc.js:1125;updateNpc > measure > measure > (anonyme) > chooseGoal > scoreGoals > adultScores > goalNoise
1904;updateNpc;npc-4;1;1454592570;goalNoise src/sim/npc.js:491;maintainScore src/sim/npc.js:2813;updateNpc > measure > measure > (anonyme) > chooseGoal > scoreGoals > adultScores > maintainScore > goalNoise
1904;updateNpc;npc-4;1;3286158383;goalNoise src/sim/npc.js:491;adultScores src/sim/npc.js:1135;updateNpc > measure > measure > (anonyme) > chooseGoal > scoreGoals > adultScores > goalNoise
1904;updateNpc;npc-4;1;822756900;goalNoise src/sim/npc.js:491;exploreScore src/sim/npc.js:2355;updateNpc > measure > measure > (anonyme) > chooseGoal > scoreGoals > adultScores > exploreScore > goalNoise
1904;updateNpc;npc-4;1;2654322713;goalNoise src/sim/npc.js:491;adultScores src/sim/npc.js:1138;updateNpc > measure > measure > (anonyme) > chooseGoal > scoreGoals > adultScores > goalNoise
1904;updateNpc;npc-4;1;190921230;goalNoise src/sim/npc.js:491;adultScores src/sim/npc.js:1139;updateNpc > measure > measure > (anonyme) > chooseGoal > scoreGoals > adultScores > goalNoise
1904;updateNpc;npc-4;1;2022487043;goalNoise src/sim/npc.js:491;adultScores src/sim/npc.js:1140;updateNpc > measure > measure > (anonyme) > chooseGoal > scoreGoals > adultScores > goalNoise
1904;updateNpc;npc-4;1;3854052856;goalNoise src/sim/npc.js:491;adultScores src/sim/npc.js:1141;updateNpc > measure > measure > (anonyme) > chooseGoal > scoreGoals > adultScores > goalNoise
1916;updateNpc;npc-0;0;1390651373;createInformResourceSpotActs src/life/speechActs.js:62;socialize src/sim/npc.js:3974;updateNpc > measure > measure > (anonyme) > act > perform > socialize > createInformResourceSpotActs
1916;updateNpc;npc-0;0;3222217186;createInformResourceSpotActs src/life/speechActs.js:62;socialize src/sim/npc.js:3975;updateNpc > measure > measure > (anonyme) > act > perform > socialize > createInformResourceSpotActs
1916;updateNpc;npc-0;0;758815703;tellPerson src/ai/socialMemory.js:449;sharePeopleBeliefs src/ai/socialMemory.js:442;updateNpc > measure > measure > (anonyme) > act > perform > socialize > sim.shareRumors > spreadRumorExchange > sharePeopleBeliefs > tellPerson
1916;updateNpc;npc-0;0;2590381516;tellPerson src/ai/socialMemory.js:449;sharePeopleBeliefs src/ai/socialMemory.js:442;updateNpc > measure > measure > (anonyme) > act > perform > socialize > sim.shareRumors > spreadRumorExchange > sharePeopleBeliefs > tellPerson
1972;updateNpc;npc-4;0;126980033;(anonyme) src/sim/npc.js:893;measure src/debug/profilerCore.js:297;updateNpc > measure > measure > (anonyme)
1972;updateNpc;npc-4;1;1958545846;exploreTarget src/ai/memory.js:669;failureCauseForGoal src/sim/npc.js:1696;updateNpc > measure > measure > (anonyme) > chooseGoal > scoreGoals > adultScores > failureTargetBiasMap > failureCauseForGoal > exploreTarget
1972;updateNpc;npc-4;1;3790111659;exploreTarget src/ai/memory.js:670;failureCauseForGoal src/sim/npc.js:1696;updateNpc > measure > measure > (anonyme) > chooseGoal > scoreGoals > adultScores > failureTargetBiasMap > failureCauseForGoal > exploreTarget
1972;updateNpc;npc-4;1;1326710176;exploreTarget src/ai/memory.js:669;failureCauseForGoal src/sim/npc.js:1696;updateNpc > measure > measure > (anonyme) > chooseGoal > scoreGoals > adultScores > failureTargetBiasMap > failureCauseForGoal > exploreTarget
1972;updateNpc;npc-4;1;3158275989;exploreTarget src/ai/memory.js:670;failureCauseForGoal src/sim/npc.js:1696;updateNpc > measure > measure > (anonyme) > chooseGoal > scoreGoals > adultScores > failureTargetBiasMap > failureCauseForGoal > exploreTarget
1972;updateNpc;npc-4;1;694874506;goalNoise src/sim/npc.js:491;adultScores src/sim/npc.js:1114;updateNpc > measure > measure > (anonyme) > chooseGoal > scoreGoals > adultScores > goalNoise
1972;updateNpc;npc-4;1;2526440319;goalNoise src/sim/npc.js:491;adultScores src/sim/npc.js:1116;updateNpc > measure > measure > (anonyme) > chooseGoal > scoreGoals > adultScores > goalNoise
1972;updateNpc;npc-4;1;63038836;goalNoise src/sim/npc.js:491;adultScores src/sim/npc.js:1118;updateNpc > measure > measure > (anonyme) > chooseGoal > scoreGoals > adultScores > goalNoise
1972;updateNpc;npc-4;1;1894604649;goalNoise src/sim/npc.js:491;gatherWoodScoreForDecision src/sim/npc.js:1072;updateNpc > measure > measure > (anonyme) > chooseGoal > scoreGoals > adultScores > gatherWoodScoreForDecision > goalNoise
1972;updateNpc;npc-4;1;3726170462;goalNoise src/sim/npc.js:491;adultScores src/sim/npc.js:1120;updateNpc > measure > measure > (anonyme) > chooseGoal > scoreGoals > adultScores > goalNoise
1972;updateNpc;npc-4;1;1262768979;goalNoise src/sim/npc.js:491;adultScores src/sim/npc.js:1121;updateNpc > measure > measure > (anonyme) > chooseGoal > scoreGoals > adultScores > goalNoise
1972;updateNpc;npc-4;1;3094334792;goalNoise src/sim/npc.js:491;adultScores src/sim/npc.js:1125;updateNpc > measure > measure > (anonyme) > chooseGoal > scoreGoals > adultScores > goalNoise
1972;updateNpc;npc-4;1;630933309;goalNoise src/sim/npc.js:491;maintainScore src/sim/npc.js:2813;updateNpc > measure > measure > (anonyme) > chooseGoal > scoreGoals > adultScores > maintainScore > goalNoise
1972;updateNpc;npc-4;1;2462499122;goalNoise src/sim/npc.js:491;adultScores src/sim/npc.js:1135;updateNpc > measure > measure > (anonyme) > chooseGoal > scoreGoals > adultScores > goalNoise
1972;updateNpc;npc-4;1;4294064935;goalNoise src/sim/npc.js:491;exploreScore src/sim/npc.js:2355;updateNpc > measure > measure > (anonyme) > chooseGoal > scoreGoals > adultScores > exploreScore > goalNoise
1972;updateNpc;npc-4;1;1830663452;goalNoise src/sim/npc.js:491;adultScores src/sim/npc.js:1138;updateNpc > measure > measure > (anonyme) > chooseGoal > scoreGoals > adultScores > goalNoise
1972;updateNpc;npc-4;1;3662229265;goalNoise src/sim/npc.js:491;adultScores src/sim/npc.js:1139;updateNpc > measure > measure > (anonyme) > chooseGoal > scoreGoals > adultScores > goalNoise
1972;updateNpc;npc-4;1;1198827782;goalNoise src/sim/npc.js:491;adultScores src/sim/npc.js:1140;updateNpc > measure > measure > (anonyme) > chooseGoal > scoreGoals > adultScores > goalNoise
1972;updateNpc;npc-4;1;3030393595;goalNoise src/sim/npc.js:491;adultScores src/sim/npc.js:1141;updateNpc > measure > measure > (anonyme) > chooseGoal > scoreGoals > adultScores > goalNoise
1983;updateNpc;npc-0;0;566992112;(anonyme) src/sim/npc.js:893;measure src/debug/profilerCore.js:297;updateNpc > measure > measure > (anonyme)
1983;updateNpc;npc-0;1;2398557925;exploreTarget src/ai/memory.js:669;failureCauseForGoal src/sim/npc.js:1696;updateNpc > measure > measure > (anonyme) > chooseGoal > scoreGoals > adultScores > failureTargetBiasMap > failureCauseForGoal > exploreTarget
1983;updateNpc;npc-0;1;4230123738;exploreTarget src/ai/memory.js:670;failureCauseForGoal src/sim/npc.js:1696;updateNpc > measure > measure > (anonyme) > chooseGoal > scoreGoals > adultScores > failureTargetBiasMap > failureCauseForGoal > exploreTarget
1983;updateNpc;npc-0;1;1766722255;goalNoise src/sim/npc.js:491;adultScores src/sim/npc.js:1114;updateNpc > measure > measure > (anonyme) > chooseGoal > scoreGoals > adultScores > goalNoise
1983;updateNpc;npc-0;1;3598288068;goalNoise src/sim/npc.js:491;adultScores src/sim/npc.js:1116;updateNpc > measure > measure > (anonyme) > chooseGoal > scoreGoals > adultScores > goalNoise
1983;updateNpc;npc-0;1;1134886585;goalNoise src/sim/npc.js:491;adultScores src/sim/npc.js:1118;updateNpc > measure > measure > (anonyme) > chooseGoal > scoreGoals > adultScores > goalNoise
1983;updateNpc;npc-0;1;2966452398;goalNoise src/sim/npc.js:491;gatherWoodScoreForDecision src/sim/npc.js:1072;updateNpc > measure > measure > (anonyme) > chooseGoal > scoreGoals > adultScores > gatherWoodScoreForDecision > goalNoise
1983;updateNpc;npc-0;1;503050915;goalNoise src/sim/npc.js:491;adultScores src/sim/npc.js:1120;updateNpc > measure > measure > (anonyme) > chooseGoal > scoreGoals > adultScores > goalNoise
1983;updateNpc;npc-0;1;2334616728;goalNoise src/sim/npc.js:491;adultScores src/sim/npc.js:1121;updateNpc > measure > measure > (anonyme) > chooseGoal > scoreGoals > adultScores > goalNoise
1983;updateNpc;npc-0;1;4166182541;goalNoise src/sim/npc.js:491;adultScores src/sim/npc.js:1125;updateNpc > measure > measure > (anonyme) > chooseGoal > scoreGoals > adultScores > goalNoise
1983;updateNpc;npc-0;1;1702781058;goalNoise src/sim/npc.js:491;maintainScore src/sim/npc.js:2813;updateNpc > measure > measure > (anonyme) > chooseGoal > scoreGoals > adultScores > maintainScore > goalNoise
1983;updateNpc;npc-0;1;3534346871;goalNoise src/sim/npc.js:491;adultScores src/sim/npc.js:1135;updateNpc > measure > measure > (anonyme) > chooseGoal > scoreGoals > adultScores > goalNoise
1983;updateNpc;npc-0;1;1070945388;goalNoise src/sim/npc.js:491;exploreScore src/sim/npc.js:2355;updateNpc > measure > measure > (anonyme) > chooseGoal > scoreGoals > adultScores > exploreScore > goalNoise
1983;updateNpc;npc-0;1;2902511201;goalNoise src/sim/npc.js:491;adultScores src/sim/npc.js:1138;updateNpc > measure > measure > (anonyme) > chooseGoal > scoreGoals > adultScores > goalNoise
1983;updateNpc;npc-0;1;439109718;goalNoise src/sim/npc.js:491;adultScores src/sim/npc.js:1139;updateNpc > measure > measure > (anonyme) > chooseGoal > scoreGoals > adultScores > goalNoise
1983;updateNpc;npc-0;1;2270675531;goalNoise src/sim/npc.js:491;adultScores src/sim/npc.js:1140;updateNpc > measure > measure > (anonyme) > chooseGoal > scoreGoals > adultScores > goalNoise
1983;updateNpc;npc-0;1;4102241344;goalNoise src/sim/npc.js:491;adultScores src/sim/npc.js:1141;updateNpc > measure > measure > (anonyme) > chooseGoal > scoreGoals > adultScores > goalNoise
1983;updateNpc;npc-1;0;1638839861;(anonyme) src/sim/npc.js:893;measure src/debug/profilerCore.js:297;updateNpc > measure > measure > (anonyme)
2040;updateNpc;npc-4;1;3470405674;exploreTarget src/ai/memory.js:669;failureCauseForGoal src/sim/npc.js:1696;updateNpc > measure > measure > (anonyme) > chooseGoal > scoreGoals > adultScores > failureTargetBiasMap > failureCauseForGoal > exploreTarget
2040;updateNpc;npc-4;1;1007004191;exploreTarget src/ai/memory.js:670;failureCauseForGoal src/sim/npc.js:1696;updateNpc > measure > measure > (anonyme) > chooseGoal > scoreGoals > adultScores > failureTargetBiasMap > failureCauseForGoal > exploreTarget
2040;updateNpc;npc-4;1;2838570004;goalNoise src/sim/npc.js:491;adultScores src/sim/npc.js:1114;updateNpc > measure > measure > (anonyme) > chooseGoal > scoreGoals > adultScores > goalNoise
2040;updateNpc;npc-4;1;375168521;goalNoise src/sim/npc.js:491;adultScores src/sim/npc.js:1116;updateNpc > measure > measure > (anonyme) > chooseGoal > scoreGoals > adultScores > goalNoise
2040;updateNpc;npc-4;1;2206734334;goalNoise src/sim/npc.js:491;adultScores src/sim/npc.js:1118;updateNpc > measure > measure > (anonyme) > chooseGoal > scoreGoals > adultScores > goalNoise
2040;updateNpc;npc-4;1;4038300147;goalNoise src/sim/npc.js:491;gatherWoodScoreForDecision src/sim/npc.js:1072;updateNpc > measure > measure > (anonyme) > chooseGoal > scoreGoals > adultScores > gatherWoodScoreForDecision > goalNoise
2040;updateNpc;npc-4;1;1574898664;goalNoise src/sim/npc.js:491;adultScores src/sim/npc.js:1120;updateNpc > measure > measure > (anonyme) > chooseGoal > scoreGoals > adultScores > goalNoise
2040;updateNpc;npc-4;1;3406464477;goalNoise src/sim/npc.js:491;adultScores src/sim/npc.js:1121;updateNpc > measure > measure > (anonyme) > chooseGoal > scoreGoals > adultScores > goalNoise
2040;updateNpc;npc-4;1;943062994;goalNoise src/sim/npc.js:491;adultScores src/sim/npc.js:1125;updateNpc > measure > measure > (anonyme) > chooseGoal > scoreGoals > adultScores > goalNoise
2040;updateNpc;npc-4;1;2774628807;goalNoise src/sim/npc.js:491;maintainScore src/sim/npc.js:2813;updateNpc > measure > measure > (anonyme) > chooseGoal > scoreGoals > adultScores > maintainScore > goalNoise
2040;updateNpc;npc-4;1;311227324;goalNoise src/sim/npc.js:491;adultScores src/sim/npc.js:1135;updateNpc > measure > measure > (anonyme) > chooseGoal > scoreGoals > adultScores > goalNoise
2040;updateNpc;npc-4;1;2142793137;goalNoise src/sim/npc.js:491;exploreScore src/sim/npc.js:2355;updateNpc > measure > measure > (anonyme) > chooseGoal > scoreGoals > adultScores > exploreScore > goalNoise
2040;updateNpc;npc-4;1;3974358950;goalNoise src/sim/npc.js:491;adultScores src/sim/npc.js:1138;updateNpc > measure > measure > (anonyme) > chooseGoal > scoreGoals > adultScores > goalNoise
2040;updateNpc;npc-4;1;1510957467;goalNoise src/sim/npc.js:491;adultScores src/sim/npc.js:1139;updateNpc > measure > measure > (anonyme) > chooseGoal > scoreGoals > adultScores > goalNoise
2040;updateNpc;npc-4;1;3342523280;goalNoise src/sim/npc.js:491;adultScores src/sim/npc.js:1140;updateNpc > measure > measure > (anonyme) > chooseGoal > scoreGoals > adultScores > goalNoise
2040;updateNpc;npc-4;1;879121797;goalNoise src/sim/npc.js:491;adultScores src/sim/npc.js:1141;updateNpc > measure > measure > (anonyme) > chooseGoal > scoreGoals > adultScores > goalNoise
2043;updateNpc;npc-3;1;2710687610;exploreTarget src/ai/memory.js:669;failureCauseForGoal src/sim/npc.js:1696;updateNpc > measure > measure > (anonyme) > chooseGoal > scoreGoals > adultScores > failureTargetBiasMap > failureCauseForGoal > exploreTarget
2043;updateNpc;npc-3;1;247286127;exploreTarget src/ai/memory.js:670;failureCauseForGoal src/sim/npc.js:1696;updateNpc > measure > measure > (anonyme) > chooseGoal > scoreGoals > adultScores > failureTargetBiasMap > failureCauseForGoal > exploreTarget
2043;updateNpc;npc-3;1;2078851940;goalNoise src/sim/npc.js:491;adultScores src/sim/npc.js:1114;updateNpc > measure > measure > (anonyme) > chooseGoal > scoreGoals > adultScores > goalNoise
2043;updateNpc;npc-3;1;3910417753;goalNoise src/sim/npc.js:491;adultScores src/sim/npc.js:1116;updateNpc > measure > measure > (anonyme) > chooseGoal > scoreGoals > adultScores > goalNoise
2043;updateNpc;npc-3;1;1447016270;goalNoise src/sim/npc.js:491;adultScores src/sim/npc.js:1118;updateNpc > measure > measure > (anonyme) > chooseGoal > scoreGoals > adultScores > goalNoise
2043;updateNpc;npc-3;1;3278582083;goalNoise src/sim/npc.js:491;gatherWoodScoreForDecision src/sim/npc.js:1072;updateNpc > measure > measure > (anonyme) > chooseGoal > scoreGoals > adultScores > gatherWoodScoreForDecision > goalNoise
2043;updateNpc;npc-3;1;815180600;goalNoise src/sim/npc.js:491;adultScores src/sim/npc.js:1120;updateNpc > measure > measure > (anonyme) > chooseGoal > scoreGoals > adultScores > goalNoise
2043;updateNpc;npc-3;1;2646746413;goalNoise src/sim/npc.js:491;adultScores src/sim/npc.js:1121;updateNpc > measure > measure > (anonyme) > chooseGoal > scoreGoals > adultScores > goalNoise
2043;updateNpc;npc-3;1;183344930;goalNoise src/sim/npc.js:491;adultScores src/sim/npc.js:1125;updateNpc > measure > measure > (anonyme) > chooseGoal > scoreGoals > adultScores > goalNoise
2043;updateNpc;npc-3;1;2014910743;goalNoise src/sim/npc.js:491;maintainScore src/sim/npc.js:2813;updateNpc > measure > measure > (anonyme) > chooseGoal > scoreGoals > adultScores > maintainScore > goalNoise
2043;updateNpc;npc-3;1;3846476556;goalNoise src/sim/npc.js:491;adultScores src/sim/npc.js:1135;updateNpc > measure > measure > (anonyme) > chooseGoal > scoreGoals > adultScores > goalNoise
2043;updateNpc;npc-3;1;1383075073;goalNoise src/sim/npc.js:491;exploreScore src/sim/npc.js:2355;updateNpc > measure > measure > (anonyme) > chooseGoal > scoreGoals > adultScores > exploreScore > goalNoise
2043;updateNpc;npc-3;1;3214640886;goalNoise src/sim/npc.js:491;adultScores src/sim/npc.js:1138;updateNpc > measure > measure > (anonyme) > chooseGoal > scoreGoals > adultScores > goalNoise
2043;updateNpc;npc-3;1;751239403;goalNoise src/sim/npc.js:491;adultScores src/sim/npc.js:1139;updateNpc > measure > measure > (anonyme) > chooseGoal > scoreGoals > adultScores > goalNoise
2043;updateNpc;npc-3;1;2582805216;goalNoise src/sim/npc.js:491;adultScores src/sim/npc.js:1140;updateNpc > measure > measure > (anonyme) > chooseGoal > scoreGoals > adultScores > goalNoise
2043;updateNpc;npc-3;1;119403733;goalNoise src/sim/npc.js:491;adultScores src/sim/npc.js:1141;updateNpc > measure > measure > (anonyme) > chooseGoal > scoreGoals > adultScores > goalNoise
2079;updateNpc;npc-2;0;1950969546;(anonyme) src/sim/npc.js:893;measure src/debug/profilerCore.js:297;updateNpc > measure > measure > (anonyme)
2079;updateNpc;npc-2;1;3782535359;exploreTarget src/ai/memory.js:669;failureCauseForGoal src/sim/npc.js:1696;updateNpc > measure > measure > (anonyme) > chooseGoal > scoreGoals > adultScores > failureTargetBiasMap > failureCauseForGoal > exploreTarget
2079;updateNpc;npc-2;1;1319133876;exploreTarget src/ai/memory.js:670;failureCauseForGoal src/sim/npc.js:1696;updateNpc > measure > measure > (anonyme) > chooseGoal > scoreGoals > adultScores > failureTargetBiasMap > failureCauseForGoal > exploreTarget
2079;updateNpc;npc-2;1;3150699689;goalNoise src/sim/npc.js:491;adultScores src/sim/npc.js:1114;updateNpc > measure > measure > (anonyme) > chooseGoal > scoreGoals > adultScores > goalNoise
2079;updateNpc;npc-2;1;687298206;goalNoise src/sim/npc.js:491;adultScores src/sim/npc.js:1116;updateNpc > measure > measure > (anonyme) > chooseGoal > scoreGoals > adultScores > goalNoise
2079;updateNpc;npc-2;1;2518864019;goalNoise src/sim/npc.js:491;adultScores src/sim/npc.js:1118;updateNpc > measure > measure > (anonyme) > chooseGoal > scoreGoals > adultScores > goalNoise
2079;updateNpc;npc-2;1;55462536;goalNoise src/sim/npc.js:491;gatherWoodScoreForDecision src/sim/npc.js:1072;updateNpc > measure > measure > (anonyme) > chooseGoal > scoreGoals > adultScores > gatherWoodScoreForDecision > goalNoise
2079;updateNpc;npc-2;1;1887028349;goalNoise src/sim/npc.js:491;adultScores src/sim/npc.js:1120;updateNpc > measure > measure > (anonyme) > chooseGoal > scoreGoals > adultScores > goalNoise
2079;updateNpc;npc-2;1;3718594162;goalNoise src/sim/npc.js:491;adultScores src/sim/npc.js:1121;updateNpc > measure > measure > (anonyme) > chooseGoal > scoreGoals > adultScores > goalNoise
2079;updateNpc;npc-2;1;1255192679;goalNoise src/sim/npc.js:491;adultScores src/sim/npc.js:1125;updateNpc > measure > measure > (anonyme) > chooseGoal > scoreGoals > adultScores > goalNoise
2079;updateNpc;npc-2;1;3086758492;goalNoise src/sim/npc.js:491;maintainScore src/sim/npc.js:2813;updateNpc > measure > measure > (anonyme) > chooseGoal > scoreGoals > adultScores > maintainScore > goalNoise
2079;updateNpc;npc-2;1;623357009;goalNoise src/sim/npc.js:491;adultScores src/sim/npc.js:1135;updateNpc > measure > measure > (anonyme) > chooseGoal > scoreGoals > adultScores > goalNoise
2079;updateNpc;npc-2;1;2454922822;goalNoise src/sim/npc.js:491;exploreScore src/sim/npc.js:2355;updateNpc > measure > measure > (anonyme) > chooseGoal > scoreGoals > adultScores > exploreScore > goalNoise
2079;updateNpc;npc-2;1;4286488635;goalNoise src/sim/npc.js:491;adultScores src/sim/npc.js:1138;updateNpc > measure > measure > (anonyme) > chooseGoal > scoreGoals > adultScores > goalNoise
2079;updateNpc;npc-2;1;1823087152;goalNoise src/sim/npc.js:491;adultScores src/sim/npc.js:1139;updateNpc > measure > measure > (anonyme) > chooseGoal > scoreGoals > adultScores > goalNoise
2079;updateNpc;npc-2;1;3654652965;goalNoise src/sim/npc.js:491;adultScores src/sim/npc.js:1140;updateNpc > measure > measure > (anonyme) > chooseGoal > scoreGoals > adultScores > goalNoise
2079;updateNpc;npc-2;1;1191251482;goalNoise src/sim/npc.js:491;adultScores src/sim/npc.js:1141;updateNpc > measure > measure > (anonyme) > chooseGoal > scoreGoals > adultScores > goalNoise
2108;updateNpc;npc-4;1;3022817295;exploreTarget src/ai/memory.js:669;failureCauseForGoal src/sim/npc.js:1696;updateNpc > measure > measure > (anonyme) > chooseGoal > scoreGoals > adultScores > failureTargetBiasMap > failureCauseForGoal > exploreTarget
2108;updateNpc;npc-4;1;559415812;exploreTarget src/ai/memory.js:670;failureCauseForGoal src/sim/npc.js:1696;updateNpc > measure > measure > (anonyme) > chooseGoal > scoreGoals > adultScores > failureTargetBiasMap > failureCauseForGoal > exploreTarget
2108;updateNpc;npc-4;1;2390981625;goalNoise src/sim/npc.js:491;adultScores src/sim/npc.js:1114;updateNpc > measure > measure > (anonyme) > chooseGoal > scoreGoals > adultScores > goalNoise
2108;updateNpc;npc-4;1;4222547438;goalNoise src/sim/npc.js:491;adultScores src/sim/npc.js:1116;updateNpc > measure > measure > (anonyme) > chooseGoal > scoreGoals > adultScores > goalNoise
2108;updateNpc;npc-4;1;1759145955;goalNoise src/sim/npc.js:491;adultScores src/sim/npc.js:1118;updateNpc > measure > measure > (anonyme) > chooseGoal > scoreGoals > adultScores > goalNoise
2108;updateNpc;npc-4;1;3590711768;goalNoise src/sim/npc.js:491;gatherWoodScoreForDecision src/sim/npc.js:1072;updateNpc > measure > measure > (anonyme) > chooseGoal > scoreGoals > adultScores > gatherWoodScoreForDecision > goalNoise
2108;updateNpc;npc-4;1;1127310285;goalNoise src/sim/npc.js:491;adultScores src/sim/npc.js:1120;updateNpc > measure > measure > (anonyme) > chooseGoal > scoreGoals > adultScores > goalNoise
2108;updateNpc;npc-4;1;2958876098;goalNoise src/sim/npc.js:491;adultScores src/sim/npc.js:1121;updateNpc > measure > measure > (anonyme) > chooseGoal > scoreGoals > adultScores > goalNoise
2108;updateNpc;npc-4;1;495474615;goalNoise src/sim/npc.js:491;adultScores src/sim/npc.js:1125;updateNpc > measure > measure > (anonyme) > chooseGoal > scoreGoals > adultScores > goalNoise
2108;updateNpc;npc-4;1;2327040428;goalNoise src/sim/npc.js:491;maintainScore src/sim/npc.js:2813;updateNpc > measure > measure > (anonyme) > chooseGoal > scoreGoals > adultScores > maintainScore > goalNoise
2108;updateNpc;npc-4;1;4158606241;goalNoise src/sim/npc.js:491;adultScores src/sim/npc.js:1135;updateNpc > measure > measure > (anonyme) > chooseGoal > scoreGoals > adultScores > goalNoise
2108;updateNpc;npc-4;1;1695204758;goalNoise src/sim/npc.js:491;exploreScore src/sim/npc.js:2355;updateNpc > measure > measure > (anonyme) > chooseGoal > scoreGoals > adultScores > exploreScore > goalNoise
2108;updateNpc;npc-4;1;3526770571;goalNoise src/sim/npc.js:491;adultScores src/sim/npc.js:1138;updateNpc > measure > measure > (anonyme) > chooseGoal > scoreGoals > adultScores > goalNoise
2108;updateNpc;npc-4;1;1063369088;goalNoise src/sim/npc.js:491;adultScores src/sim/npc.js:1139;updateNpc > measure > measure > (anonyme) > chooseGoal > scoreGoals > adultScores > goalNoise
2108;updateNpc;npc-4;1;2894934901;goalNoise src/sim/npc.js:491;adultScores src/sim/npc.js:1140;updateNpc > measure > measure > (anonyme) > chooseGoal > scoreGoals > adultScores > goalNoise
2108;updateNpc;npc-4;1;431533418;goalNoise src/sim/npc.js:491;adultScores src/sim/npc.js:1141;updateNpc > measure > measure > (anonyme) > chooseGoal > scoreGoals > adultScores > goalNoise
2116;updateNpc;npc-0;1;2263099231;exploreTarget src/ai/memory.js:669;failureCauseForGoal src/sim/npc.js:1696;updateNpc > measure > measure > (anonyme) > chooseGoal > scoreGoals > adultScores > failureTargetBiasMap > failureCauseForGoal > exploreTarget
2116;updateNpc;npc-0;1;4094665044;exploreTarget src/ai/memory.js:670;failureCauseForGoal src/sim/npc.js:1696;updateNpc > measure > measure > (anonyme) > chooseGoal > scoreGoals > adultScores > failureTargetBiasMap > failureCauseForGoal > exploreTarget
2116;updateNpc;npc-0;1;1631263561;goalNoise src/sim/npc.js:491;adultScores src/sim/npc.js:1114;updateNpc > measure > measure > (anonyme) > chooseGoal > scoreGoals > adultScores > goalNoise
2116;updateNpc;npc-0;1;3462829374;goalNoise src/sim/npc.js:491;adultScores src/sim/npc.js:1116;updateNpc > measure > measure > (anonyme) > chooseGoal > scoreGoals > adultScores > goalNoise
2116;updateNpc;npc-0;1;999427891;goalNoise src/sim/npc.js:491;adultScores src/sim/npc.js:1118;updateNpc > measure > measure > (anonyme) > chooseGoal > scoreGoals > adultScores > goalNoise
2116;updateNpc;npc-0;1;2830993704;goalNoise src/sim/npc.js:491;gatherWoodScoreForDecision src/sim/npc.js:1072;updateNpc > measure > measure > (anonyme) > chooseGoal > scoreGoals > adultScores > gatherWoodScoreForDecision > goalNoise
2116;updateNpc;npc-0;1;367592221;goalNoise src/sim/npc.js:491;adultScores src/sim/npc.js:1120;updateNpc > measure > measure > (anonyme) > chooseGoal > scoreGoals > adultScores > goalNoise
2116;updateNpc;npc-0;1;2199158034;goalNoise src/sim/npc.js:491;adultScores src/sim/npc.js:1121;updateNpc > measure > measure > (anonyme) > chooseGoal > scoreGoals > adultScores > goalNoise
2116;updateNpc;npc-0;1;4030723847;goalNoise src/sim/npc.js:491;adultScores src/sim/npc.js:1125;updateNpc > measure > measure > (anonyme) > chooseGoal > scoreGoals > adultScores > goalNoise
2116;updateNpc;npc-0;1;1567322364;goalNoise src/sim/npc.js:491;maintainScore src/sim/npc.js:2813;updateNpc > measure > measure > (anonyme) > chooseGoal > scoreGoals > adultScores > maintainScore > goalNoise
2116;updateNpc;npc-0;1;3398888177;goalNoise src/sim/npc.js:491;adultScores src/sim/npc.js:1135;updateNpc > measure > measure > (anonyme) > chooseGoal > scoreGoals > adultScores > goalNoise
2116;updateNpc;npc-0;1;935486694;goalNoise src/sim/npc.js:491;exploreScore src/sim/npc.js:2355;updateNpc > measure > measure > (anonyme) > chooseGoal > scoreGoals > adultScores > exploreScore > goalNoise
2116;updateNpc;npc-0;1;2767052507;goalNoise src/sim/npc.js:491;adultScores src/sim/npc.js:1138;updateNpc > measure > measure > (anonyme) > chooseGoal > scoreGoals > adultScores > goalNoise
2116;updateNpc;npc-0;1;303651024;goalNoise src/sim/npc.js:491;adultScores src/sim/npc.js:1139;updateNpc > measure > measure > (anonyme) > chooseGoal > scoreGoals > adultScores > goalNoise
2116;updateNpc;npc-0;1;2135216837;goalNoise src/sim/npc.js:491;adultScores src/sim/npc.js:1140;updateNpc > measure > measure > (anonyme) > chooseGoal > scoreGoals > adultScores > goalNoise
2116;updateNpc;npc-0;1;3966782650;goalNoise src/sim/npc.js:491;adultScores src/sim/npc.js:1141;updateNpc > measure > measure > (anonyme) > chooseGoal > scoreGoals > adultScores > goalNoise
2116;updateNpc;npc-1;1;1503381167;exploreTarget src/ai/memory.js:669;failureCauseForGoal src/sim/npc.js:1696;updateNpc > measure > measure > (anonyme) > chooseGoal > scoreGoals > adultScores > failureTargetBiasMap > failureCauseForGoal > exploreTarget
2116;updateNpc;npc-1;1;3334946980;exploreTarget src/ai/memory.js:670;failureCauseForGoal src/sim/npc.js:1696;updateNpc > measure > measure > (anonyme) > chooseGoal > scoreGoals > adultScores > failureTargetBiasMap > failureCauseForGoal > exploreTarget
2116;updateNpc;npc-1;1;871545497;goalNoise src/sim/npc.js:491;adultScores src/sim/npc.js:1114;updateNpc > measure > measure > (anonyme) > chooseGoal > scoreGoals > adultScores > goalNoise
2116;updateNpc;npc-1;1;2703111310;goalNoise src/sim/npc.js:491;adultScores src/sim/npc.js:1116;updateNpc > measure > measure > (anonyme) > chooseGoal > scoreGoals > adultScores > goalNoise
2116;updateNpc;npc-1;1;239709827;goalNoise src/sim/npc.js:491;adultScores src/sim/npc.js:1118;updateNpc > measure > measure > (anonyme) > chooseGoal > scoreGoals > adultScores > goalNoise
2116;updateNpc;npc-1;1;2071275640;goalNoise src/sim/npc.js:491;gatherWoodScoreForDecision src/sim/npc.js:1072;updateNpc > measure > measure > (anonyme) > chooseGoal > scoreGoals > adultScores > gatherWoodScoreForDecision > goalNoise
2116;updateNpc;npc-1;1;3902841453;goalNoise src/sim/npc.js:491;adultScores src/sim/npc.js:1120;updateNpc > measure > measure > (anonyme) > chooseGoal > scoreGoals > adultScores > goalNoise
2116;updateNpc;npc-1;1;1439439970;goalNoise src/sim/npc.js:491;adultScores src/sim/npc.js:1121;updateNpc > measure > measure > (anonyme) > chooseGoal > scoreGoals > adultScores > goalNoise
2116;updateNpc;npc-1;1;3271005783;goalNoise src/sim/npc.js:491;adultScores src/sim/npc.js:1125;updateNpc > measure > measure > (anonyme) > chooseGoal > scoreGoals > adultScores > goalNoise
2116;updateNpc;npc-1;1;807604300;goalNoise src/sim/npc.js:491;maintainScore src/sim/npc.js:2813;updateNpc > measure > measure > (anonyme) > chooseGoal > scoreGoals > adultScores > maintainScore > goalNoise
2116;updateNpc;npc-1;1;2639170113;goalNoise src/sim/npc.js:491;adultScores src/sim/npc.js:1135;updateNpc > measure > measure > (anonyme) > chooseGoal > scoreGoals > adultScores > goalNoise
2116;updateNpc;npc-1;1;175768630;goalNoise src/sim/npc.js:491;exploreScore src/sim/npc.js:2355;updateNpc > measure > measure > (anonyme) > chooseGoal > scoreGoals > adultScores > exploreScore > goalNoise
2116;updateNpc;npc-1;1;2007334443;goalNoise src/sim/npc.js:491;adultScores src/sim/npc.js:1138;updateNpc > measure > measure > (anonyme) > chooseGoal > scoreGoals > adultScores > goalNoise
2116;updateNpc;npc-1;1;3838900256;goalNoise src/sim/npc.js:491;adultScores src/sim/npc.js:1139;updateNpc > measure > measure > (anonyme) > chooseGoal > scoreGoals > adultScores > goalNoise
2116;updateNpc;npc-1;1;1375498773;goalNoise src/sim/npc.js:491;adultScores src/sim/npc.js:1140;updateNpc > measure > measure > (anonyme) > chooseGoal > scoreGoals > adultScores > goalNoise
2116;updateNpc;npc-1;1;3207064586;goalNoise src/sim/npc.js:491;adultScores src/sim/npc.js:1141;updateNpc > measure > measure > (anonyme) > chooseGoal > scoreGoals > adultScores > goalNoise
2176;updateNpc;npc-4;0;743663103;(anonyme) src/sim/npc.js:893;measure src/debug/profilerCore.js:297;updateNpc > measure > measure > (anonyme)
2176;updateNpc;npc-4;1;2575228916;exploreTarget src/ai/memory.js:669;failureCauseForGoal src/sim/npc.js:1696;updateNpc > measure > measure > (anonyme) > chooseGoal > scoreGoals > adultScores > failureTargetBiasMap > failureCauseForGoal > exploreTarget
2176;updateNpc;npc-4;1;111827433;exploreTarget src/ai/memory.js:670;failureCauseForGoal src/sim/npc.js:1696;updateNpc > measure > measure > (anonyme) > chooseGoal > scoreGoals > adultScores > failureTargetBiasMap > failureCauseForGoal > exploreTarget
2176;updateNpc;npc-4;1;1943393246;exploreTarget src/ai/memory.js:669;failureCauseForGoal src/sim/npc.js:1696;updateNpc > measure > measure > (anonyme) > chooseGoal > scoreGoals > adultScores > failureTargetBiasMap > failureCauseForGoal > exploreTarget
2176;updateNpc;npc-4;1;3774959059;exploreTarget src/ai/memory.js:670;failureCauseForGoal src/sim/npc.js:1696;updateNpc > measure > measure > (anonyme) > chooseGoal > scoreGoals > adultScores > failureTargetBiasMap > failureCauseForGoal > exploreTarget
2176;updateNpc;npc-4;1;1311557576;goalNoise src/sim/npc.js:491;adultScores src/sim/npc.js:1114;updateNpc > measure > measure > (anonyme) > chooseGoal > scoreGoals > adultScores > goalNoise
2176;updateNpc;npc-4;1;3143123389;goalNoise src/sim/npc.js:491;adultScores src/sim/npc.js:1116;updateNpc > measure > measure > (anonyme) > chooseGoal > scoreGoals > adultScores > goalNoise
2176;updateNpc;npc-4;1;679721906;goalNoise src/sim/npc.js:491;adultScores src/sim/npc.js:1118;updateNpc > measure > measure > (anonyme) > chooseGoal > scoreGoals > adultScores > goalNoise
2176;updateNpc;npc-4;1;2511287719;goalNoise src/sim/npc.js:491;gatherWoodScoreForDecision src/sim/npc.js:1072;updateNpc > measure > measure > (anonyme) > chooseGoal > scoreGoals > adultScores > gatherWoodScoreForDecision > goalNoise
2176;updateNpc;npc-4;1;47886236;goalNoise src/sim/npc.js:491;adultScores src/sim/npc.js:1120;updateNpc > measure > measure > (anonyme) > chooseGoal > scoreGoals > adultScores > goalNoise
2176;updateNpc;npc-4;1;1879452049;goalNoise src/sim/npc.js:491;adultScores src/sim/npc.js:1121;updateNpc > measure > measure > (anonyme) > chooseGoal > scoreGoals > adultScores > goalNoise
2176;updateNpc;npc-4;1;3711017862;goalNoise src/sim/npc.js:491;adultScores src/sim/npc.js:1125;updateNpc > measure > measure > (anonyme) > chooseGoal > scoreGoals > adultScores > goalNoise
2176;updateNpc;npc-4;1;1247616379;goalNoise src/sim/npc.js:491;maintainScore src/sim/npc.js:2813;updateNpc > measure > measure > (anonyme) > chooseGoal > scoreGoals > adultScores > maintainScore > goalNoise
2176;updateNpc;npc-4;1;3079182192;goalNoise src/sim/npc.js:491;adultScores src/sim/npc.js:1135;updateNpc > measure > measure > (anonyme) > chooseGoal > scoreGoals > adultScores > goalNoise
2176;updateNpc;npc-4;1;615780709;goalNoise src/sim/npc.js:491;exploreScore src/sim/npc.js:2355;updateNpc > measure > measure > (anonyme) > chooseGoal > scoreGoals > adultScores > exploreScore > goalNoise
2176;updateNpc;npc-4;1;2447346522;goalNoise src/sim/npc.js:491;adultScores src/sim/npc.js:1138;updateNpc > measure > measure > (anonyme) > chooseGoal > scoreGoals > adultScores > goalNoise
2176;updateNpc;npc-4;1;4278912335;goalNoise src/sim/npc.js:491;adultScores src/sim/npc.js:1139;updateNpc > measure > measure > (anonyme) > chooseGoal > scoreGoals > adultScores > goalNoise
2176;updateNpc;npc-4;1;1815510852;goalNoise src/sim/npc.js:491;adultScores src/sim/npc.js:1140;updateNpc > measure > measure > (anonyme) > chooseGoal > scoreGoals > adultScores > goalNoise
2176;updateNpc;npc-4;1;3647076665;goalNoise src/sim/npc.js:491;adultScores src/sim/npc.js:1141;updateNpc > measure > measure > (anonyme) > chooseGoal > scoreGoals > adultScores > goalNoise
2226;updateNpc;npc-3;1;1183675182;exploreTarget src/ai/memory.js:669;failureCauseForGoal src/sim/npc.js:1696;updateNpc > measure > measure > (anonyme) > chooseGoal > scoreGoals > adultScores > failureTargetBiasMap > failureCauseForGoal > exploreTarget
2226;updateNpc;npc-3;1;3015240995;exploreTarget src/ai/memory.js:670;failureCauseForGoal src/sim/npc.js:1696;updateNpc > measure > measure > (anonyme) > chooseGoal > scoreGoals > adultScores > failureTargetBiasMap > failureCauseForGoal > exploreTarget
2226;updateNpc;npc-3;1;551839512;goalNoise src/sim/npc.js:491;adultScores src/sim/npc.js:1114;updateNpc > measure > measure > (anonyme) > chooseGoal > scoreGoals > adultScores > goalNoise
2226;updateNpc;npc-3;1;2383405325;goalNoise src/sim/npc.js:491;adultScores src/sim/npc.js:1116;updateNpc > measure > measure > (anonyme) > chooseGoal > scoreGoals > adultScores > goalNoise
2226;updateNpc;npc-3;1;4214971138;goalNoise src/sim/npc.js:491;adultScores src/sim/npc.js:1118;updateNpc > measure > measure > (anonyme) > chooseGoal > scoreGoals > adultScores > goalNoise
2226;updateNpc;npc-3;1;1751569655;goalNoise src/sim/npc.js:491;gatherWoodScoreForDecision src/sim/npc.js:1072;updateNpc > measure > measure > (anonyme) > chooseGoal > scoreGoals > adultScores > gatherWoodScoreForDecision > goalNoise
2226;updateNpc;npc-3;1;3583135468;goalNoise src/sim/npc.js:491;adultScores src/sim/npc.js:1120;updateNpc > measure > measure > (anonyme) > chooseGoal > scoreGoals > adultScores > goalNoise
2226;updateNpc;npc-3;1;1119733985;goalNoise src/sim/npc.js:491;adultScores src/sim/npc.js:1121;updateNpc > measure > measure > (anonyme) > chooseGoal > scoreGoals > adultScores > goalNoise
2226;updateNpc;npc-3;1;2951299798;goalNoise src/sim/npc.js:491;adultScores src/sim/npc.js:1125;updateNpc > measure > measure > (anonyme) > chooseGoal > scoreGoals > adultScores > goalNoise
2226;updateNpc;npc-3;1;487898315;goalNoise src/sim/npc.js:491;maintainScore src/sim/npc.js:2813;updateNpc > measure > measure > (anonyme) > chooseGoal > scoreGoals > adultScores > maintainScore > goalNoise
2226;updateNpc;npc-3;1;2319464128;goalNoise src/sim/npc.js:491;adultScores src/sim/npc.js:1135;updateNpc > measure > measure > (anonyme) > chooseGoal > scoreGoals > adultScores > goalNoise
2226;updateNpc;npc-3;1;4151029941;goalNoise src/sim/npc.js:491;exploreScore src/sim/npc.js:2355;updateNpc > measure > measure > (anonyme) > chooseGoal > scoreGoals > adultScores > exploreScore > goalNoise
2226;updateNpc;npc-3;1;1687628458;goalNoise src/sim/npc.js:491;adultScores src/sim/npc.js:1138;updateNpc > measure > measure > (anonyme) > chooseGoal > scoreGoals > adultScores > goalNoise
2226;updateNpc;npc-3;1;3519194271;goalNoise src/sim/npc.js:491;adultScores src/sim/npc.js:1139;updateNpc > measure > measure > (anonyme) > chooseGoal > scoreGoals > adultScores > goalNoise
2226;updateNpc;npc-3;1;1055792788;goalNoise src/sim/npc.js:491;adultScores src/sim/npc.js:1140;updateNpc > measure > measure > (anonyme) > chooseGoal > scoreGoals > adultScores > goalNoise
2226;updateNpc;npc-3;1;2887358601;goalNoise src/sim/npc.js:491;adultScores src/sim/npc.js:1141;updateNpc > measure > measure > (anonyme) > chooseGoal > scoreGoals > adultScores > goalNoise
2244;updateNpc;npc-4;1;423957118;exploreTarget src/ai/memory.js:669;failureCauseForGoal src/sim/npc.js:1696;updateNpc > measure > measure > (anonyme) > chooseGoal > scoreGoals > adultScores > failureTargetBiasMap > failureCauseForGoal > exploreTarget
2244;updateNpc;npc-4;1;2255522931;exploreTarget src/ai/memory.js:670;failureCauseForGoal src/sim/npc.js:1696;updateNpc > measure > measure > (anonyme) > chooseGoal > scoreGoals > adultScores > failureTargetBiasMap > failureCauseForGoal > exploreTarget
2244;updateNpc;npc-4;1;4087088744;goalNoise src/sim/npc.js:491;adultScores src/sim/npc.js:1114;updateNpc > measure > measure > (anonyme) > chooseGoal > scoreGoals > adultScores > goalNoise
2244;updateNpc;npc-4;1;1623687261;goalNoise src/sim/npc.js:491;adultScores src/sim/npc.js:1116;updateNpc > measure > measure > (anonyme) > chooseGoal > scoreGoals > adultScores > goalNoise
2244;updateNpc;npc-4;1;3455253074;goalNoise src/sim/npc.js:491;adultScores src/sim/npc.js:1118;updateNpc > measure > measure > (anonyme) > chooseGoal > scoreGoals > adultScores > goalNoise
2244;updateNpc;npc-4;1;991851591;goalNoise src/sim/npc.js:491;gatherWoodScoreForDecision src/sim/npc.js:1072;updateNpc > measure > measure > (anonyme) > chooseGoal > scoreGoals > adultScores > gatherWoodScoreForDecision > goalNoise
2244;updateNpc;npc-4;1;2823417404;goalNoise src/sim/npc.js:491;adultScores src/sim/npc.js:1120;updateNpc > measure > measure > (anonyme) > chooseGoal > scoreGoals > adultScores > goalNoise
2244;updateNpc;npc-4;1;360015921;goalNoise src/sim/npc.js:491;adultScores src/sim/npc.js:1121;updateNpc > measure > measure > (anonyme) > chooseGoal > scoreGoals > adultScores > goalNoise
2244;updateNpc;npc-4;1;2191581734;goalNoise src/sim/npc.js:491;adultScores src/sim/npc.js:1125;updateNpc > measure > measure > (anonyme) > chooseGoal > scoreGoals > adultScores > goalNoise
2244;updateNpc;npc-4;1;4023147547;goalNoise src/sim/npc.js:491;maintainScore src/sim/npc.js:2813;updateNpc > measure > measure > (anonyme) > chooseGoal > scoreGoals > adultScores > maintainScore > goalNoise
2244;updateNpc;npc-4;1;1559746064;goalNoise src/sim/npc.js:491;adultScores src/sim/npc.js:1135;updateNpc > measure > measure > (anonyme) > chooseGoal > scoreGoals > adultScores > goalNoise
2244;updateNpc;npc-4;1;3391311877;goalNoise src/sim/npc.js:491;exploreScore src/sim/npc.js:2355;updateNpc > measure > measure > (anonyme) > chooseGoal > scoreGoals > adultScores > exploreScore > goalNoise
2244;updateNpc;npc-4;1;927910394;goalNoise src/sim/npc.js:491;adultScores src/sim/npc.js:1138;updateNpc > measure > measure > (anonyme) > chooseGoal > scoreGoals > adultScores > goalNoise
2244;updateNpc;npc-4;1;2759476207;goalNoise src/sim/npc.js:491;adultScores src/sim/npc.js:1139;updateNpc > measure > measure > (anonyme) > chooseGoal > scoreGoals > adultScores > goalNoise
2244;updateNpc;npc-4;1;296074724;goalNoise src/sim/npc.js:491;adultScores src/sim/npc.js:1140;updateNpc > measure > measure > (anonyme) > chooseGoal > scoreGoals > adultScores > goalNoise
2244;updateNpc;npc-4;1;2127640537;goalNoise src/sim/npc.js:491;adultScores src/sim/npc.js:1141;updateNpc > measure > measure > (anonyme) > chooseGoal > scoreGoals > adultScores > goalNoise
2249;updateNpc;npc-0;1;3959206350;exploreTarget src/ai/memory.js:669;failureCauseForGoal src/sim/npc.js:1696;updateNpc > measure > measure > (anonyme) > chooseGoal > scoreGoals > adultScores > failureTargetBiasMap > failureCauseForGoal > exploreTarget
2249;updateNpc;npc-0;1;1495804867;exploreTarget src/ai/memory.js:670;failureCauseForGoal src/sim/npc.js:1696;updateNpc > measure > measure > (anonyme) > chooseGoal > scoreGoals > adultScores > failureTargetBiasMap > failureCauseForGoal > exploreTarget
2249;updateNpc;npc-0;1;3327370680;goalNoise src/sim/npc.js:491;adultScores src/sim/npc.js:1114;updateNpc > measure > measure > (anonyme) > chooseGoal > scoreGoals > adultScores > goalNoise
2249;updateNpc;npc-0;1;863969197;goalNoise src/sim/npc.js:491;adultScores src/sim/npc.js:1116;updateNpc > measure > measure > (anonyme) > chooseGoal > scoreGoals > adultScores > goalNoise
2249;updateNpc;npc-0;1;2695535010;goalNoise src/sim/npc.js:491;adultScores src/sim/npc.js:1118;updateNpc > measure > measure > (anonyme) > chooseGoal > scoreGoals > adultScores > goalNoise
2249;updateNpc;npc-0;1;232133527;goalNoise src/sim/npc.js:491;gatherWoodScoreForDecision src/sim/npc.js:1072;updateNpc > measure > measure > (anonyme) > chooseGoal > scoreGoals > adultScores > gatherWoodScoreForDecision > goalNoise
2249;updateNpc;npc-0;1;2063699340;goalNoise src/sim/npc.js:491;adultScores src/sim/npc.js:1120;updateNpc > measure > measure > (anonyme) > chooseGoal > scoreGoals > adultScores > goalNoise
2249;updateNpc;npc-0;1;3895265153;goalNoise src/sim/npc.js:491;adultScores src/sim/npc.js:1121;updateNpc > measure > measure > (anonyme) > chooseGoal > scoreGoals > adultScores > goalNoise
2249;updateNpc;npc-0;1;1431863670;goalNoise src/sim/npc.js:491;adultScores src/sim/npc.js:1125;updateNpc > measure > measure > (anonyme) > chooseGoal > scoreGoals > adultScores > goalNoise
2249;updateNpc;npc-0;1;3263429483;goalNoise src/sim/npc.js:491;maintainScore src/sim/npc.js:2813;updateNpc > measure > measure > (anonyme) > chooseGoal > scoreGoals > adultScores > maintainScore > goalNoise
2249;updateNpc;npc-0;1;800028000;goalNoise src/sim/npc.js:491;adultScores src/sim/npc.js:1135;updateNpc > measure > measure > (anonyme) > chooseGoal > scoreGoals > adultScores > goalNoise
2249;updateNpc;npc-0;1;2631593813;goalNoise src/sim/npc.js:491;exploreScore src/sim/npc.js:2355;updateNpc > measure > measure > (anonyme) > chooseGoal > scoreGoals > adultScores > exploreScore > goalNoise
2249;updateNpc;npc-0;1;168192330;goalNoise src/sim/npc.js:491;adultScores src/sim/npc.js:1138;updateNpc > measure > measure > (anonyme) > chooseGoal > scoreGoals > adultScores > goalNoise
2249;updateNpc;npc-0;1;1999758143;goalNoise src/sim/npc.js:491;adultScores src/sim/npc.js:1139;updateNpc > measure > measure > (anonyme) > chooseGoal > scoreGoals > adultScores > goalNoise
2249;updateNpc;npc-0;1;3831323956;goalNoise src/sim/npc.js:491;adultScores src/sim/npc.js:1140;updateNpc > measure > measure > (anonyme) > chooseGoal > scoreGoals > adultScores > goalNoise
2249;updateNpc;npc-0;1;1367922473;goalNoise src/sim/npc.js:491;adultScores src/sim/npc.js:1141;updateNpc > measure > measure > (anonyme) > chooseGoal > scoreGoals > adultScores > goalNoise
2262;updateNpc;npc-2;0;3199488286;(anonyme) src/sim/npc.js:893;measure src/debug/profilerCore.js:297;updateNpc > measure > measure > (anonyme)
2262;updateNpc;npc-2;1;736086803;exploreTarget src/ai/memory.js:669;failureCauseForGoal src/sim/npc.js:1696;updateNpc > measure > measure > (anonyme) > chooseGoal > scoreGoals > adultScores > failureTargetBiasMap > failureCauseForGoal > exploreTarget
2262;updateNpc;npc-2;1;2567652616;exploreTarget src/ai/memory.js:670;failureCauseForGoal src/sim/npc.js:1696;updateNpc > measure > measure > (anonyme) > chooseGoal > scoreGoals > adultScores > failureTargetBiasMap > failureCauseForGoal > exploreTarget
2262;updateNpc;npc-2;1;104251133;goalNoise src/sim/npc.js:491;adultScores src/sim/npc.js:1114;updateNpc > measure > measure > (anonyme) > chooseGoal > scoreGoals > adultScores > goalNoise
2262;updateNpc;npc-2;1;1935816946;goalNoise src/sim/npc.js:491;adultScores src/sim/npc.js:1116;updateNpc > measure > measure > (anonyme) > chooseGoal > scoreGoals > adultScores > goalNoise
2262;updateNpc;npc-2;1;3767382759;goalNoise src/sim/npc.js:491;adultScores src/sim/npc.js:1118;updateNpc > measure > measure > (anonyme) > chooseGoal > scoreGoals > adultScores > goalNoise
2262;updateNpc;npc-2;1;1303981276;goalNoise src/sim/npc.js:491;gatherWoodScoreForDecision src/sim/npc.js:1072;updateNpc > measure > measure > (anonyme) > chooseGoal > scoreGoals > adultScores > gatherWoodScoreForDecision > goalNoise
2262;updateNpc;npc-2;1;3135547089;goalNoise src/sim/npc.js:491;adultScores src/sim/npc.js:1120;updateNpc > measure > measure > (anonyme) > chooseGoal > scoreGoals > adultScores > goalNoise
2262;updateNpc;npc-2;1;672145606;goalNoise src/sim/npc.js:491;adultScores src/sim/npc.js:1121;updateNpc > measure > measure > (anonyme) > chooseGoal > scoreGoals > adultScores > goalNoise
2262;updateNpc;npc-2;1;2503711419;goalNoise src/sim/npc.js:491;adultScores src/sim/npc.js:1125;updateNpc > measure > measure > (anonyme) > chooseGoal > scoreGoals > adultScores > goalNoise
2262;updateNpc;npc-2;1;40309936;goalNoise src/sim/npc.js:491;maintainScore src/sim/npc.js:2813;updateNpc > measure > measure > (anonyme) > chooseGoal > scoreGoals > adultScores > maintainScore > goalNoise
2262;updateNpc;npc-2;1;1871875749;goalNoise src/sim/npc.js:491;adultScores src/sim/npc.js:1135;updateNpc > measure > measure > (anonyme) > chooseGoal > scoreGoals > adultScores > goalNoise
2262;updateNpc;npc-2;1;3703441562;goalNoise src/sim/npc.js:491;exploreScore src/sim/npc.js:2355;updateNpc > measure > measure > (anonyme) > chooseGoal > scoreGoals > adultScores > exploreScore > goalNoise
2262;updateNpc;npc-2;1;1240040079;goalNoise src/sim/npc.js:491;adultScores src/sim/npc.js:1138;updateNpc > measure > measure > (anonyme) > chooseGoal > scoreGoals > adultScores > goalNoise
2262;updateNpc;npc-2;1;3071605892;goalNoise src/sim/npc.js:491;adultScores src/sim/npc.js:1139;updateNpc > measure > measure > (anonyme) > chooseGoal > scoreGoals > adultScores > goalNoise
2262;updateNpc;npc-2;1;608204409;goalNoise src/sim/npc.js:491;adultScores src/sim/npc.js:1140;updateNpc > measure > measure > (anonyme) > chooseGoal > scoreGoals > adultScores > goalNoise
2262;updateNpc;npc-2;1;2439770222;goalNoise src/sim/npc.js:491;adultScores src/sim/npc.js:1141;updateNpc > measure > measure > (anonyme) > chooseGoal > scoreGoals > adultScores > goalNoise
2312;updateNpc;npc-4;1;4271336035;exploreTarget src/ai/memory.js:669;failureCauseForGoal src/sim/npc.js:1696;updateNpc > measure > measure > (anonyme) > chooseGoal > scoreGoals > adultScores > failureTargetBiasMap > failureCauseForGoal > exploreTarget
2312;updateNpc;npc-4;1;1807934552;exploreTarget src/ai/memory.js:670;failureCauseForGoal src/sim/npc.js:1696;updateNpc > measure > measure > (anonyme) > chooseGoal > scoreGoals > adultScores > failureTargetBiasMap > failureCauseForGoal > exploreTarget
2312;updateNpc;npc-4;1;3639500365;goalNoise src/sim/npc.js:491;adultScores src/sim/npc.js:1114;updateNpc > measure > measure > (anonyme) > chooseGoal > scoreGoals > adultScores > goalNoise
2312;updateNpc;npc-4;1;1176098882;goalNoise src/sim/npc.js:491;adultScores src/sim/npc.js:1116;updateNpc > measure > measure > (anonyme) > chooseGoal > scoreGoals > adultScores > goalNoise
2312;updateNpc;npc-4;1;3007664695;goalNoise src/sim/npc.js:491;adultScores src/sim/npc.js:1118;updateNpc > measure > measure > (anonyme) > chooseGoal > scoreGoals > adultScores > goalNoise
2312;updateNpc;npc-4;1;544263212;goalNoise src/sim/npc.js:491;gatherWoodScoreForDecision src/sim/npc.js:1072;updateNpc > measure > measure > (anonyme) > chooseGoal > scoreGoals > adultScores > gatherWoodScoreForDecision > goalNoise
2312;updateNpc;npc-4;1;2375829025;goalNoise src/sim/npc.js:491;adultScores src/sim/npc.js:1120;updateNpc > measure > measure > (anonyme) > chooseGoal > scoreGoals > adultScores > goalNoise
2312;updateNpc;npc-4;1;4207394838;goalNoise src/sim/npc.js:491;adultScores src/sim/npc.js:1121;updateNpc > measure > measure > (anonyme) > chooseGoal > scoreGoals > adultScores > goalNoise
2312;updateNpc;npc-4;1;1743993355;goalNoise src/sim/npc.js:491;adultScores src/sim/npc.js:1125;updateNpc > measure > measure > (anonyme) > chooseGoal > scoreGoals > adultScores > goalNoise
2312;updateNpc;npc-4;1;3575559168;goalNoise src/sim/npc.js:491;maintainScore src/sim/npc.js:2813;updateNpc > measure > measure > (anonyme) > chooseGoal > scoreGoals > adultScores > maintainScore > goalNoise
2312;updateNpc;npc-4;1;1112157685;goalNoise src/sim/npc.js:491;adultScores src/sim/npc.js:1135;updateNpc > measure > measure > (anonyme) > chooseGoal > scoreGoals > adultScores > goalNoise
2312;updateNpc;npc-4;1;2943723498;goalNoise src/sim/npc.js:491;exploreScore src/sim/npc.js:2355;updateNpc > measure > measure > (anonyme) > chooseGoal > scoreGoals > adultScores > exploreScore > goalNoise
2312;updateNpc;npc-4;1;480322015;goalNoise src/sim/npc.js:491;adultScores src/sim/npc.js:1138;updateNpc > measure > measure > (anonyme) > chooseGoal > scoreGoals > adultScores > goalNoise
2312;updateNpc;npc-4;1;2311887828;goalNoise src/sim/npc.js:491;adultScores src/sim/npc.js:1139;updateNpc > measure > measure > (anonyme) > chooseGoal > scoreGoals > adultScores > goalNoise
2312;updateNpc;npc-4;1;4143453641;goalNoise src/sim/npc.js:491;adultScores src/sim/npc.js:1140;updateNpc > measure > measure > (anonyme) > chooseGoal > scoreGoals > adultScores > goalNoise
2312;updateNpc;npc-4;1;1680052158;goalNoise src/sim/npc.js:491;adultScores src/sim/npc.js:1141;updateNpc > measure > measure > (anonyme) > chooseGoal > scoreGoals > adultScores > goalNoise
2380;updateNpc;npc-4;0;3511617971;(anonyme) src/sim/npc.js:893;measure src/debug/profilerCore.js:297;updateNpc > measure > measure > (anonyme)
2380;updateNpc;npc-4;1;1048216488;exploreTarget src/ai/memory.js:669;failureCauseForGoal src/sim/npc.js:1696;updateNpc > measure > measure > (anonyme) > chooseGoal > scoreGoals > adultScores > failureTargetBiasMap > failureCauseForGoal > exploreTarget
2380;updateNpc;npc-4;1;2879782301;exploreTarget src/ai/memory.js:670;failureCauseForGoal src/sim/npc.js:1696;updateNpc > measure > measure > (anonyme) > chooseGoal > scoreGoals > adultScores > failureTargetBiasMap > failureCauseForGoal > exploreTarget
2380;updateNpc;npc-4;1;416380818;goalNoise src/sim/npc.js:491;adultScores src/sim/npc.js:1114;updateNpc > measure > measure > (anonyme) > chooseGoal > scoreGoals > adultScores > goalNoise
2380;updateNpc;npc-4;1;2247946631;goalNoise src/sim/npc.js:491;adultScores src/sim/npc.js:1116;updateNpc > measure > measure > (anonyme) > chooseGoal > scoreGoals > adultScores > goalNoise
2380;updateNpc;npc-4;1;4079512444;goalNoise src/sim/npc.js:491;adultScores src/sim/npc.js:1118;updateNpc > measure > measure > (anonyme) > chooseGoal > scoreGoals > adultScores > goalNoise
2380;updateNpc;npc-4;1;1616110961;goalNoise src/sim/npc.js:491;gatherWoodScoreForDecision src/sim/npc.js:1072;updateNpc > measure > measure > (anonyme) > chooseGoal > scoreGoals > adultScores > gatherWoodScoreForDecision > goalNoise
2380;updateNpc;npc-4;1;3447676774;goalNoise src/sim/npc.js:491;adultScores src/sim/npc.js:1120;updateNpc > measure > measure > (anonyme) > chooseGoal > scoreGoals > adultScores > goalNoise
2380;updateNpc;npc-4;1;984275291;goalNoise src/sim/npc.js:491;adultScores src/sim/npc.js:1121;updateNpc > measure > measure > (anonyme) > chooseGoal > scoreGoals > adultScores > goalNoise
2380;updateNpc;npc-4;1;2815841104;goalNoise src/sim/npc.js:491;adultScores src/sim/npc.js:1125;updateNpc > measure > measure > (anonyme) > chooseGoal > scoreGoals > adultScores > goalNoise
2380;updateNpc;npc-4;1;352439621;goalNoise src/sim/npc.js:491;maintainScore src/sim/npc.js:2813;updateNpc > measure > measure > (anonyme) > chooseGoal > scoreGoals > adultScores > maintainScore > goalNoise
2380;updateNpc;npc-4;1;2184005434;goalNoise src/sim/npc.js:491;adultScores src/sim/npc.js:1135;updateNpc > measure > measure > (anonyme) > chooseGoal > scoreGoals > adultScores > goalNoise
2380;updateNpc;npc-4;1;4015571247;goalNoise src/sim/npc.js:491;exploreScore src/sim/npc.js:2355;updateNpc > measure > measure > (anonyme) > chooseGoal > scoreGoals > adultScores > exploreScore > goalNoise
2380;updateNpc;npc-4;1;1552169764;goalNoise src/sim/npc.js:491;adultScores src/sim/npc.js:1138;updateNpc > measure > measure > (anonyme) > chooseGoal > scoreGoals > adultScores > goalNoise
2380;updateNpc;npc-4;1;3383735577;goalNoise src/sim/npc.js:491;adultScores src/sim/npc.js:1139;updateNpc > measure > measure > (anonyme) > chooseGoal > scoreGoals > adultScores > goalNoise
2380;updateNpc;npc-4;1;920334094;goalNoise src/sim/npc.js:491;adultScores src/sim/npc.js:1140;updateNpc > measure > measure > (anonyme) > chooseGoal > scoreGoals > adultScores > goalNoise
2380;updateNpc;npc-4;1;2751899907;goalNoise src/sim/npc.js:491;adultScores src/sim/npc.js:1141;updateNpc > measure > measure > (anonyme) > chooseGoal > scoreGoals > adultScores > goalNoise
2382;updateNpc;npc-0;1;288498424;exploreTarget src/ai/memory.js:669;failureCauseForGoal src/sim/npc.js:1696;updateNpc > measure > measure > (anonyme) > chooseGoal > scoreGoals > adultScores > failureTargetBiasMap > failureCauseForGoal > exploreTarget
2382;updateNpc;npc-0;1;2120064237;exploreTarget src/ai/memory.js:670;failureCauseForGoal src/sim/npc.js:1696;updateNpc > measure > measure > (anonyme) > chooseGoal > scoreGoals > adultScores > failureTargetBiasMap > failureCauseForGoal > exploreTarget
2382;updateNpc;npc-0;1;3951630050;goalNoise src/sim/npc.js:491;adultScores src/sim/npc.js:1114;updateNpc > measure > measure > (anonyme) > chooseGoal > scoreGoals > adultScores > goalNoise
2382;updateNpc;npc-0;1;1488228567;goalNoise src/sim/npc.js:491;adultScores src/sim/npc.js:1116;updateNpc > measure > measure > (anonyme) > chooseGoal > scoreGoals > adultScores > goalNoise
2382;updateNpc;npc-0;1;3319794380;goalNoise src/sim/npc.js:491;adultScores src/sim/npc.js:1118;updateNpc > measure > measure > (anonyme) > chooseGoal > scoreGoals > adultScores > goalNoise
2382;updateNpc;npc-0;1;856392897;goalNoise src/sim/npc.js:491;gatherWoodScoreForDecision src/sim/npc.js:1072;updateNpc > measure > measure > (anonyme) > chooseGoal > scoreGoals > adultScores > gatherWoodScoreForDecision > goalNoise
2382;updateNpc;npc-0;1;2687958710;goalNoise src/sim/npc.js:491;adultScores src/sim/npc.js:1120;updateNpc > measure > measure > (anonyme) > chooseGoal > scoreGoals > adultScores > goalNoise
2382;updateNpc;npc-0;1;224557227;goalNoise src/sim/npc.js:491;adultScores src/sim/npc.js:1121;updateNpc > measure > measure > (anonyme) > chooseGoal > scoreGoals > adultScores > goalNoise
2382;updateNpc;npc-0;1;2056123040;goalNoise src/sim/npc.js:491;adultScores src/sim/npc.js:1125;updateNpc > measure > measure > (anonyme) > chooseGoal > scoreGoals > adultScores > goalNoise
2382;updateNpc;npc-0;1;3887688853;goalNoise src/sim/npc.js:491;maintainScore src/sim/npc.js:2813;updateNpc > measure > measure > (anonyme) > chooseGoal > scoreGoals > adultScores > maintainScore > goalNoise
2382;updateNpc;npc-0;1;1424287370;goalNoise src/sim/npc.js:491;adultScores src/sim/npc.js:1135;updateNpc > measure > measure > (anonyme) > chooseGoal > scoreGoals > adultScores > goalNoise
2382;updateNpc;npc-0;1;3255853183;goalNoise src/sim/npc.js:491;exploreScore src/sim/npc.js:2355;updateNpc > measure > measure > (anonyme) > chooseGoal > scoreGoals > adultScores > exploreScore > goalNoise
2382;updateNpc;npc-0;1;792451700;goalNoise src/sim/npc.js:491;adultScores src/sim/npc.js:1138;updateNpc > measure > measure > (anonyme) > chooseGoal > scoreGoals > adultScores > goalNoise
2382;updateNpc;npc-0;1;2624017513;goalNoise src/sim/npc.js:491;adultScores src/sim/npc.js:1139;updateNpc > measure > measure > (anonyme) > chooseGoal > scoreGoals > adultScores > goalNoise
2382;updateNpc;npc-0;1;160616030;goalNoise src/sim/npc.js:491;adultScores src/sim/npc.js:1140;updateNpc > measure > measure > (anonyme) > chooseGoal > scoreGoals > adultScores > goalNoise
2382;updateNpc;npc-0;1;1992181843;goalNoise src/sim/npc.js:491;adultScores src/sim/npc.js:1141;updateNpc > measure > measure > (anonyme) > chooseGoal > scoreGoals > adultScores > goalNoise
2409;updateNpc;npc-3;1;3823747656;exploreTarget src/ai/memory.js:669;failureCauseForGoal src/sim/npc.js:1696;updateNpc > measure > measure > (anonyme) > chooseGoal > scoreGoals > adultScores > failureTargetBiasMap > failureCauseForGoal > exploreTarget
2409;updateNpc;npc-3;1;1360346173;exploreTarget src/ai/memory.js:670;failureCauseForGoal src/sim/npc.js:1696;updateNpc > measure > measure > (anonyme) > chooseGoal > scoreGoals > adultScores > failureTargetBiasMap > failureCauseForGoal > exploreTarget
2409;updateNpc;npc-3;1;3191911986;goalNoise src/sim/npc.js:491;adultScores src/sim/npc.js:1114;updateNpc > measure > measure > (anonyme) > chooseGoal > scoreGoals > adultScores > goalNoise
2409;updateNpc;npc-3;1;728510503;goalNoise src/sim/npc.js:491;adultScores src/sim/npc.js:1116;updateNpc > measure > measure > (anonyme) > chooseGoal > scoreGoals > adultScores > goalNoise
2409;updateNpc;npc-3;1;2560076316;goalNoise src/sim/npc.js:491;adultScores src/sim/npc.js:1118;updateNpc > measure > measure > (anonyme) > chooseGoal > scoreGoals > adultScores > goalNoise
2409;updateNpc;npc-3;1;96674833;goalNoise src/sim/npc.js:491;gatherWoodScoreForDecision src/sim/npc.js:1072;updateNpc > measure > measure > (anonyme) > chooseGoal > scoreGoals > adultScores > gatherWoodScoreForDecision > goalNoise
2409;updateNpc;npc-3;1;1928240646;goalNoise src/sim/npc.js:491;adultScores src/sim/npc.js:1120;updateNpc > measure > measure > (anonyme) > chooseGoal > scoreGoals > adultScores > goalNoise
2409;updateNpc;npc-3;1;3759806459;goalNoise src/sim/npc.js:491;adultScores src/sim/npc.js:1121;updateNpc > measure > measure > (anonyme) > chooseGoal > scoreGoals > adultScores > goalNoise
2409;updateNpc;npc-3;1;1296404976;goalNoise src/sim/npc.js:491;adultScores src/sim/npc.js:1125;updateNpc > measure > measure > (anonyme) > chooseGoal > scoreGoals > adultScores > goalNoise
2409;updateNpc;npc-3;1;3127970789;goalNoise src/sim/npc.js:491;maintainScore src/sim/npc.js:2813;updateNpc > measure > measure > (anonyme) > chooseGoal > scoreGoals > adultScores > maintainScore > goalNoise
2409;updateNpc;npc-3;1;664569306;goalNoise src/sim/npc.js:491;adultScores src/sim/npc.js:1135;updateNpc > measure > measure > (anonyme) > chooseGoal > scoreGoals > adultScores > goalNoise
2409;updateNpc;npc-3;1;2496135119;goalNoise src/sim/npc.js:491;exploreScore src/sim/npc.js:2355;updateNpc > measure > measure > (anonyme) > chooseGoal > scoreGoals > adultScores > exploreScore > goalNoise
2409;updateNpc;npc-3;1;32733636;goalNoise src/sim/npc.js:491;adultScores src/sim/npc.js:1138;updateNpc > measure > measure > (anonyme) > chooseGoal > scoreGoals > adultScores > goalNoise
2409;updateNpc;npc-3;1;1864299449;goalNoise src/sim/npc.js:491;adultScores src/sim/npc.js:1139;updateNpc > measure > measure > (anonyme) > chooseGoal > scoreGoals > adultScores > goalNoise
2409;updateNpc;npc-3;1;3695865262;goalNoise src/sim/npc.js:491;adultScores src/sim/npc.js:1140;updateNpc > measure > measure > (anonyme) > chooseGoal > scoreGoals > adultScores > goalNoise
2409;updateNpc;npc-3;1;1232463779;goalNoise src/sim/npc.js:491;adultScores src/sim/npc.js:1141;updateNpc > measure > measure > (anonyme) > chooseGoal > scoreGoals > adultScores > goalNoise
2445;updateNpc;npc-2;0;3064029592;(anonyme) src/sim/npc.js:893;measure src/debug/profilerCore.js:297;updateNpc > measure > measure > (anonyme)
2445;updateNpc;npc-2;1;600628109;exploreTarget src/ai/memory.js:669;failureCauseForGoal src/sim/npc.js:1696;updateNpc > measure > measure > (anonyme) > chooseGoal > scoreGoals > adultScores > failureTargetBiasMap > failureCauseForGoal > exploreTarget
2445;updateNpc;npc-2;1;2432193922;exploreTarget src/ai/memory.js:670;failureCauseForGoal src/sim/npc.js:1696;updateNpc > measure > measure > (anonyme) > chooseGoal > scoreGoals > adultScores > failureTargetBiasMap > failureCauseForGoal > exploreTarget
2445;updateNpc;npc-2;1;4263759735;goalNoise src/sim/npc.js:491;adultScores src/sim/npc.js:1114;updateNpc > measure > measure > (anonyme) > chooseGoal > scoreGoals > adultScores > goalNoise
2445;updateNpc;npc-2;1;1800358252;goalNoise src/sim/npc.js:491;adultScores src/sim/npc.js:1116;updateNpc > measure > measure > (anonyme) > chooseGoal > scoreGoals > adultScores > goalNoise
2445;updateNpc;npc-2;1;3631924065;goalNoise src/sim/npc.js:491;adultScores src/sim/npc.js:1118;updateNpc > measure > measure > (anonyme) > chooseGoal > scoreGoals > adultScores > goalNoise
2445;updateNpc;npc-2;1;1168522582;goalNoise src/sim/npc.js:491;gatherWoodScoreForDecision src/sim/npc.js:1072;updateNpc > measure > measure > (anonyme) > chooseGoal > scoreGoals > adultScores > gatherWoodScoreForDecision > goalNoise
2445;updateNpc;npc-2;1;3000088395;goalNoise src/sim/npc.js:491;adultScores src/sim/npc.js:1120;updateNpc > measure > measure > (anonyme) > chooseGoal > scoreGoals > adultScores > goalNoise
2445;updateNpc;npc-2;1;536686912;goalNoise src/sim/npc.js:491;adultScores src/sim/npc.js:1121;updateNpc > measure > measure > (anonyme) > chooseGoal > scoreGoals > adultScores > goalNoise
2445;updateNpc;npc-2;1;2368252725;goalNoise src/sim/npc.js:491;adultScores src/sim/npc.js:1125;updateNpc > measure > measure > (anonyme) > chooseGoal > scoreGoals > adultScores > goalNoise
2445;updateNpc;npc-2;1;4199818538;goalNoise src/sim/npc.js:491;maintainScore src/sim/npc.js:2813;updateNpc > measure > measure > (anonyme) > chooseGoal > scoreGoals > adultScores > maintainScore > goalNoise
2445;updateNpc;npc-2;1;1736417055;goalNoise src/sim/npc.js:491;adultScores src/sim/npc.js:1135;updateNpc > measure > measure > (anonyme) > chooseGoal > scoreGoals > adultScores > goalNoise
2445;updateNpc;npc-2;1;3567982868;goalNoise src/sim/npc.js:491;exploreScore src/sim/npc.js:2355;updateNpc > measure > measure > (anonyme) > chooseGoal > scoreGoals > adultScores > exploreScore > goalNoise
2445;updateNpc;npc-2;1;1104581385;goalNoise src/sim/npc.js:491;adultScores src/sim/npc.js:1138;updateNpc > measure > measure > (anonyme) > chooseGoal > scoreGoals > adultScores > goalNoise
2445;updateNpc;npc-2;1;2936147198;goalNoise src/sim/npc.js:491;adultScores src/sim/npc.js:1139;updateNpc > measure > measure > (anonyme) > chooseGoal > scoreGoals > adultScores > goalNoise
2445;updateNpc;npc-2;1;472745715;goalNoise src/sim/npc.js:491;adultScores src/sim/npc.js:1140;updateNpc > measure > measure > (anonyme) > chooseGoal > scoreGoals > adultScores > goalNoise
2445;updateNpc;npc-2;1;2304311528;goalNoise src/sim/npc.js:491;adultScores src/sim/npc.js:1141;updateNpc > measure > measure > (anonyme) > chooseGoal > scoreGoals > adultScores > goalNoise
2448;updateNpc;npc-4;1;4135877341;exploreTarget src/ai/memory.js:669;failureCauseForGoal src/sim/npc.js:1696;updateNpc > measure > measure > (anonyme) > chooseGoal > scoreGoals > adultScores > failureTargetBiasMap > failureCauseForGoal > exploreTarget
2448;updateNpc;npc-4;1;1672475858;exploreTarget src/ai/memory.js:670;failureCauseForGoal src/sim/npc.js:1696;updateNpc > measure > measure > (anonyme) > chooseGoal > scoreGoals > adultScores > failureTargetBiasMap > failureCauseForGoal > exploreTarget
2448;updateNpc;npc-4;1;3504041671;goalNoise src/sim/npc.js:491;adultScores src/sim/npc.js:1114;updateNpc > measure > measure > (anonyme) > chooseGoal > scoreGoals > adultScores > goalNoise
2448;updateNpc;npc-4;1;1040640188;goalNoise src/sim/npc.js:491;adultScores src/sim/npc.js:1116;updateNpc > measure > measure > (anonyme) > chooseGoal > scoreGoals > adultScores > goalNoise
2448;updateNpc;npc-4;1;2872206001;goalNoise src/sim/npc.js:491;adultScores src/sim/npc.js:1118;updateNpc > measure > measure > (anonyme) > chooseGoal > scoreGoals > adultScores > goalNoise
2448;updateNpc;npc-4;1;408804518;goalNoise src/sim/npc.js:491;gatherWoodScoreForDecision src/sim/npc.js:1072;updateNpc > measure > measure > (anonyme) > chooseGoal > scoreGoals > adultScores > gatherWoodScoreForDecision > goalNoise
2448;updateNpc;npc-4;1;2240370331;goalNoise src/sim/npc.js:491;adultScores src/sim/npc.js:1120;updateNpc > measure > measure > (anonyme) > chooseGoal > scoreGoals > adultScores > goalNoise
2448;updateNpc;npc-4;1;4071936144;goalNoise src/sim/npc.js:491;adultScores src/sim/npc.js:1121;updateNpc > measure > measure > (anonyme) > chooseGoal > scoreGoals > adultScores > goalNoise
2448;updateNpc;npc-4;1;1608534661;goalNoise src/sim/npc.js:491;adultScores src/sim/npc.js:1125;updateNpc > measure > measure > (anonyme) > chooseGoal > scoreGoals > adultScores > goalNoise
2448;updateNpc;npc-4;1;3440100474;goalNoise src/sim/npc.js:491;maintainScore src/sim/npc.js:2813;updateNpc > measure > measure > (anonyme) > chooseGoal > scoreGoals > adultScores > maintainScore > goalNoise
2448;updateNpc;npc-4;1;976698991;goalNoise src/sim/npc.js:491;adultScores src/sim/npc.js:1135;updateNpc > measure > measure > (anonyme) > chooseGoal > scoreGoals > adultScores > goalNoise
2448;updateNpc;npc-4;1;2808264804;goalNoise src/sim/npc.js:491;exploreScore src/sim/npc.js:2355;updateNpc > measure > measure > (anonyme) > chooseGoal > scoreGoals > adultScores > exploreScore > goalNoise
2448;updateNpc;npc-4;1;344863321;goalNoise src/sim/npc.js:491;adultScores src/sim/npc.js:1138;updateNpc > measure > measure > (anonyme) > chooseGoal > scoreGoals > adultScores > goalNoise
2448;updateNpc;npc-4;1;2176429134;goalNoise src/sim/npc.js:491;adultScores src/sim/npc.js:1139;updateNpc > measure > measure > (anonyme) > chooseGoal > scoreGoals > adultScores > goalNoise
2448;updateNpc;npc-4;1;4007994947;goalNoise src/sim/npc.js:491;adultScores src/sim/npc.js:1140;updateNpc > measure > measure > (anonyme) > chooseGoal > scoreGoals > adultScores > goalNoise
2448;updateNpc;npc-4;1;1544593464;goalNoise src/sim/npc.js:491;adultScores src/sim/npc.js:1141;updateNpc > measure > measure > (anonyme) > chooseGoal > scoreGoals > adultScores > goalNoise
2456;updateNpc;npc-1;1;3376159277;exploreTarget src/ai/memory.js:669;failureCauseForGoal src/sim/npc.js:1696;updateNpc > measure > measure > (anonyme) > chooseGoal > scoreGoals > adultScores > failureTargetBiasMap > failureCauseForGoal > exploreTarget
2456;updateNpc;npc-1;1;912757794;exploreTarget src/ai/memory.js:670;failureCauseForGoal src/sim/npc.js:1696;updateNpc > measure > measure > (anonyme) > chooseGoal > scoreGoals > adultScores > failureTargetBiasMap > failureCauseForGoal > exploreTarget
2456;updateNpc;npc-1;1;2744323607;goalNoise src/sim/npc.js:491;adultScores src/sim/npc.js:1114;updateNpc > measure > measure > (anonyme) > chooseGoal > scoreGoals > adultScores > goalNoise
2456;updateNpc;npc-1;1;280922124;goalNoise src/sim/npc.js:491;adultScores src/sim/npc.js:1116;updateNpc > measure > measure > (anonyme) > chooseGoal > scoreGoals > adultScores > goalNoise
2456;updateNpc;npc-1;1;2112487937;goalNoise src/sim/npc.js:491;adultScores src/sim/npc.js:1118;updateNpc > measure > measure > (anonyme) > chooseGoal > scoreGoals > adultScores > goalNoise
2456;updateNpc;npc-1;1;3944053750;goalNoise src/sim/npc.js:491;gatherWoodScoreForDecision src/sim/npc.js:1072;updateNpc > measure > measure > (anonyme) > chooseGoal > scoreGoals > adultScores > gatherWoodScoreForDecision > goalNoise
2456;updateNpc;npc-1;1;1480652267;goalNoise src/sim/npc.js:491;adultScores src/sim/npc.js:1120;updateNpc > measure > measure > (anonyme) > chooseGoal > scoreGoals > adultScores > goalNoise
2456;updateNpc;npc-1;1;3312218080;goalNoise src/sim/npc.js:491;adultScores src/sim/npc.js:1121;updateNpc > measure > measure > (anonyme) > chooseGoal > scoreGoals > adultScores > goalNoise
2456;updateNpc;npc-1;1;848816597;goalNoise src/sim/npc.js:491;adultScores src/sim/npc.js:1125;updateNpc > measure > measure > (anonyme) > chooseGoal > scoreGoals > adultScores > goalNoise
2456;updateNpc;npc-1;1;2680382410;goalNoise src/sim/npc.js:491;maintainScore src/sim/npc.js:2813;updateNpc > measure > measure > (anonyme) > chooseGoal > scoreGoals > adultScores > maintainScore > goalNoise
2456;updateNpc;npc-1;1;216980927;goalNoise src/sim/npc.js:491;adultScores src/sim/npc.js:1135;updateNpc > measure > measure > (anonyme) > chooseGoal > scoreGoals > adultScores > goalNoise
2456;updateNpc;npc-1;1;2048546740;goalNoise src/sim/npc.js:491;exploreScore src/sim/npc.js:2355;updateNpc > measure > measure > (anonyme) > chooseGoal > scoreGoals > adultScores > exploreScore > goalNoise
2456;updateNpc;npc-1;1;3880112553;goalNoise src/sim/npc.js:491;adultScores src/sim/npc.js:1138;updateNpc > measure > measure > (anonyme) > chooseGoal > scoreGoals > adultScores > goalNoise
2456;updateNpc;npc-1;1;1416711070;goalNoise src/sim/npc.js:491;adultScores src/sim/npc.js:1139;updateNpc > measure > measure > (anonyme) > chooseGoal > scoreGoals > adultScores > goalNoise
2456;updateNpc;npc-1;1;3248276883;goalNoise src/sim/npc.js:491;adultScores src/sim/npc.js:1140;updateNpc > measure > measure > (anonyme) > chooseGoal > scoreGoals > adultScores > goalNoise
2456;updateNpc;npc-1;1;784875400;goalNoise src/sim/npc.js:491;adultScores src/sim/npc.js:1141;updateNpc > measure > measure > (anonyme) > chooseGoal > scoreGoals > adultScores > goalNoise
2458;updateNpc;npc-0;1;2616441213;exploreTarget src/ai/memory.js:669;failureCauseForGoal src/sim/npc.js:1696;updateNpc > measure > measure > (anonyme) > chooseGoal > scoreGoals > adultScores > failureTargetBiasMap > failureCauseForGoal > exploreTarget
2458;updateNpc;npc-0;1;153039730;exploreTarget src/ai/memory.js:670;failureCauseForGoal src/sim/npc.js:1696;updateNpc > measure > measure > (anonyme) > chooseGoal > scoreGoals > adultScores > failureTargetBiasMap > failureCauseForGoal > exploreTarget
2458;updateNpc;npc-0;1;1984605543;goalNoise src/sim/npc.js:491;adultScores src/sim/npc.js:1114;updateNpc > measure > measure > (anonyme) > chooseGoal > scoreGoals > adultScores > goalNoise
2458;updateNpc;npc-0;1;3816171356;goalNoise src/sim/npc.js:491;adultScores src/sim/npc.js:1116;updateNpc > measure > measure > (anonyme) > chooseGoal > scoreGoals > adultScores > goalNoise
2458;updateNpc;npc-0;1;1352769873;goalNoise src/sim/npc.js:491;adultScores src/sim/npc.js:1118;updateNpc > measure > measure > (anonyme) > chooseGoal > scoreGoals > adultScores > goalNoise
2458;updateNpc;npc-0;1;3184335686;goalNoise src/sim/npc.js:491;gatherWoodScoreForDecision src/sim/npc.js:1072;updateNpc > measure > measure > (anonyme) > chooseGoal > scoreGoals > adultScores > gatherWoodScoreForDecision > goalNoise
2458;updateNpc;npc-0;1;720934203;goalNoise src/sim/npc.js:491;adultScores src/sim/npc.js:1120;updateNpc > measure > measure > (anonyme) > chooseGoal > scoreGoals > adultScores > goalNoise
2458;updateNpc;npc-0;1;2552500016;goalNoise src/sim/npc.js:491;adultScores src/sim/npc.js:1121;updateNpc > measure > measure > (anonyme) > chooseGoal > scoreGoals > adultScores > goalNoise
2458;updateNpc;npc-0;1;89098533;goalNoise src/sim/npc.js:491;adultScores src/sim/npc.js:1125;updateNpc > measure > measure > (anonyme) > chooseGoal > scoreGoals > adultScores > goalNoise
2458;updateNpc;npc-0;1;1920664346;goalNoise src/sim/npc.js:491;maintainScore src/sim/npc.js:2813;updateNpc > measure > measure > (anonyme) > chooseGoal > scoreGoals > adultScores > maintainScore > goalNoise
2458;updateNpc;npc-0;1;3752230159;goalNoise src/sim/npc.js:491;adultScores src/sim/npc.js:1135;updateNpc > measure > measure > (anonyme) > chooseGoal > scoreGoals > adultScores > goalNoise
2458;updateNpc;npc-0;1;1288828676;goalNoise src/sim/npc.js:491;exploreScore src/sim/npc.js:2355;updateNpc > measure > measure > (anonyme) > chooseGoal > scoreGoals > adultScores > exploreScore > goalNoise
2458;updateNpc;npc-0;1;3120394489;goalNoise src/sim/npc.js:491;adultScores src/sim/npc.js:1138;updateNpc > measure > measure > (anonyme) > chooseGoal > scoreGoals > adultScores > goalNoise
2458;updateNpc;npc-0;1;656993006;goalNoise src/sim/npc.js:491;adultScores src/sim/npc.js:1139;updateNpc > measure > measure > (anonyme) > chooseGoal > scoreGoals > adultScores > goalNoise
2458;updateNpc;npc-0;1;2488558819;goalNoise src/sim/npc.js:491;adultScores src/sim/npc.js:1140;updateNpc > measure > measure > (anonyme) > chooseGoal > scoreGoals > adultScores > goalNoise
2458;updateNpc;npc-0;1;25157336;goalNoise src/sim/npc.js:491;adultScores src/sim/npc.js:1141;updateNpc > measure > measure > (anonyme) > chooseGoal > scoreGoals > adultScores > goalNoise
2458;updateNpc;npc-1;0;1856723149;(anonyme) src/sim/npc.js:893;measure src/debug/profilerCore.js:297;updateNpc > measure > measure > (anonyme)
2458;updateNpc;npc-1;1;3688288962;exploreTarget src/ai/memory.js:669;failureCauseForGoal src/sim/npc.js:1696;updateNpc > measure > measure > (anonyme) > chooseGoal > scoreGoals > adultScores > failureTargetBiasMap > failureCauseForGoal > exploreTarget
2458;updateNpc;npc-1;1;1224887479;exploreTarget src/ai/memory.js:670;failureCauseForGoal src/sim/npc.js:1696;updateNpc > measure > measure > (anonyme) > chooseGoal > scoreGoals > adultScores > failureTargetBiasMap > failureCauseForGoal > exploreTarget
2458;updateNpc;npc-1;1;3056453292;goalNoise src/sim/npc.js:491;adultScores src/sim/npc.js:1114;updateNpc > measure > measure > (anonyme) > chooseGoal > scoreGoals > adultScores > goalNoise
2458;updateNpc;npc-1;1;593051809;goalNoise src/sim/npc.js:491;adultScores src/sim/npc.js:1116;updateNpc > measure > measure > (anonyme) > chooseGoal > scoreGoals > adultScores > goalNoise
2458;updateNpc;npc-1;1;2424617622;goalNoise src/sim/npc.js:491;adultScores src/sim/npc.js:1118;updateNpc > measure > measure > (anonyme) > chooseGoal > scoreGoals > adultScores > goalNoise
2458;updateNpc;npc-1;1;4256183435;goalNoise src/sim/npc.js:491;gatherWoodScoreForDecision src/sim/npc.js:1072;updateNpc > measure > measure > (anonyme) > chooseGoal > scoreGoals > adultScores > gatherWoodScoreForDecision > goalNoise
2458;updateNpc;npc-1;1;1792781952;goalNoise src/sim/npc.js:491;adultScores src/sim/npc.js:1120;updateNpc > measure > measure > (anonyme) > chooseGoal > scoreGoals > adultScores > goalNoise
2458;updateNpc;npc-1;1;3624347765;goalNoise src/sim/npc.js:491;adultScores src/sim/npc.js:1121;updateNpc > measure > measure > (anonyme) > chooseGoal > scoreGoals > adultScores > goalNoise
2458;updateNpc;npc-1;1;1160946282;goalNoise src/sim/npc.js:491;adultScores src/sim/npc.js:1125;updateNpc > measure > measure > (anonyme) > chooseGoal > scoreGoals > adultScores > goalNoise
2458;updateNpc;npc-1;1;2992512095;goalNoise src/sim/npc.js:491;maintainScore src/sim/npc.js:2813;updateNpc > measure > measure > (anonyme) > chooseGoal > scoreGoals > adultScores > maintainScore > goalNoise
2458;updateNpc;npc-1;1;529110612;goalNoise src/sim/npc.js:491;adultScores src/sim/npc.js:1135;updateNpc > measure > measure > (anonyme) > chooseGoal > scoreGoals > adultScores > goalNoise
2458;updateNpc;npc-1;1;2360676425;goalNoise src/sim/npc.js:491;exploreScore src/sim/npc.js:2355;updateNpc > measure > measure > (anonyme) > chooseGoal > scoreGoals > adultScores > exploreScore > goalNoise
2458;updateNpc;npc-1;1;4192242238;goalNoise src/sim/npc.js:491;adultScores src/sim/npc.js:1138;updateNpc > measure > measure > (anonyme) > chooseGoal > scoreGoals > adultScores > goalNoise
2458;updateNpc;npc-1;1;1728840755;goalNoise src/sim/npc.js:491;adultScores src/sim/npc.js:1139;updateNpc > measure > measure > (anonyme) > chooseGoal > scoreGoals > adultScores > goalNoise
2458;updateNpc;npc-1;1;3560406568;goalNoise src/sim/npc.js:491;adultScores src/sim/npc.js:1140;updateNpc > measure > measure > (anonyme) > chooseGoal > scoreGoals > adultScores > goalNoise
2458;updateNpc;npc-1;1;1097005085;goalNoise src/sim/npc.js:491;adultScores src/sim/npc.js:1141;updateNpc > measure > measure > (anonyme) > chooseGoal > scoreGoals > adultScores > goalNoise
2470;updateNpc;npc-3;0;2928570898;(anonyme) src/sim/npc.js:893;measure src/debug/profilerCore.js:297;updateNpc > measure > measure > (anonyme)
2470;updateNpc;npc-3;1;465169415;exploreTarget src/ai/memory.js:669;failureCauseForGoal src/sim/npc.js:1696;updateNpc > measure > measure > (anonyme) > chooseGoal > scoreGoals > adultScores > failureTargetBiasMap > failureCauseForGoal > exploreTarget
2470;updateNpc;npc-3;1;2296735228;exploreTarget src/ai/memory.js:670;failureCauseForGoal src/sim/npc.js:1696;updateNpc > measure > measure > (anonyme) > chooseGoal > scoreGoals > adultScores > failureTargetBiasMap > failureCauseForGoal > exploreTarget
2470;updateNpc;npc-3;1;4128301041;goalNoise src/sim/npc.js:491;adultScores src/sim/npc.js:1114;updateNpc > measure > measure > (anonyme) > chooseGoal > scoreGoals > adultScores > goalNoise
2470;updateNpc;npc-3;1;1664899558;goalNoise src/sim/npc.js:491;adultScores src/sim/npc.js:1116;updateNpc > measure > measure > (anonyme) > chooseGoal > scoreGoals > adultScores > goalNoise
2470;updateNpc;npc-3;1;3496465371;goalNoise src/sim/npc.js:491;adultScores src/sim/npc.js:1118;updateNpc > measure > measure > (anonyme) > chooseGoal > scoreGoals > adultScores > goalNoise
2470;updateNpc;npc-3;1;1033063888;goalNoise src/sim/npc.js:491;gatherWoodScoreForDecision src/sim/npc.js:1072;updateNpc > measure > measure > (anonyme) > chooseGoal > scoreGoals > adultScores > gatherWoodScoreForDecision > goalNoise
2470;updateNpc;npc-3;1;2864629701;goalNoise src/sim/npc.js:491;adultScores src/sim/npc.js:1120;updateNpc > measure > measure > (anonyme) > chooseGoal > scoreGoals > adultScores > goalNoise
2470;updateNpc;npc-3;1;401228218;goalNoise src/sim/npc.js:491;adultScores src/sim/npc.js:1121;updateNpc > measure > measure > (anonyme) > chooseGoal > scoreGoals > adultScores > goalNoise
2470;updateNpc;npc-3;1;2232794031;goalNoise src/sim/npc.js:491;adultScores src/sim/npc.js:1125;updateNpc > measure > measure > (anonyme) > chooseGoal > scoreGoals > adultScores > goalNoise
2470;updateNpc;npc-3;1;4064359844;goalNoise src/sim/npc.js:491;maintainScore src/sim/npc.js:2813;updateNpc > measure > measure > (anonyme) > chooseGoal > scoreGoals > adultScores > maintainScore > goalNoise
2470;updateNpc;npc-3;1;1600958361;goalNoise src/sim/npc.js:491;adultScores src/sim/npc.js:1135;updateNpc > measure > measure > (anonyme) > chooseGoal > scoreGoals > adultScores > goalNoise
2470;updateNpc;npc-3;1;3432524174;goalNoise src/sim/npc.js:491;exploreScore src/sim/npc.js:2355;updateNpc > measure > measure > (anonyme) > chooseGoal > scoreGoals > adultScores > exploreScore > goalNoise
2470;updateNpc;npc-3;1;969122691;goalNoise src/sim/npc.js:491;adultScores src/sim/npc.js:1138;updateNpc > measure > measure > (anonyme) > chooseGoal > scoreGoals > adultScores > goalNoise
2470;updateNpc;npc-3;1;2800688504;goalNoise src/sim/npc.js:491;adultScores src/sim/npc.js:1139;updateNpc > measure > measure > (anonyme) > chooseGoal > scoreGoals > adultScores > goalNoise
2470;updateNpc;npc-3;1;337287021;goalNoise src/sim/npc.js:491;adultScores src/sim/npc.js:1140;updateNpc > measure > measure > (anonyme) > chooseGoal > scoreGoals > adultScores > goalNoise
2470;updateNpc;npc-3;1;2168852834;goalNoise src/sim/npc.js:491;adultScores src/sim/npc.js:1141;updateNpc > measure > measure > (anonyme) > chooseGoal > scoreGoals > adultScores > goalNoise
2603;updateNpc;npc-4;1;4000418647;exploreTarget src/ai/memory.js:669;failureCauseForGoal src/sim/npc.js:1696;updateNpc > measure > measure > (anonyme) > chooseGoal > scoreGoals > adultScores > failureTargetBiasMap > failureCauseForGoal > exploreTarget
2603;updateNpc;npc-4;1;1537017164;exploreTarget src/ai/memory.js:670;failureCauseForGoal src/sim/npc.js:1696;updateNpc > measure > measure > (anonyme) > chooseGoal > scoreGoals > adultScores > failureTargetBiasMap > failureCauseForGoal > exploreTarget
2603;updateNpc;npc-4;1;3368582977;exploreTarget src/ai/memory.js:669;failureCauseForGoal src/sim/npc.js:1696;updateNpc > measure > measure > (anonyme) > chooseGoal > scoreGoals > adultScores > failureTargetBiasMap > failureCauseForGoal > exploreTarget
2603;updateNpc;npc-4;1;905181494;exploreTarget src/ai/memory.js:670;failureCauseForGoal src/sim/npc.js:1696;updateNpc > measure > measure > (anonyme) > chooseGoal > scoreGoals > adultScores > failureTargetBiasMap > failureCauseForGoal > exploreTarget
2603;updateNpc;npc-4;1;2736747307;goalNoise src/sim/npc.js:491;adultScores src/sim/npc.js:1114;updateNpc > measure > measure > (anonyme) > chooseGoal > scoreGoals > adultScores > goalNoise
2603;updateNpc;npc-4;1;273345824;goalNoise src/sim/npc.js:491;adultScores src/sim/npc.js:1116;updateNpc > measure > measure > (anonyme) > chooseGoal > scoreGoals > adultScores > goalNoise
2603;updateNpc;npc-4;1;2104911637;goalNoise src/sim/npc.js:491;adultScores src/sim/npc.js:1118;updateNpc > measure > measure > (anonyme) > chooseGoal > scoreGoals > adultScores > goalNoise
2603;updateNpc;npc-4;1;3936477450;goalNoise src/sim/npc.js:491;gatherWoodScoreForDecision src/sim/npc.js:1072;updateNpc > measure > measure > (anonyme) > chooseGoal > scoreGoals > adultScores > gatherWoodScoreForDecision > goalNoise
2603;updateNpc;npc-4;1;1473075967;goalNoise src/sim/npc.js:491;adultScores src/sim/npc.js:1120;updateNpc > measure > measure > (anonyme) > chooseGoal > scoreGoals > adultScores > goalNoise
2603;updateNpc;npc-4;1;3304641780;goalNoise src/sim/npc.js:491;adultScores src/sim/npc.js:1121;updateNpc > measure > measure > (anonyme) > chooseGoal > scoreGoals > adultScores > goalNoise
2603;updateNpc;npc-4;1;841240297;goalNoise src/sim/npc.js:491;adultScores src/sim/npc.js:1125;updateNpc > measure > measure > (anonyme) > chooseGoal > scoreGoals > adultScores > goalNoise
2603;updateNpc;npc-4;1;2672806110;goalNoise src/sim/npc.js:491;maintainScore src/sim/npc.js:2813;updateNpc > measure > measure > (anonyme) > chooseGoal > scoreGoals > adultScores > maintainScore > goalNoise
2603;updateNpc;npc-4;1;209404627;goalNoise src/sim/npc.js:491;adultScores src/sim/npc.js:1135;updateNpc > measure > measure > (anonyme) > chooseGoal > scoreGoals > adultScores > goalNoise
2603;updateNpc;npc-4;1;2040970440;goalNoise src/sim/npc.js:491;exploreScore src/sim/npc.js:2355;updateNpc > measure > measure > (anonyme) > chooseGoal > scoreGoals > adultScores > exploreScore > goalNoise
2603;updateNpc;npc-4;1;3872536253;goalNoise src/sim/npc.js:491;adultScores src/sim/npc.js:1138;updateNpc > measure > measure > (anonyme) > chooseGoal > scoreGoals > adultScores > goalNoise
2603;updateNpc;npc-4;1;1409134770;goalNoise src/sim/npc.js:491;adultScores src/sim/npc.js:1139;updateNpc > measure > measure > (anonyme) > chooseGoal > scoreGoals > adultScores > goalNoise
2603;updateNpc;npc-4;1;3240700583;goalNoise src/sim/npc.js:491;adultScores src/sim/npc.js:1140;updateNpc > measure > measure > (anonyme) > chooseGoal > scoreGoals > adultScores > goalNoise
2603;updateNpc;npc-4;1;777299100;goalNoise src/sim/npc.js:491;adultScores src/sim/npc.js:1141;updateNpc > measure > measure > (anonyme) > chooseGoal > scoreGoals > adultScores > goalNoise
2653;updateNpc;npc-3;0;2608864913;(anonyme) src/sim/npc.js:893;measure src/debug/profilerCore.js:297;updateNpc > measure > measure > (anonyme)
2653;updateNpc;npc-3;1;145463430;exploreTarget src/ai/memory.js:669;failureCauseForGoal src/sim/npc.js:1696;updateNpc > measure > measure > (anonyme) > chooseGoal > scoreGoals > adultScores > failureTargetBiasMap > failureCauseForGoal > exploreTarget
2653;updateNpc;npc-3;1;1977029243;exploreTarget src/ai/memory.js:670;failureCauseForGoal src/sim/npc.js:1696;updateNpc > measure > measure > (anonyme) > chooseGoal > scoreGoals > adultScores > failureTargetBiasMap > failureCauseForGoal > exploreTarget
2653;updateNpc;npc-3;1;3808595056;goalNoise src/sim/npc.js:491;adultScores src/sim/npc.js:1114;updateNpc > measure > measure > (anonyme) > chooseGoal > scoreGoals > adultScores > goalNoise
2653;updateNpc;npc-3;1;1345193573;goalNoise src/sim/npc.js:491;adultScores src/sim/npc.js:1116;updateNpc > measure > measure > (anonyme) > chooseGoal > scoreGoals > adultScores > goalNoise
2653;updateNpc;npc-3;1;3176759386;goalNoise src/sim/npc.js:491;adultScores src/sim/npc.js:1118;updateNpc > measure > measure > (anonyme) > chooseGoal > scoreGoals > adultScores > goalNoise
2653;updateNpc;npc-3;1;713357903;goalNoise src/sim/npc.js:491;gatherWoodScoreForDecision src/sim/npc.js:1072;updateNpc > measure > measure > (anonyme) > chooseGoal > scoreGoals > adultScores > gatherWoodScoreForDecision > goalNoise
2653;updateNpc;npc-3;1;2544923716;goalNoise src/sim/npc.js:491;adultScores src/sim/npc.js:1120;updateNpc > measure > measure > (anonyme) > chooseGoal > scoreGoals > adultScores > goalNoise
2653;updateNpc;npc-3;1;81522233;goalNoise src/sim/npc.js:491;adultScores src/sim/npc.js:1121;updateNpc > measure > measure > (anonyme) > chooseGoal > scoreGoals > adultScores > goalNoise
2653;updateNpc;npc-3;1;1913088046;goalNoise src/sim/npc.js:491;adultScores src/sim/npc.js:1125;updateNpc > measure > measure > (anonyme) > chooseGoal > scoreGoals > adultScores > goalNoise
2653;updateNpc;npc-3;1;3744653859;goalNoise src/sim/npc.js:491;maintainScore src/sim/npc.js:2813;updateNpc > measure > measure > (anonyme) > chooseGoal > scoreGoals > adultScores > maintainScore > goalNoise
2653;updateNpc;npc-3;1;1281252376;goalNoise src/sim/npc.js:491;adultScores src/sim/npc.js:1135;updateNpc > measure > measure > (anonyme) > chooseGoal > scoreGoals > adultScores > goalNoise
2653;updateNpc;npc-3;1;3112818189;goalNoise src/sim/npc.js:491;exploreScore src/sim/npc.js:2355;updateNpc > measure > measure > (anonyme) > chooseGoal > scoreGoals > adultScores > exploreScore > goalNoise
2653;updateNpc;npc-3;1;649416706;goalNoise src/sim/npc.js:491;adultScores src/sim/npc.js:1138;updateNpc > measure > measure > (anonyme) > chooseGoal > scoreGoals > adultScores > goalNoise
2653;updateNpc;npc-3;1;2480982519;goalNoise src/sim/npc.js:491;adultScores src/sim/npc.js:1139;updateNpc > measure > measure > (anonyme) > chooseGoal > scoreGoals > adultScores > goalNoise
2653;updateNpc;npc-3;1;17581036;goalNoise src/sim/npc.js:491;adultScores src/sim/npc.js:1140;updateNpc > measure > measure > (anonyme) > chooseGoal > scoreGoals > adultScores > goalNoise
2653;updateNpc;npc-3;1;1849146849;goalNoise src/sim/npc.js:491;adultScores src/sim/npc.js:1141;updateNpc > measure > measure > (anonyme) > chooseGoal > scoreGoals > adultScores > goalNoise
2675;updateNpc;npc-2;1;3680712662;exploreTarget src/ai/memory.js:669;failureCauseForGoal src/sim/npc.js:1696;updateNpc > measure > measure > (anonyme) > chooseGoal > scoreGoals > adultScores > failureTargetBiasMap > failureCauseForGoal > exploreTarget
2675;updateNpc;npc-2;1;1217311179;exploreTarget src/ai/memory.js:670;failureCauseForGoal src/sim/npc.js:1696;updateNpc > measure > measure > (anonyme) > chooseGoal > scoreGoals > adultScores > failureTargetBiasMap > failureCauseForGoal > exploreTarget
2675;updateNpc;npc-2;1;3048876992;goalNoise src/sim/npc.js:491;adultScores src/sim/npc.js:1114;updateNpc > measure > measure > (anonyme) > chooseGoal > scoreGoals > adultScores > goalNoise
2675;updateNpc;npc-2;1;585475509;goalNoise src/sim/npc.js:491;adultScores src/sim/npc.js:1116;updateNpc > measure > measure > (anonyme) > chooseGoal > scoreGoals > adultScores > goalNoise
2675;updateNpc;npc-2;1;2417041322;goalNoise src/sim/npc.js:491;adultScores src/sim/npc.js:1118;updateNpc > measure > measure > (anonyme) > chooseGoal > scoreGoals > adultScores > goalNoise
2675;updateNpc;npc-2;1;4248607135;goalNoise src/sim/npc.js:491;gatherWoodScoreForDecision src/sim/npc.js:1072;updateNpc > measure > measure > (anonyme) > chooseGoal > scoreGoals > adultScores > gatherWoodScoreForDecision > goalNoise
2675;updateNpc;npc-2;1;1785205652;goalNoise src/sim/npc.js:491;adultScores src/sim/npc.js:1120;updateNpc > measure > measure > (anonyme) > chooseGoal > scoreGoals > adultScores > goalNoise
2675;updateNpc;npc-2;1;3616771465;goalNoise src/sim/npc.js:491;adultScores src/sim/npc.js:1121;updateNpc > measure > measure > (anonyme) > chooseGoal > scoreGoals > adultScores > goalNoise
2675;updateNpc;npc-2;1;1153369982;goalNoise src/sim/npc.js:491;adultScores src/sim/npc.js:1125;updateNpc > measure > measure > (anonyme) > chooseGoal > scoreGoals > adultScores > goalNoise
2675;updateNpc;npc-2;1;2984935795;goalNoise src/sim/npc.js:491;maintainScore src/sim/npc.js:2813;updateNpc > measure > measure > (anonyme) > chooseGoal > scoreGoals > adultScores > maintainScore > goalNoise
2675;updateNpc;npc-2;1;521534312;goalNoise src/sim/npc.js:491;adultScores src/sim/npc.js:1135;updateNpc > measure > measure > (anonyme) > chooseGoal > scoreGoals > adultScores > goalNoise
2675;updateNpc;npc-2;1;2353100125;goalNoise src/sim/npc.js:491;exploreScore src/sim/npc.js:2355;updateNpc > measure > measure > (anonyme) > chooseGoal > scoreGoals > adultScores > exploreScore > goalNoise
2675;updateNpc;npc-2;1;4184665938;goalNoise src/sim/npc.js:491;adultScores src/sim/npc.js:1138;updateNpc > measure > measure > (anonyme) > chooseGoal > scoreGoals > adultScores > goalNoise
2675;updateNpc;npc-2;1;1721264455;goalNoise src/sim/npc.js:491;adultScores src/sim/npc.js:1139;updateNpc > measure > measure > (anonyme) > chooseGoal > scoreGoals > adultScores > goalNoise
2675;updateNpc;npc-2;1;3552830268;goalNoise src/sim/npc.js:491;adultScores src/sim/npc.js:1140;updateNpc > measure > measure > (anonyme) > chooseGoal > scoreGoals > adultScores > goalNoise
2675;updateNpc;npc-2;1;1089428785;goalNoise src/sim/npc.js:491;adultScores src/sim/npc.js:1141;updateNpc > measure > measure > (anonyme) > chooseGoal > scoreGoals > adultScores > goalNoise
2760;updateNpc;npc-4;1;2920994598;exploreTarget src/ai/memory.js:669;failureCauseForGoal src/sim/npc.js:1696;updateNpc > measure > measure > (anonyme) > chooseGoal > scoreGoals > adultScores > failureTargetBiasMap > failureCauseForGoal > exploreTarget
2760;updateNpc;npc-4;1;457593115;exploreTarget src/ai/memory.js:670;failureCauseForGoal src/sim/npc.js:1696;updateNpc > measure > measure > (anonyme) > chooseGoal > scoreGoals > adultScores > failureTargetBiasMap > failureCauseForGoal > exploreTarget
2760;updateNpc;npc-4;1;2289158928;goalNoise src/sim/npc.js:491;adultScores src/sim/npc.js:1114;updateNpc > measure > measure > (anonyme) > chooseGoal > scoreGoals > adultScores > goalNoise
2760;updateNpc;npc-4;1;4120724741;goalNoise src/sim/npc.js:491;adultScores src/sim/npc.js:1116;updateNpc > measure > measure > (anonyme) > chooseGoal > scoreGoals > adultScores > goalNoise
2760;updateNpc;npc-4;1;1657323258;goalNoise src/sim/npc.js:491;adultScores src/sim/npc.js:1118;updateNpc > measure > measure > (anonyme) > chooseGoal > scoreGoals > adultScores > goalNoise
2760;updateNpc;npc-4;1;3488889071;goalNoise src/sim/npc.js:491;gatherWoodScoreForDecision src/sim/npc.js:1072;updateNpc > measure > measure > (anonyme) > chooseGoal > scoreGoals > adultScores > gatherWoodScoreForDecision > goalNoise
2760;updateNpc;npc-4;1;1025487588;goalNoise src/sim/npc.js:491;adultScores src/sim/npc.js:1120;updateNpc > measure > measure > (anonyme) > chooseGoal > scoreGoals > adultScores > goalNoise
2760;updateNpc;npc-4;1;2857053401;goalNoise src/sim/npc.js:491;adultScores src/sim/npc.js:1121;updateNpc > measure > measure > (anonyme) > chooseGoal > scoreGoals > adultScores > goalNoise
2760;updateNpc;npc-4;1;393651918;goalNoise src/sim/npc.js:491;adultScores src/sim/npc.js:1125;updateNpc > measure > measure > (anonyme) > chooseGoal > scoreGoals > adultScores > goalNoise
2760;updateNpc;npc-4;1;2225217731;goalNoise src/sim/npc.js:491;maintainScore src/sim/npc.js:2813;updateNpc > measure > measure > (anonyme) > chooseGoal > scoreGoals > adultScores > maintainScore > goalNoise
2760;updateNpc;npc-4;1;4056783544;goalNoise src/sim/npc.js:491;adultScores src/sim/npc.js:1135;updateNpc > measure > measure > (anonyme) > chooseGoal > scoreGoals > adultScores > goalNoise
2760;updateNpc;npc-4;1;1593382061;goalNoise src/sim/npc.js:491;exploreScore src/sim/npc.js:2355;updateNpc > measure > measure > (anonyme) > chooseGoal > scoreGoals > adultScores > exploreScore > goalNoise
2760;updateNpc;npc-4;1;3424947874;goalNoise src/sim/npc.js:491;adultScores src/sim/npc.js:1138;updateNpc > measure > measure > (anonyme) > chooseGoal > scoreGoals > adultScores > goalNoise
2760;updateNpc;npc-4;1;961546391;goalNoise src/sim/npc.js:491;adultScores src/sim/npc.js:1139;updateNpc > measure > measure > (anonyme) > chooseGoal > scoreGoals > adultScores > goalNoise
2760;updateNpc;npc-4;1;2793112204;goalNoise src/sim/npc.js:491;adultScores src/sim/npc.js:1140;updateNpc > measure > measure > (anonyme) > chooseGoal > scoreGoals > adultScores > goalNoise
2760;updateNpc;npc-4;1;329710721;goalNoise src/sim/npc.js:491;adultScores src/sim/npc.js:1141;updateNpc > measure > measure > (anonyme) > chooseGoal > scoreGoals > adultScores > goalNoise
2836;updateNpc;npc-3;0;2161276534;(anonyme) src/sim/npc.js:893;measure src/debug/profilerCore.js:297;updateNpc > measure > measure > (anonyme)
2836;updateNpc;npc-3;1;3992842347;exploreTarget src/ai/memory.js:669;failureCauseForGoal src/sim/npc.js:1696;updateNpc > measure > measure > (anonyme) > chooseGoal > scoreGoals > adultScores > failureTargetBiasMap > failureCauseForGoal > exploreTarget
2836;updateNpc;npc-3;1;1529440864;exploreTarget src/ai/memory.js:670;failureCauseForGoal src/sim/npc.js:1696;updateNpc > measure > measure > (anonyme) > chooseGoal > scoreGoals > adultScores > failureTargetBiasMap > failureCauseForGoal > exploreTarget
2836;updateNpc;npc-3;1;3361006677;goalNoise src/sim/npc.js:491;adultScores src/sim/npc.js:1114;updateNpc > measure > measure > (anonyme) > chooseGoal > scoreGoals > adultScores > goalNoise
2836;updateNpc;npc-3;1;897605194;goalNoise src/sim/npc.js:491;adultScores src/sim/npc.js:1116;updateNpc > measure > measure > (anonyme) > chooseGoal > scoreGoals > adultScores > goalNoise
2836;updateNpc;npc-3;1;2729171007;goalNoise src/sim/npc.js:491;adultScores src/sim/npc.js:1118;updateNpc > measure > measure > (anonyme) > chooseGoal > scoreGoals > adultScores > goalNoise
2836;updateNpc;npc-3;1;265769524;goalNoise src/sim/npc.js:491;gatherWoodScoreForDecision src/sim/npc.js:1072;updateNpc > measure > measure > (anonyme) > chooseGoal > scoreGoals > adultScores > gatherWoodScoreForDecision > goalNoise
2836;updateNpc;npc-3;1;2097335337;goalNoise src/sim/npc.js:491;adultScores src/sim/npc.js:1120;updateNpc > measure > measure > (anonyme) > chooseGoal > scoreGoals > adultScores > goalNoise
2836;updateNpc;npc-3;1;3928901150;goalNoise src/sim/npc.js:491;adultScores src/sim/npc.js:1121;updateNpc > measure > measure > (anonyme) > chooseGoal > scoreGoals > adultScores > goalNoise
2836;updateNpc;npc-3;1;1465499667;goalNoise src/sim/npc.js:491;adultScores src/sim/npc.js:1125;updateNpc > measure > measure > (anonyme) > chooseGoal > scoreGoals > adultScores > goalNoise
2836;updateNpc;npc-3;1;3297065480;goalNoise src/sim/npc.js:491;maintainScore src/sim/npc.js:2813;updateNpc > measure > measure > (anonyme) > chooseGoal > scoreGoals > adultScores > maintainScore > goalNoise
2836;updateNpc;npc-3;1;833663997;goalNoise src/sim/npc.js:491;adultScores src/sim/npc.js:1135;updateNpc > measure > measure > (anonyme) > chooseGoal > scoreGoals > adultScores > goalNoise
2836;updateNpc;npc-3;1;2665229810;goalNoise src/sim/npc.js:491;exploreScore src/sim/npc.js:2355;updateNpc > measure > measure > (anonyme) > chooseGoal > scoreGoals > adultScores > exploreScore > goalNoise
2836;updateNpc;npc-3;1;201828327;goalNoise src/sim/npc.js:491;adultScores src/sim/npc.js:1138;updateNpc > measure > measure > (anonyme) > chooseGoal > scoreGoals > adultScores > goalNoise
2836;updateNpc;npc-3;1;2033394140;goalNoise src/sim/npc.js:491;adultScores src/sim/npc.js:1139;updateNpc > measure > measure > (anonyme) > chooseGoal > scoreGoals > adultScores > goalNoise
2836;updateNpc;npc-3;1;3864959953;goalNoise src/sim/npc.js:491;adultScores src/sim/npc.js:1140;updateNpc > measure > measure > (anonyme) > chooseGoal > scoreGoals > adultScores > goalNoise
2836;updateNpc;npc-3;1;1401558470;goalNoise src/sim/npc.js:491;adultScores src/sim/npc.js:1141;updateNpc > measure > measure > (anonyme) > chooseGoal > scoreGoals > adultScores > goalNoise
3066;updateNpc;npc-3;1;3233124283;exploreTarget src/ai/memory.js:669;failureCauseForGoal src/sim/npc.js:1696;updateNpc > measure > measure > (anonyme) > chooseGoal > scoreGoals > adultScores > failureTargetBiasMap > failureCauseForGoal > exploreTarget
3066;updateNpc;npc-3;1;769722800;exploreTarget src/ai/memory.js:670;failureCauseForGoal src/sim/npc.js:1696;updateNpc > measure > measure > (anonyme) > chooseGoal > scoreGoals > adultScores > failureTargetBiasMap > failureCauseForGoal > exploreTarget
3066;updateNpc;npc-3;1;2601288613;goalNoise src/sim/npc.js:491;adultScores src/sim/npc.js:1114;updateNpc > measure > measure > (anonyme) > chooseGoal > scoreGoals > adultScores > goalNoise
3066;updateNpc;npc-3;1;137887130;goalNoise src/sim/npc.js:491;adultScores src/sim/npc.js:1116;updateNpc > measure > measure > (anonyme) > chooseGoal > scoreGoals > adultScores > goalNoise
3066;updateNpc;npc-3;1;1969452943;goalNoise src/sim/npc.js:491;adultScores src/sim/npc.js:1118;updateNpc > measure > measure > (anonyme) > chooseGoal > scoreGoals > adultScores > goalNoise
3066;updateNpc;npc-3;1;3801018756;goalNoise src/sim/npc.js:491;gatherWoodScoreForDecision src/sim/npc.js:1072;updateNpc > measure > measure > (anonyme) > chooseGoal > scoreGoals > adultScores > gatherWoodScoreForDecision > goalNoise
3066;updateNpc;npc-3;1;1337617273;goalNoise src/sim/npc.js:491;adultScores src/sim/npc.js:1120;updateNpc > measure > measure > (anonyme) > chooseGoal > scoreGoals > adultScores > goalNoise
3066;updateNpc;npc-3;1;3169183086;goalNoise src/sim/npc.js:491;adultScores src/sim/npc.js:1121;updateNpc > measure > measure > (anonyme) > chooseGoal > scoreGoals > adultScores > goalNoise
3066;updateNpc;npc-3;1;705781603;goalNoise src/sim/npc.js:491;adultScores src/sim/npc.js:1125;updateNpc > measure > measure > (anonyme) > chooseGoal > scoreGoals > adultScores > goalNoise
3066;updateNpc;npc-3;1;2537347416;goalNoise src/sim/npc.js:491;maintainScore src/sim/npc.js:2813;updateNpc > measure > measure > (anonyme) > chooseGoal > scoreGoals > adultScores > maintainScore > goalNoise
3066;updateNpc;npc-3;1;73945933;goalNoise src/sim/npc.js:491;adultScores src/sim/npc.js:1135;updateNpc > measure > measure > (anonyme) > chooseGoal > scoreGoals > adultScores > goalNoise
3066;updateNpc;npc-3;1;1905511746;goalNoise src/sim/npc.js:491;exploreScore src/sim/npc.js:2355;updateNpc > measure > measure > (anonyme) > chooseGoal > scoreGoals > adultScores > exploreScore > goalNoise
3066;updateNpc;npc-3;1;3737077559;goalNoise src/sim/npc.js:491;adultScores src/sim/npc.js:1138;updateNpc > measure > measure > (anonyme) > chooseGoal > scoreGoals > adultScores > goalNoise
3066;updateNpc;npc-3;1;1273676076;goalNoise src/sim/npc.js:491;adultScores src/sim/npc.js:1139;updateNpc > measure > measure > (anonyme) > chooseGoal > scoreGoals > adultScores > goalNoise
3066;updateNpc;npc-3;1;3105241889;goalNoise src/sim/npc.js:491;adultScores src/sim/npc.js:1140;updateNpc > measure > measure > (anonyme) > chooseGoal > scoreGoals > adultScores > goalNoise
3066;updateNpc;npc-3;1;641840406;goalNoise src/sim/npc.js:491;adultScores src/sim/npc.js:1141;updateNpc > measure > measure > (anonyme) > chooseGoal > scoreGoals > adultScores > goalNoise
3314;updateNpc;npc-1;1;2473406219;refreshColonyStockReport src/sim/colonyStockReport.js:149;reportedColonyStock src/sim/colonyStockReport.js:210;updateNpc > measure > measure > (anonyme) > chooseGoal > scoreGoals > ensureDayIntent > assignDayIntent > appeal > sim.buildingNeedScore > collectiveBuildingNeedScore > boostedBuildingScores > measureJobNeeds > knownStock > reportedColonyStock > refreshColonyStockReport
3314;updateNpc;npc-1;1;10004736;assignDayIntent src/ai/dayIntent.js:305;ensureDayIntent src/ai/dayIntent.js:327;updateNpc > measure > measure > (anonyme) > chooseGoal > scoreGoals > ensureDayIntent > assignDayIntent
3314;updateNpc;npc-1;1;1841570549;exploreTarget src/ai/memory.js:669;failureCauseForGoal src/sim/npc.js:1696;updateNpc > measure > measure > (anonyme) > chooseGoal > scoreGoals > adultScores > failureTargetBiasMap > failureCauseForGoal > exploreTarget
3314;updateNpc;npc-1;1;3673136362;exploreTarget src/ai/memory.js:670;failureCauseForGoal src/sim/npc.js:1696;updateNpc > measure > measure > (anonyme) > chooseGoal > scoreGoals > adultScores > failureTargetBiasMap > failureCauseForGoal > exploreTarget
3314;updateNpc;npc-1;1;1209734879;goalNoise src/sim/npc.js:491;adultScores src/sim/npc.js:1114;updateNpc > measure > measure > (anonyme) > chooseGoal > scoreGoals > adultScores > goalNoise
3314;updateNpc;npc-1;1;3041300692;goalNoise src/sim/npc.js:491;adultScores src/sim/npc.js:1116;updateNpc > measure > measure > (anonyme) > chooseGoal > scoreGoals > adultScores > goalNoise
3314;updateNpc;npc-1;1;577899209;goalNoise src/sim/npc.js:491;adultScores src/sim/npc.js:1118;updateNpc > measure > measure > (anonyme) > chooseGoal > scoreGoals > adultScores > goalNoise
3314;updateNpc;npc-1;1;2409465022;goalNoise src/sim/npc.js:491;gatherWoodScoreForDecision src/sim/npc.js:1072;updateNpc > measure > measure > (anonyme) > chooseGoal > scoreGoals > adultScores > gatherWoodScoreForDecision > goalNoise
3314;updateNpc;npc-1;1;4241030835;goalNoise src/sim/npc.js:491;adultScores src/sim/npc.js:1120;updateNpc > measure > measure > (anonyme) > chooseGoal > scoreGoals > adultScores > goalNoise
3314;updateNpc;npc-1;1;1777629352;goalNoise src/sim/npc.js:491;adultScores src/sim/npc.js:1121;updateNpc > measure > measure > (anonyme) > chooseGoal > scoreGoals > adultScores > goalNoise
3314;updateNpc;npc-1;1;3609195165;goalNoise src/sim/npc.js:491;adultScores src/sim/npc.js:1125;updateNpc > measure > measure > (anonyme) > chooseGoal > scoreGoals > adultScores > goalNoise
3314;updateNpc;npc-1;1;1145793682;goalNoise src/sim/npc.js:491;maintainScore src/sim/npc.js:2813;updateNpc > measure > measure > (anonyme) > chooseGoal > scoreGoals > adultScores > maintainScore > goalNoise
3314;updateNpc;npc-1;1;2977359495;goalNoise src/sim/npc.js:491;adultScores src/sim/npc.js:1135;updateNpc > measure > measure > (anonyme) > chooseGoal > scoreGoals > adultScores > goalNoise
3314;updateNpc;npc-1;1;513958012;goalNoise src/sim/npc.js:491;exploreScore src/sim/npc.js:2355;updateNpc > measure > measure > (anonyme) > chooseGoal > scoreGoals > adultScores > exploreScore > goalNoise
3314;updateNpc;npc-1;1;2345523825;goalNoise src/sim/npc.js:491;adultScores src/sim/npc.js:1138;updateNpc > measure > measure > (anonyme) > chooseGoal > scoreGoals > adultScores > goalNoise
3314;updateNpc;npc-1;1;4177089638;goalNoise src/sim/npc.js:491;adultScores src/sim/npc.js:1139;updateNpc > measure > measure > (anonyme) > chooseGoal > scoreGoals > adultScores > goalNoise
3314;updateNpc;npc-1;1;1713688155;goalNoise src/sim/npc.js:491;adultScores src/sim/npc.js:1140;updateNpc > measure > measure > (anonyme) > chooseGoal > scoreGoals > adultScores > goalNoise
3314;updateNpc;npc-1;1;3545253968;goalNoise src/sim/npc.js:491;adultScores src/sim/npc.js:1141;updateNpc > measure > measure > (anonyme) > chooseGoal > scoreGoals > adultScores > goalNoise
3329;updateNpc;npc-0;1;1081852485;assignDayIntent src/ai/dayIntent.js:305;ensureDayIntent src/ai/dayIntent.js:327;updateNpc > measure > measure > (anonyme) > chooseGoal > scoreGoals > ensureDayIntent > assignDayIntent
3329;updateNpc;npc-0;1;2913418298;exploreTarget src/ai/memory.js:669;failureCauseForGoal src/sim/npc.js:1696;updateNpc > measure > measure > (anonyme) > chooseGoal > scoreGoals > adultScores > failureTargetBiasMap > failureCauseForGoal > exploreTarget
3329;updateNpc;npc-0;1;450016815;exploreTarget src/ai/memory.js:670;failureCauseForGoal src/sim/npc.js:1696;updateNpc > measure > measure > (anonyme) > chooseGoal > scoreGoals > adultScores > failureTargetBiasMap > failureCauseForGoal > exploreTarget
3329;updateNpc;npc-0;1;2281582628;goalNoise src/sim/npc.js:491;adultScores src/sim/npc.js:1114;updateNpc > measure > measure > (anonyme) > chooseGoal > scoreGoals > adultScores > goalNoise
3329;updateNpc;npc-0;1;4113148441;goalNoise src/sim/npc.js:491;adultScores src/sim/npc.js:1116;updateNpc > measure > measure > (anonyme) > chooseGoal > scoreGoals > adultScores > goalNoise
3329;updateNpc;npc-0;1;1649746958;goalNoise src/sim/npc.js:491;adultScores src/sim/npc.js:1118;updateNpc > measure > measure > (anonyme) > chooseGoal > scoreGoals > adultScores > goalNoise
3329;updateNpc;npc-0;1;3481312771;goalNoise src/sim/npc.js:491;gatherWoodScoreForDecision src/sim/npc.js:1072;updateNpc > measure > measure > (anonyme) > chooseGoal > scoreGoals > adultScores > gatherWoodScoreForDecision > goalNoise
3329;updateNpc;npc-0;1;1017911288;goalNoise src/sim/npc.js:491;adultScores src/sim/npc.js:1120;updateNpc > measure > measure > (anonyme) > chooseGoal > scoreGoals > adultScores > goalNoise
3329;updateNpc;npc-0;1;2849477101;goalNoise src/sim/npc.js:491;adultScores src/sim/npc.js:1121;updateNpc > measure > measure > (anonyme) > chooseGoal > scoreGoals > adultScores > goalNoise
3329;updateNpc;npc-0;1;386075618;goalNoise src/sim/npc.js:491;adultScores src/sim/npc.js:1125;updateNpc > measure > measure > (anonyme) > chooseGoal > scoreGoals > adultScores > goalNoise
3329;updateNpc;npc-0;1;2217641431;goalNoise src/sim/npc.js:491;maintainScore src/sim/npc.js:2813;updateNpc > measure > measure > (anonyme) > chooseGoal > scoreGoals > adultScores > maintainScore > goalNoise
3329;updateNpc;npc-0;1;4049207244;goalNoise src/sim/npc.js:491;adultScores src/sim/npc.js:1135;updateNpc > measure > measure > (anonyme) > chooseGoal > scoreGoals > adultScores > goalNoise
3329;updateNpc;npc-0;1;1585805761;goalNoise src/sim/npc.js:491;exploreScore src/sim/npc.js:2355;updateNpc > measure > measure > (anonyme) > chooseGoal > scoreGoals > adultScores > exploreScore > goalNoise
3329;updateNpc;npc-0;1;3417371574;goalNoise src/sim/npc.js:491;adultScores src/sim/npc.js:1138;updateNpc > measure > measure > (anonyme) > chooseGoal > scoreGoals > adultScores > goalNoise
3329;updateNpc;npc-0;1;953970091;goalNoise src/sim/npc.js:491;adultScores src/sim/npc.js:1139;updateNpc > measure > measure > (anonyme) > chooseGoal > scoreGoals > adultScores > goalNoise
3329;updateNpc;npc-0;1;2785535904;goalNoise src/sim/npc.js:491;adultScores src/sim/npc.js:1140;updateNpc > measure > measure > (anonyme) > chooseGoal > scoreGoals > adultScores > goalNoise
3329;updateNpc;npc-0;1;322134421;goalNoise src/sim/npc.js:491;adultScores src/sim/npc.js:1141;updateNpc > measure > measure > (anonyme) > chooseGoal > scoreGoals > adultScores > goalNoise
3396;updateNpc;npc-2;1;2153700234;assignDayIntent src/ai/dayIntent.js:305;ensureDayIntent src/ai/dayIntent.js:327;updateNpc > measure > measure > (anonyme) > chooseGoal > scoreGoals > ensureDayIntent > assignDayIntent
3396;updateNpc;npc-2;1;3985266047;exploreTarget src/ai/memory.js:669;failureCauseForGoal src/sim/npc.js:1696;updateNpc > measure > measure > (anonyme) > chooseGoal > scoreGoals > adultScores > failureTargetBiasMap > failureCauseForGoal > exploreTarget
3396;updateNpc;npc-2;1;1521864564;exploreTarget src/ai/memory.js:670;failureCauseForGoal src/sim/npc.js:1696;updateNpc > measure > measure > (anonyme) > chooseGoal > scoreGoals > adultScores > failureTargetBiasMap > failureCauseForGoal > exploreTarget
3396;updateNpc;npc-2;1;3353430377;exploreTarget src/ai/memory.js:669;failureCauseForGoal src/sim/npc.js:1696;updateNpc > measure > measure > (anonyme) > chooseGoal > scoreGoals > adultScores > failureTargetBiasMap > failureCauseForGoal > exploreTarget
3396;updateNpc;npc-2;1;890028894;exploreTarget src/ai/memory.js:670;failureCauseForGoal src/sim/npc.js:1696;updateNpc > measure > measure > (anonyme) > chooseGoal > scoreGoals > adultScores > failureTargetBiasMap > failureCauseForGoal > exploreTarget
3396;updateNpc;npc-2;1;2721594707;goalNoise src/sim/npc.js:491;adultScores src/sim/npc.js:1114;updateNpc > measure > measure > (anonyme) > chooseGoal > scoreGoals > adultScores > goalNoise
3396;updateNpc;npc-2;1;258193224;goalNoise src/sim/npc.js:491;adultScores src/sim/npc.js:1116;updateNpc > measure > measure > (anonyme) > chooseGoal > scoreGoals > adultScores > goalNoise
3396;updateNpc;npc-2;1;2089759037;goalNoise src/sim/npc.js:491;adultScores src/sim/npc.js:1118;updateNpc > measure > measure > (anonyme) > chooseGoal > scoreGoals > adultScores > goalNoise
3396;updateNpc;npc-2;1;3921324850;goalNoise src/sim/npc.js:491;gatherWoodScoreForDecision src/sim/npc.js:1072;updateNpc > measure > measure > (anonyme) > chooseGoal > scoreGoals > adultScores > gatherWoodScoreForDecision > goalNoise
3396;updateNpc;npc-2;1;1457923367;goalNoise src/sim/npc.js:491;adultScores src/sim/npc.js:1120;updateNpc > measure > measure > (anonyme) > chooseGoal > scoreGoals > adultScores > goalNoise
3396;updateNpc;npc-2;1;3289489180;goalNoise src/sim/npc.js:491;adultScores src/sim/npc.js:1121;updateNpc > measure > measure > (anonyme) > chooseGoal > scoreGoals > adultScores > goalNoise
3396;updateNpc;npc-2;1;826087697;goalNoise src/sim/npc.js:491;adultScores src/sim/npc.js:1125;updateNpc > measure > measure > (anonyme) > chooseGoal > scoreGoals > adultScores > goalNoise
3396;updateNpc;npc-2;1;2657653510;goalNoise src/sim/npc.js:491;maintainScore src/sim/npc.js:2813;updateNpc > measure > measure > (anonyme) > chooseGoal > scoreGoals > adultScores > maintainScore > goalNoise
3396;updateNpc;npc-2;1;194252027;goalNoise src/sim/npc.js:491;adultScores src/sim/npc.js:1135;updateNpc > measure > measure > (anonyme) > chooseGoal > scoreGoals > adultScores > goalNoise
3396;updateNpc;npc-2;1;2025817840;goalNoise src/sim/npc.js:491;exploreScore src/sim/npc.js:2355;updateNpc > measure > measure > (anonyme) > chooseGoal > scoreGoals > adultScores > exploreScore > goalNoise
3396;updateNpc;npc-2;1;3857383653;goalNoise src/sim/npc.js:491;adultScores src/sim/npc.js:1138;updateNpc > measure > measure > (anonyme) > chooseGoal > scoreGoals > adultScores > goalNoise
3396;updateNpc;npc-2;1;1393982170;goalNoise src/sim/npc.js:491;adultScores src/sim/npc.js:1139;updateNpc > measure > measure > (anonyme) > chooseGoal > scoreGoals > adultScores > goalNoise
3396;updateNpc;npc-2;1;3225547983;goalNoise src/sim/npc.js:491;adultScores src/sim/npc.js:1140;updateNpc > measure > measure > (anonyme) > chooseGoal > scoreGoals > adultScores > goalNoise
3396;updateNpc;npc-2;1;762146500;goalNoise src/sim/npc.js:491;adultScores src/sim/npc.js:1141;updateNpc > measure > measure > (anonyme) > chooseGoal > scoreGoals > adultScores > goalNoise
3607;updateNpc;npc-4;1;2593712313;assignDayIntent src/ai/dayIntent.js:305;ensureDayIntent src/ai/dayIntent.js:327;updateNpc > measure > measure > (anonyme) > chooseGoal > scoreGoals > ensureDayIntent > assignDayIntent
3607;updateNpc;npc-4;1;130310830;exploreTarget src/ai/memory.js:669;failureCauseForGoal src/sim/npc.js:1696;updateNpc > measure > measure > (anonyme) > chooseGoal > scoreGoals > adultScores > failureTargetBiasMap > failureCauseForGoal > exploreTarget
3607;updateNpc;npc-4;1;1961876643;exploreTarget src/ai/memory.js:670;failureCauseForGoal src/sim/npc.js:1696;updateNpc > measure > measure > (anonyme) > chooseGoal > scoreGoals > adultScores > failureTargetBiasMap > failureCauseForGoal > exploreTarget
3607;updateNpc;npc-4;1;3793442456;goalNoise src/sim/npc.js:491;adultScores src/sim/npc.js:1114;updateNpc > measure > measure > (anonyme) > chooseGoal > scoreGoals > adultScores > goalNoise
3607;updateNpc;npc-4;1;1330040973;goalNoise src/sim/npc.js:491;adultScores src/sim/npc.js:1116;updateNpc > measure > measure > (anonyme) > chooseGoal > scoreGoals > adultScores > goalNoise
3607;updateNpc;npc-4;1;3161606786;goalNoise src/sim/npc.js:491;adultScores src/sim/npc.js:1118;updateNpc > measure > measure > (anonyme) > chooseGoal > scoreGoals > adultScores > goalNoise
3607;updateNpc;npc-4;1;698205303;goalNoise src/sim/npc.js:491;gatherWoodScoreForDecision src/sim/npc.js:1072;updateNpc > measure > measure > (anonyme) > chooseGoal > scoreGoals > adultScores > gatherWoodScoreForDecision > goalNoise
3607;updateNpc;npc-4;1;2529771116;goalNoise src/sim/npc.js:491;adultScores src/sim/npc.js:1120;updateNpc > measure > measure > (anonyme) > chooseGoal > scoreGoals > adultScores > goalNoise
3607;updateNpc;npc-4;1;66369633;goalNoise src/sim/npc.js:491;adultScores src/sim/npc.js:1121;updateNpc > measure > measure > (anonyme) > chooseGoal > scoreGoals > adultScores > goalNoise
3607;updateNpc;npc-4;1;1897935446;goalNoise src/sim/npc.js:491;adultScores src/sim/npc.js:1125;updateNpc > measure > measure > (anonyme) > chooseGoal > scoreGoals > adultScores > goalNoise
3607;updateNpc;npc-4;1;3729501259;goalNoise src/sim/npc.js:491;maintainScore src/sim/npc.js:2813;updateNpc > measure > measure > (anonyme) > chooseGoal > scoreGoals > adultScores > maintainScore > goalNoise
3607;updateNpc;npc-4;1;1266099776;goalNoise src/sim/npc.js:491;adultScores src/sim/npc.js:1135;updateNpc > measure > measure > (anonyme) > chooseGoal > scoreGoals > adultScores > goalNoise
3607;updateNpc;npc-4;1;3097665589;goalNoise src/sim/npc.js:491;exploreScore src/sim/npc.js:2355;updateNpc > measure > measure > (anonyme) > chooseGoal > scoreGoals > adultScores > exploreScore > goalNoise
3607;updateNpc;npc-4;1;634264106;goalNoise src/sim/npc.js:491;adultScores src/sim/npc.js:1138;updateNpc > measure > measure > (anonyme) > chooseGoal > scoreGoals > adultScores > goalNoise
3607;updateNpc;npc-4;1;2465829919;goalNoise src/sim/npc.js:491;adultScores src/sim/npc.js:1139;updateNpc > measure > measure > (anonyme) > chooseGoal > scoreGoals > adultScores > goalNoise
3607;updateNpc;npc-4;1;2428436;goalNoise src/sim/npc.js:491;adultScores src/sim/npc.js:1140;updateNpc > measure > measure > (anonyme) > chooseGoal > scoreGoals > adultScores > goalNoise
3607;updateNpc;npc-4;1;1833994249;goalNoise src/sim/npc.js:491;adultScores src/sim/npc.js:1141;updateNpc > measure > measure > (anonyme) > chooseGoal > scoreGoals > adultScores > goalNoise
3679;updateNpc;npc-3;1;3665560062;assignDayIntent src/ai/dayIntent.js:305;ensureDayIntent src/ai/dayIntent.js:327;updateNpc > measure > measure > (anonyme) > chooseGoal > scoreGoals > ensureDayIntent > assignDayIntent
3679;updateNpc;npc-3;1;1202158579;exploreTarget src/ai/memory.js:669;failureCauseForGoal src/sim/npc.js:1696;updateNpc > measure > measure > (anonyme) > chooseGoal > scoreGoals > adultScores > failureTargetBiasMap > failureCauseForGoal > exploreTarget
3679;updateNpc;npc-3;1;3033724392;exploreTarget src/ai/memory.js:670;failureCauseForGoal src/sim/npc.js:1696;updateNpc > measure > measure > (anonyme) > chooseGoal > scoreGoals > adultScores > failureTargetBiasMap > failureCauseForGoal > exploreTarget
3679;updateNpc;npc-3;1;570322909;exploreTarget src/ai/memory.js:669;failureCauseForGoal src/sim/npc.js:1696;updateNpc > measure > measure > (anonyme) > chooseGoal > scoreGoals > adultScores > failureTargetBiasMap > failureCauseForGoal > exploreTarget
3679;updateNpc;npc-3;1;2401888722;exploreTarget src/ai/memory.js:670;failureCauseForGoal src/sim/npc.js:1696;updateNpc > measure > measure > (anonyme) > chooseGoal > scoreGoals > adultScores > failureTargetBiasMap > failureCauseForGoal > exploreTarget
3679;updateNpc;npc-3;1;4233454535;goalNoise src/sim/npc.js:491;adultScores src/sim/npc.js:1114;updateNpc > measure > measure > (anonyme) > chooseGoal > scoreGoals > adultScores > goalNoise
3679;updateNpc;npc-3;1;1770053052;goalNoise src/sim/npc.js:491;adultScores src/sim/npc.js:1116;updateNpc > measure > measure > (anonyme) > chooseGoal > scoreGoals > adultScores > goalNoise
3679;updateNpc;npc-3;1;3601618865;goalNoise src/sim/npc.js:491;adultScores src/sim/npc.js:1118;updateNpc > measure > measure > (anonyme) > chooseGoal > scoreGoals > adultScores > goalNoise
3679;updateNpc;npc-3;1;1138217382;goalNoise src/sim/npc.js:491;gatherWoodScoreForDecision src/sim/npc.js:1072;updateNpc > measure > measure > (anonyme) > chooseGoal > scoreGoals > adultScores > gatherWoodScoreForDecision > goalNoise
3679;updateNpc;npc-3;1;2969783195;goalNoise src/sim/npc.js:491;adultScores src/sim/npc.js:1120;updateNpc > measure > measure > (anonyme) > chooseGoal > scoreGoals > adultScores > goalNoise
3679;updateNpc;npc-3;1;506381712;goalNoise src/sim/npc.js:491;adultScores src/sim/npc.js:1121;updateNpc > measure > measure > (anonyme) > chooseGoal > scoreGoals > adultScores > goalNoise
3679;updateNpc;npc-3;1;2337947525;goalNoise src/sim/npc.js:491;adultScores src/sim/npc.js:1125;updateNpc > measure > measure > (anonyme) > chooseGoal > scoreGoals > adultScores > goalNoise
3679;updateNpc;npc-3;1;4169513338;goalNoise src/sim/npc.js:491;maintainScore src/sim/npc.js:2813;updateNpc > measure > measure > (anonyme) > chooseGoal > scoreGoals > adultScores > maintainScore > goalNoise
3679;updateNpc;npc-3;1;1706111855;goalNoise src/sim/npc.js:491;adultScores src/sim/npc.js:1135;updateNpc > measure > measure > (anonyme) > chooseGoal > scoreGoals > adultScores > goalNoise
3679;updateNpc;npc-3;1;3537677668;goalNoise src/sim/npc.js:491;exploreScore src/sim/npc.js:2355;updateNpc > measure > measure > (anonyme) > chooseGoal > scoreGoals > adultScores > exploreScore > goalNoise
3679;updateNpc;npc-3;1;1074276185;goalNoise src/sim/npc.js:491;adultScores src/sim/npc.js:1138;updateNpc > measure > measure > (anonyme) > chooseGoal > scoreGoals > adultScores > goalNoise
3679;updateNpc;npc-3;1;2905841998;goalNoise src/sim/npc.js:491;adultScores src/sim/npc.js:1139;updateNpc > measure > measure > (anonyme) > chooseGoal > scoreGoals > adultScores > goalNoise
3679;updateNpc;npc-3;1;442440515;goalNoise src/sim/npc.js:491;adultScores src/sim/npc.js:1140;updateNpc > measure > measure > (anonyme) > chooseGoal > scoreGoals > adultScores > goalNoise
3679;updateNpc;npc-3;1;2274006328;goalNoise src/sim/npc.js:491;adultScores src/sim/npc.js:1141;updateNpc > measure > measure > (anonyme) > chooseGoal > scoreGoals > adultScores > goalNoise
4117;updateNpc;npc-2;1;4105572141;exploreTarget src/ai/memory.js:669;failureCauseForGoal src/sim/npc.js:1696;updateNpc > measure > measure > (anonyme) > chooseGoal > scoreGoals > adultScores > failureTargetBiasMap > failureCauseForGoal > exploreTarget
4117;updateNpc;npc-2;1;1642170658;exploreTarget src/ai/memory.js:670;failureCauseForGoal src/sim/npc.js:1696;updateNpc > measure > measure > (anonyme) > chooseGoal > scoreGoals > adultScores > failureTargetBiasMap > failureCauseForGoal > exploreTarget
4117;updateNpc;npc-2;1;3473736471;goalNoise src/sim/npc.js:491;adultScores src/sim/npc.js:1114;updateNpc > measure > measure > (anonyme) > chooseGoal > scoreGoals > adultScores > goalNoise
4117;updateNpc;npc-2;1;1010334988;goalNoise src/sim/npc.js:491;adultScores src/sim/npc.js:1116;updateNpc > measure > measure > (anonyme) > chooseGoal > scoreGoals > adultScores > goalNoise
4117;updateNpc;npc-2;1;2841900801;goalNoise src/sim/npc.js:491;adultScores src/sim/npc.js:1118;updateNpc > measure > measure > (anonyme) > chooseGoal > scoreGoals > adultScores > goalNoise
4117;updateNpc;npc-2;1;378499318;goalNoise src/sim/npc.js:491;gatherWoodScoreForDecision src/sim/npc.js:1072;updateNpc > measure > measure > (anonyme) > chooseGoal > scoreGoals > adultScores > gatherWoodScoreForDecision > goalNoise
4117;updateNpc;npc-2;1;2210065131;goalNoise src/sim/npc.js:491;adultScores src/sim/npc.js:1120;updateNpc > measure > measure > (anonyme) > chooseGoal > scoreGoals > adultScores > goalNoise
4117;updateNpc;npc-2;1;4041630944;goalNoise src/sim/npc.js:491;adultScores src/sim/npc.js:1121;updateNpc > measure > measure > (anonyme) > chooseGoal > scoreGoals > adultScores > goalNoise
4117;updateNpc;npc-2;1;1578229461;goalNoise src/sim/npc.js:491;adultScores src/sim/npc.js:1125;updateNpc > measure > measure > (anonyme) > chooseGoal > scoreGoals > adultScores > goalNoise
4117;updateNpc;npc-2;1;3409795274;goalNoise src/sim/npc.js:491;maintainScore src/sim/npc.js:2813;updateNpc > measure > measure > (anonyme) > chooseGoal > scoreGoals > adultScores > maintainScore > goalNoise
4117;updateNpc;npc-2;1;946393791;goalNoise src/sim/npc.js:491;adultScores src/sim/npc.js:1135;updateNpc > measure > measure > (anonyme) > chooseGoal > scoreGoals > adultScores > goalNoise
4117;updateNpc;npc-2;1;2777959604;goalNoise src/sim/npc.js:491;exploreScore src/sim/npc.js:2355;updateNpc > measure > measure > (anonyme) > chooseGoal > scoreGoals > adultScores > exploreScore > goalNoise
4117;updateNpc;npc-2;1;314558121;goalNoise src/sim/npc.js:491;adultScores src/sim/npc.js:1138;updateNpc > measure > measure > (anonyme) > chooseGoal > scoreGoals > adultScores > goalNoise
4117;updateNpc;npc-2;1;2146123934;goalNoise src/sim/npc.js:491;adultScores src/sim/npc.js:1139;updateNpc > measure > measure > (anonyme) > chooseGoal > scoreGoals > adultScores > goalNoise
4117;updateNpc;npc-2;1;3977689747;goalNoise src/sim/npc.js:491;adultScores src/sim/npc.js:1140;updateNpc > measure > measure > (anonyme) > chooseGoal > scoreGoals > adultScores > goalNoise
4117;updateNpc;npc-2;1;1514288264;goalNoise src/sim/npc.js:491;adultScores src/sim/npc.js:1141;updateNpc > measure > measure > (anonyme) > chooseGoal > scoreGoals > adultScores > goalNoise
4161;updateNpc;npc-1;1;3345854077;exploreTarget src/ai/memory.js:669;failureCauseForGoal src/sim/npc.js:1696;updateNpc > measure > measure > (anonyme) > chooseGoal > scoreGoals > adultScores > failureTargetBiasMap > failureCauseForGoal > exploreTarget
4161;updateNpc;npc-1;1;882452594;exploreTarget src/ai/memory.js:670;failureCauseForGoal src/sim/npc.js:1696;updateNpc > measure > measure > (anonyme) > chooseGoal > scoreGoals > adultScores > failureTargetBiasMap > failureCauseForGoal > exploreTarget
4161;updateNpc;npc-1;1;2714018407;exploreTarget src/ai/memory.js:669;failureCauseForGoal src/sim/npc.js:1696;updateNpc > measure > measure > (anonyme) > chooseGoal > scoreGoals > adultScores > failureTargetBiasMap > failureCauseForGoal > exploreTarget
4161;updateNpc;npc-1;1;250616924;exploreTarget src/ai/memory.js:670;failureCauseForGoal src/sim/npc.js:1696;updateNpc > measure > measure > (anonyme) > chooseGoal > scoreGoals > adultScores > failureTargetBiasMap > failureCauseForGoal > exploreTarget
4161;updateNpc;npc-1;1;2082182737;goalNoise src/sim/npc.js:491;adultScores src/sim/npc.js:1114;updateNpc > measure > measure > (anonyme) > chooseGoal > scoreGoals > adultScores > goalNoise
4161;updateNpc;npc-1;1;3913748550;goalNoise src/sim/npc.js:491;adultScores src/sim/npc.js:1116;updateNpc > measure > measure > (anonyme) > chooseGoal > scoreGoals > adultScores > goalNoise
4161;updateNpc;npc-1;1;1450347067;goalNoise src/sim/npc.js:491;adultScores src/sim/npc.js:1118;updateNpc > measure > measure > (anonyme) > chooseGoal > scoreGoals > adultScores > goalNoise
4161;updateNpc;npc-1;1;3281912880;goalNoise src/sim/npc.js:491;gatherWoodScoreForDecision src/sim/npc.js:1072;updateNpc > measure > measure > (anonyme) > chooseGoal > scoreGoals > adultScores > gatherWoodScoreForDecision > goalNoise
4161;updateNpc;npc-1;1;818511397;goalNoise src/sim/npc.js:491;adultScores src/sim/npc.js:1120;updateNpc > measure > measure > (anonyme) > chooseGoal > scoreGoals > adultScores > goalNoise
4161;updateNpc;npc-1;1;2650077210;goalNoise src/sim/npc.js:491;adultScores src/sim/npc.js:1121;updateNpc > measure > measure > (anonyme) > chooseGoal > scoreGoals > adultScores > goalNoise
4161;updateNpc;npc-1;1;186675727;goalNoise src/sim/npc.js:491;adultScores src/sim/npc.js:1125;updateNpc > measure > measure > (anonyme) > chooseGoal > scoreGoals > adultScores > goalNoise
4161;updateNpc;npc-1;1;2018241540;goalNoise src/sim/npc.js:491;maintainScore src/sim/npc.js:2813;updateNpc > measure > measure > (anonyme) > chooseGoal > scoreGoals > adultScores > maintainScore > goalNoise
4161;updateNpc;npc-1;1;3849807353;goalNoise src/sim/npc.js:491;adultScores src/sim/npc.js:1135;updateNpc > measure > measure > (anonyme) > chooseGoal > scoreGoals > adultScores > goalNoise
4161;updateNpc;npc-1;1;1386405870;goalNoise src/sim/npc.js:491;exploreScore src/sim/npc.js:2355;updateNpc > measure > measure > (anonyme) > chooseGoal > scoreGoals > adultScores > exploreScore > goalNoise
4161;updateNpc;npc-1;1;3217971683;goalNoise src/sim/npc.js:491;adultScores src/sim/npc.js:1138;updateNpc > measure > measure > (anonyme) > chooseGoal > scoreGoals > adultScores > goalNoise
4161;updateNpc;npc-1;1;754570200;goalNoise src/sim/npc.js:491;adultScores src/sim/npc.js:1139;updateNpc > measure > measure > (anonyme) > chooseGoal > scoreGoals > adultScores > goalNoise
4161;updateNpc;npc-1;1;2586136013;goalNoise src/sim/npc.js:491;adultScores src/sim/npc.js:1140;updateNpc > measure > measure > (anonyme) > chooseGoal > scoreGoals > adultScores > goalNoise
4161;updateNpc;npc-1;1;122734530;goalNoise src/sim/npc.js:491;adultScores src/sim/npc.js:1141;updateNpc > measure > measure > (anonyme) > chooseGoal > scoreGoals > adultScores > goalNoise
4176;updateNpc;npc-0;1;1954300343;exploreTarget src/ai/memory.js:669;failureCauseForGoal src/sim/npc.js:1696;updateNpc > measure > measure > (anonyme) > chooseGoal > scoreGoals > adultScores > failureTargetBiasMap > failureCauseForGoal > exploreTarget
4176;updateNpc;npc-0;1;3785866156;exploreTarget src/ai/memory.js:670;failureCauseForGoal src/sim/npc.js:1696;updateNpc > measure > measure > (anonyme) > chooseGoal > scoreGoals > adultScores > failureTargetBiasMap > failureCauseForGoal > exploreTarget
4176;updateNpc;npc-0;1;1322464673;exploreTarget src/ai/memory.js:669;failureCauseForGoal src/sim/npc.js:1696;updateNpc > measure > measure > (anonyme) > chooseGoal > scoreGoals > adultScores > failureTargetBiasMap > failureCauseForGoal > exploreTarget
4176;updateNpc;npc-0;1;3154030486;exploreTarget src/ai/memory.js:670;failureCauseForGoal src/sim/npc.js:1696;updateNpc > measure > measure > (anonyme) > chooseGoal > scoreGoals > adultScores > failureTargetBiasMap > failureCauseForGoal > exploreTarget
4176;updateNpc;npc-0;1;690629003;exploreTarget src/ai/memory.js:669;failureCauseForGoal src/sim/npc.js:1696;updateNpc > measure > measure > (anonyme) > chooseGoal > scoreGoals > adultScores > failureTargetBiasMap > failureCauseForGoal > exploreTarget
4176;updateNpc;npc-0;1;2522194816;exploreTarget src/ai/memory.js:670;failureCauseForGoal src/sim/npc.js:1696;updateNpc > measure > measure > (anonyme) > chooseGoal > scoreGoals > adultScores > failureTargetBiasMap > failureCauseForGoal > exploreTarget
4176;updateNpc;npc-0;1;58793333;goalNoise src/sim/npc.js:491;adultScores src/sim/npc.js:1114;updateNpc > measure > measure > (anonyme) > chooseGoal > scoreGoals > adultScores > goalNoise
4176;updateNpc;npc-0;1;1890359146;goalNoise src/sim/npc.js:491;adultScores src/sim/npc.js:1116;updateNpc > measure > measure > (anonyme) > chooseGoal > scoreGoals > adultScores > goalNoise
4176;updateNpc;npc-0;1;3721924959;goalNoise src/sim/npc.js:491;adultScores src/sim/npc.js:1118;updateNpc > measure > measure > (anonyme) > chooseGoal > scoreGoals > adultScores > goalNoise
4176;updateNpc;npc-0;1;1258523476;goalNoise src/sim/npc.js:491;gatherWoodScoreForDecision src/sim/npc.js:1072;updateNpc > measure > measure > (anonyme) > chooseGoal > scoreGoals > adultScores > gatherWoodScoreForDecision > goalNoise
4176;updateNpc;npc-0;1;3090089289;goalNoise src/sim/npc.js:491;adultScores src/sim/npc.js:1120;updateNpc > measure > measure > (anonyme) > chooseGoal > scoreGoals > adultScores > goalNoise
4176;updateNpc;npc-0;1;626687806;goalNoise src/sim/npc.js:491;adultScores src/sim/npc.js:1121;updateNpc > measure > measure > (anonyme) > chooseGoal > scoreGoals > adultScores > goalNoise
4176;updateNpc;npc-0;1;2458253619;goalNoise src/sim/npc.js:491;adultScores src/sim/npc.js:1125;updateNpc > measure > measure > (anonyme) > chooseGoal > scoreGoals > adultScores > goalNoise
4176;updateNpc;npc-0;1;4289819432;goalNoise src/sim/npc.js:491;maintainScore src/sim/npc.js:2813;updateNpc > measure > measure > (anonyme) > chooseGoal > scoreGoals > adultScores > maintainScore > goalNoise
4176;updateNpc;npc-0;1;1826417949;goalNoise src/sim/npc.js:491;adultScores src/sim/npc.js:1135;updateNpc > measure > measure > (anonyme) > chooseGoal > scoreGoals > adultScores > goalNoise
4176;updateNpc;npc-0;1;3657983762;goalNoise src/sim/npc.js:491;exploreScore src/sim/npc.js:2355;updateNpc > measure > measure > (anonyme) > chooseGoal > scoreGoals > adultScores > exploreScore > goalNoise
4176;updateNpc;npc-0;1;1194582279;goalNoise src/sim/npc.js:491;adultScores src/sim/npc.js:1138;updateNpc > measure > measure > (anonyme) > chooseGoal > scoreGoals > adultScores > goalNoise
4176;updateNpc;npc-0;1;3026148092;goalNoise src/sim/npc.js:491;adultScores src/sim/npc.js:1139;updateNpc > measure > measure > (anonyme) > chooseGoal > scoreGoals > adultScores > goalNoise
4176;updateNpc;npc-0;1;562746609;goalNoise src/sim/npc.js:491;adultScores src/sim/npc.js:1140;updateNpc > measure > measure > (anonyme) > chooseGoal > scoreGoals > adultScores > goalNoise
4176;updateNpc;npc-0;1;2394312422;goalNoise src/sim/npc.js:491;adultScores src/sim/npc.js:1141;updateNpc > measure > measure > (anonyme) > chooseGoal > scoreGoals > adultScores > goalNoise
4292;updateNpc;npc-3;1;4225878235;exploreTarget src/ai/memory.js:669;failureCauseForGoal src/sim/npc.js:1696;updateNpc > measure > measure > (anonyme) > chooseGoal > scoreGoals > adultScores > failureTargetBiasMap > failureCauseForGoal > exploreTarget
4292;updateNpc;npc-3;1;1762476752;exploreTarget src/ai/memory.js:670;failureCauseForGoal src/sim/npc.js:1696;updateNpc > measure > measure > (anonyme) > chooseGoal > scoreGoals > adultScores > failureTargetBiasMap > failureCauseForGoal > exploreTarget
4292;updateNpc;npc-3;1;3594042565;exploreTarget src/ai/memory.js:669;failureCauseForGoal src/sim/npc.js:1696;updateNpc > measure > measure > (anonyme) > chooseGoal > scoreGoals > adultScores > failureTargetBiasMap > failureCauseForGoal > exploreTarget
4292;updateNpc;npc-3;1;1130641082;exploreTarget src/ai/memory.js:670;failureCauseForGoal src/sim/npc.js:1696;updateNpc > measure > measure > (anonyme) > chooseGoal > scoreGoals > adultScores > failureTargetBiasMap > failureCauseForGoal > exploreTarget
4292;updateNpc;npc-3;1;2962206895;goalNoise src/sim/npc.js:491;adultScores src/sim/npc.js:1114;updateNpc > measure > measure > (anonyme) > chooseGoal > scoreGoals > adultScores > goalNoise
4292;updateNpc;npc-3;1;498805412;goalNoise src/sim/npc.js:491;adultScores src/sim/npc.js:1116;updateNpc > measure > measure > (anonyme) > chooseGoal > scoreGoals > adultScores > goalNoise
4292;updateNpc;npc-3;1;2330371225;goalNoise src/sim/npc.js:491;adultScores src/sim/npc.js:1118;updateNpc > measure > measure > (anonyme) > chooseGoal > scoreGoals > adultScores > goalNoise
4292;updateNpc;npc-3;1;4161937038;goalNoise src/sim/npc.js:491;gatherWoodScoreForDecision src/sim/npc.js:1072;updateNpc > measure > measure > (anonyme) > chooseGoal > scoreGoals > adultScores > gatherWoodScoreForDecision > goalNoise
4292;updateNpc;npc-3;1;1698535555;goalNoise src/sim/npc.js:491;adultScores src/sim/npc.js:1120;updateNpc > measure > measure > (anonyme) > chooseGoal > scoreGoals > adultScores > goalNoise
4292;updateNpc;npc-3;1;3530101368;goalNoise src/sim/npc.js:491;adultScores src/sim/npc.js:1121;updateNpc > measure > measure > (anonyme) > chooseGoal > scoreGoals > adultScores > goalNoise
4292;updateNpc;npc-3;1;1066699885;goalNoise src/sim/npc.js:491;adultScores src/sim/npc.js:1125;updateNpc > measure > measure > (anonyme) > chooseGoal > scoreGoals > adultScores > goalNoise
4292;updateNpc;npc-3;1;2898265698;goalNoise src/sim/npc.js:491;maintainScore src/sim/npc.js:2813;updateNpc > measure > measure > (anonyme) > chooseGoal > scoreGoals > adultScores > maintainScore > goalNoise
4292;updateNpc;npc-3;1;434864215;goalNoise src/sim/npc.js:491;adultScores src/sim/npc.js:1135;updateNpc > measure > measure > (anonyme) > chooseGoal > scoreGoals > adultScores > goalNoise
4292;updateNpc;npc-3;1;2266430028;goalNoise src/sim/npc.js:491;exploreScore src/sim/npc.js:2355;updateNpc > measure > measure > (anonyme) > chooseGoal > scoreGoals > adultScores > exploreScore > goalNoise
4292;updateNpc;npc-3;1;4097995841;goalNoise src/sim/npc.js:491;adultScores src/sim/npc.js:1138;updateNpc > measure > measure > (anonyme) > chooseGoal > scoreGoals > adultScores > goalNoise
4292;updateNpc;npc-3;1;1634594358;goalNoise src/sim/npc.js:491;adultScores src/sim/npc.js:1139;updateNpc > measure > measure > (anonyme) > chooseGoal > scoreGoals > adultScores > goalNoise
4292;updateNpc;npc-3;1;3466160171;goalNoise src/sim/npc.js:491;adultScores src/sim/npc.js:1140;updateNpc > measure > measure > (anonyme) > chooseGoal > scoreGoals > adultScores > goalNoise
4292;updateNpc;npc-3;1;1002758688;goalNoise src/sim/npc.js:491;adultScores src/sim/npc.js:1141;updateNpc > measure > measure > (anonyme) > chooseGoal > scoreGoals > adultScores > goalNoise
4454;updateNpc;npc-4;1;2834324501;exploreTarget src/ai/memory.js:669;failureCauseForGoal src/sim/npc.js:1696;updateNpc > measure > measure > (anonyme) > chooseGoal > scoreGoals > adultScores > failureTargetBiasMap > failureCauseForGoal > exploreTarget
4454;updateNpc;npc-4;1;370923018;exploreTarget src/ai/memory.js:670;failureCauseForGoal src/sim/npc.js:1696;updateNpc > measure > measure > (anonyme) > chooseGoal > scoreGoals > adultScores > failureTargetBiasMap > failureCauseForGoal > exploreTarget
4454;updateNpc;npc-4;1;2202488831;goalNoise src/sim/npc.js:491;adultScores src/sim/npc.js:1114;updateNpc > measure > measure > (anonyme) > chooseGoal > scoreGoals > adultScores > goalNoise
4454;updateNpc;npc-4;1;4034054644;goalNoise src/sim/npc.js:491;adultScores src/sim/npc.js:1116;updateNpc > measure > measure > (anonyme) > chooseGoal > scoreGoals > adultScores > goalNoise
4454;updateNpc;npc-4;1;1570653161;goalNoise src/sim/npc.js:491;adultScores src/sim/npc.js:1118;updateNpc > measure > measure > (anonyme) > chooseGoal > scoreGoals > adultScores > goalNoise
4454;updateNpc;npc-4;1;3402218974;goalNoise src/sim/npc.js:491;gatherWoodScoreForDecision src/sim/npc.js:1072;updateNpc > measure > measure > (anonyme) > chooseGoal > scoreGoals > adultScores > gatherWoodScoreForDecision > goalNoise
4454;updateNpc;npc-4;1;938817491;goalNoise src/sim/npc.js:491;adultScores src/sim/npc.js:1120;updateNpc > measure > measure > (anonyme) > chooseGoal > scoreGoals > adultScores > goalNoise
4454;updateNpc;npc-4;1;2770383304;goalNoise src/sim/npc.js:491;adultScores src/sim/npc.js:1121;updateNpc > measure > measure > (anonyme) > chooseGoal > scoreGoals > adultScores > goalNoise
4454;updateNpc;npc-4;1;306981821;goalNoise src/sim/npc.js:491;adultScores src/sim/npc.js:1125;updateNpc > measure > measure > (anonyme) > chooseGoal > scoreGoals > adultScores > goalNoise
4454;updateNpc;npc-4;1;2138547634;goalNoise src/sim/npc.js:491;maintainScore src/sim/npc.js:2813;updateNpc > measure > measure > (anonyme) > chooseGoal > scoreGoals > adultScores > maintainScore > goalNoise
4454;updateNpc;npc-4;1;3970113447;goalNoise src/sim/npc.js:491;adultScores src/sim/npc.js:1135;updateNpc > measure > measure > (anonyme) > chooseGoal > scoreGoals > adultScores > goalNoise
4454;updateNpc;npc-4;1;1506711964;goalNoise src/sim/npc.js:491;exploreScore src/sim/npc.js:2355;updateNpc > measure > measure > (anonyme) > chooseGoal > scoreGoals > adultScores > exploreScore > goalNoise
4454;updateNpc;npc-4;1;3338277777;goalNoise src/sim/npc.js:491;adultScores src/sim/npc.js:1138;updateNpc > measure > measure > (anonyme) > chooseGoal > scoreGoals > adultScores > goalNoise
4454;updateNpc;npc-4;1;874876294;goalNoise src/sim/npc.js:491;adultScores src/sim/npc.js:1139;updateNpc > measure > measure > (anonyme) > chooseGoal > scoreGoals > adultScores > goalNoise
4454;updateNpc;npc-4;1;2706442107;goalNoise src/sim/npc.js:491;adultScores src/sim/npc.js:1140;updateNpc > measure > measure > (anonyme) > chooseGoal > scoreGoals > adultScores > goalNoise
4454;updateNpc;npc-4;1;243040624;goalNoise src/sim/npc.js:491;adultScores src/sim/npc.js:1141;updateNpc > measure > measure > (anonyme) > chooseGoal > scoreGoals > adultScores > goalNoise
4488;updateNpc;npc-3;1;2074606437;exploreTarget src/ai/memory.js:669;failureCauseForGoal src/sim/npc.js:1696;updateNpc > measure > measure > (anonyme) > chooseGoal > scoreGoals > adultScores > failureTargetBiasMap > failureCauseForGoal > exploreTarget
4488;updateNpc;npc-3;1;3906172250;exploreTarget src/ai/memory.js:670;failureCauseForGoal src/sim/npc.js:1696;updateNpc > measure > measure > (anonyme) > chooseGoal > scoreGoals > adultScores > failureTargetBiasMap > failureCauseForGoal > exploreTarget
4488;updateNpc;npc-3;1;1442770767;goalNoise src/sim/npc.js:491;adultScores src/sim/npc.js:1114;updateNpc > measure > measure > (anonyme) > chooseGoal > scoreGoals > adultScores > goalNoise
4488;updateNpc;npc-3;1;3274336580;goalNoise src/sim/npc.js:491;adultScores src/sim/npc.js:1116;updateNpc > measure > measure > (anonyme) > chooseGoal > scoreGoals > adultScores > goalNoise
4488;updateNpc;npc-3;1;810935097;goalNoise src/sim/npc.js:491;adultScores src/sim/npc.js:1118;updateNpc > measure > measure > (anonyme) > chooseGoal > scoreGoals > adultScores > goalNoise
4488;updateNpc;npc-3;1;2642500910;goalNoise src/sim/npc.js:491;gatherWoodScoreForDecision src/sim/npc.js:1072;updateNpc > measure > measure > (anonyme) > chooseGoal > scoreGoals > adultScores > gatherWoodScoreForDecision > goalNoise
4488;updateNpc;npc-3;1;179099427;goalNoise src/sim/npc.js:491;adultScores src/sim/npc.js:1120;updateNpc > measure > measure > (anonyme) > chooseGoal > scoreGoals > adultScores > goalNoise
4488;updateNpc;npc-3;1;2010665240;goalNoise src/sim/npc.js:491;adultScores src/sim/npc.js:1121;updateNpc > measure > measure > (anonyme) > chooseGoal > scoreGoals > adultScores > goalNoise
4488;updateNpc;npc-3;1;3842231053;goalNoise src/sim/npc.js:491;adultScores src/sim/npc.js:1125;updateNpc > measure > measure > (anonyme) > chooseGoal > scoreGoals > adultScores > goalNoise
4488;updateNpc;npc-3;1;1378829570;goalNoise src/sim/npc.js:491;maintainScore src/sim/npc.js:2813;updateNpc > measure > measure > (anonyme) > chooseGoal > scoreGoals > adultScores > maintainScore > goalNoise
4488;updateNpc;npc-3;1;3210395383;goalNoise src/sim/npc.js:491;adultScores src/sim/npc.js:1135;updateNpc > measure > measure > (anonyme) > chooseGoal > scoreGoals > adultScores > goalNoise
4488;updateNpc;npc-3;1;746993900;goalNoise src/sim/npc.js:491;exploreScore src/sim/npc.js:2355;updateNpc > measure > measure > (anonyme) > chooseGoal > scoreGoals > adultScores > exploreScore > goalNoise
4488;updateNpc;npc-3;1;2578559713;goalNoise src/sim/npc.js:491;adultScores src/sim/npc.js:1138;updateNpc > measure > measure > (anonyme) > chooseGoal > scoreGoals > adultScores > goalNoise
4488;updateNpc;npc-3;1;115158230;goalNoise src/sim/npc.js:491;adultScores src/sim/npc.js:1139;updateNpc > measure > measure > (anonyme) > chooseGoal > scoreGoals > adultScores > goalNoise
4488;updateNpc;npc-3;1;1946724043;goalNoise src/sim/npc.js:491;adultScores src/sim/npc.js:1140;updateNpc > measure > measure > (anonyme) > chooseGoal > scoreGoals > adultScores > goalNoise
4488;updateNpc;npc-3;1;3778289856;goalNoise src/sim/npc.js:491;adultScores src/sim/npc.js:1141;updateNpc > measure > measure > (anonyme) > chooseGoal > scoreGoals > adultScores > goalNoise
4651;updateNpc;npc-4;1;1314888373;exploreTarget src/ai/memory.js:669;failureCauseForGoal src/sim/npc.js:1696;updateNpc > measure > measure > (anonyme) > chooseGoal > scoreGoals > adultScores > failureTargetBiasMap > failureCauseForGoal > exploreTarget
4651;updateNpc;npc-4;1;3146454186;exploreTarget src/ai/memory.js:670;failureCauseForGoal src/sim/npc.js:1696;updateNpc > measure > measure > (anonyme) > chooseGoal > scoreGoals > adultScores > failureTargetBiasMap > failureCauseForGoal > exploreTarget
4651;updateNpc;npc-4;1;683052703;exploreTarget src/ai/memory.js:669;failureCauseForGoal src/sim/npc.js:1696;updateNpc > measure > measure > (anonyme) > chooseGoal > scoreGoals > adultScores > failureTargetBiasMap > failureCauseForGoal > exploreTarget
4651;updateNpc;npc-4;1;2514618516;exploreTarget src/ai/memory.js:670;failureCauseForGoal src/sim/npc.js:1696;updateNpc > measure > measure > (anonyme) > chooseGoal > scoreGoals > adultScores > failureTargetBiasMap > failureCauseForGoal > exploreTarget
4651;updateNpc;npc-4;1;51217033;goalNoise src/sim/npc.js:491;adultScores src/sim/npc.js:1114;updateNpc > measure > measure > (anonyme) > chooseGoal > scoreGoals > adultScores > goalNoise
4651;updateNpc;npc-4;1;1882782846;goalNoise src/sim/npc.js:491;adultScores src/sim/npc.js:1116;updateNpc > measure > measure > (anonyme) > chooseGoal > scoreGoals > adultScores > goalNoise
4651;updateNpc;npc-4;1;3714348659;goalNoise src/sim/npc.js:491;adultScores src/sim/npc.js:1118;updateNpc > measure > measure > (anonyme) > chooseGoal > scoreGoals > adultScores > goalNoise
4651;updateNpc;npc-4;1;1250947176;goalNoise src/sim/npc.js:491;gatherWoodScoreForDecision src/sim/npc.js:1072;updateNpc > measure > measure > (anonyme) > chooseGoal > scoreGoals > adultScores > gatherWoodScoreForDecision > goalNoise
4651;updateNpc;npc-4;1;3082512989;goalNoise src/sim/npc.js:491;adultScores src/sim/npc.js:1120;updateNpc > measure > measure > (anonyme) > chooseGoal > scoreGoals > adultScores > goalNoise
4651;updateNpc;npc-4;1;619111506;goalNoise src/sim/npc.js:491;adultScores src/sim/npc.js:1121;updateNpc > measure > measure > (anonyme) > chooseGoal > scoreGoals > adultScores > goalNoise
4651;updateNpc;npc-4;1;2450677319;goalNoise src/sim/npc.js:491;adultScores src/sim/npc.js:1125;updateNpc > measure > measure > (anonyme) > chooseGoal > scoreGoals > adultScores > goalNoise
4651;updateNpc;npc-4;1;4282243132;goalNoise src/sim/npc.js:491;maintainScore src/sim/npc.js:2813;updateNpc > measure > measure > (anonyme) > chooseGoal > scoreGoals > adultScores > maintainScore > goalNoise
4651;updateNpc;npc-4;1;1818841649;goalNoise src/sim/npc.js:491;adultScores src/sim/npc.js:1135;updateNpc > measure > measure > (anonyme) > chooseGoal > scoreGoals > adultScores > goalNoise
4651;updateNpc;npc-4;1;3650407462;goalNoise src/sim/npc.js:491;exploreScore src/sim/npc.js:2355;updateNpc > measure > measure > (anonyme) > chooseGoal > scoreGoals > adultScores > exploreScore > goalNoise
4651;updateNpc;npc-4;1;1187005979;goalNoise src/sim/npc.js:491;adultScores src/sim/npc.js:1138;updateNpc > measure > measure > (anonyme) > chooseGoal > scoreGoals > adultScores > goalNoise
4651;updateNpc;npc-4;1;3018571792;goalNoise src/sim/npc.js:491;adultScores src/sim/npc.js:1139;updateNpc > measure > measure > (anonyme) > chooseGoal > scoreGoals > adultScores > goalNoise
4651;updateNpc;npc-4;1;555170309;goalNoise src/sim/npc.js:491;adultScores src/sim/npc.js:1140;updateNpc > measure > measure > (anonyme) > chooseGoal > scoreGoals > adultScores > goalNoise
4651;updateNpc;npc-4;1;2386736122;goalNoise src/sim/npc.js:491;adultScores src/sim/npc.js:1141;updateNpc > measure > measure > (anonyme) > chooseGoal > scoreGoals > adultScores > goalNoise
4659;updateNpc;npc-3;1;4218301935;exploreTarget src/ai/memory.js:669;failureCauseForGoal src/sim/npc.js:1696;updateNpc > measure > measure > (anonyme) > chooseGoal > scoreGoals > adultScores > failureTargetBiasMap > failureCauseForGoal > exploreTarget
4659;updateNpc;npc-3;1;1754900452;exploreTarget src/ai/memory.js:670;failureCauseForGoal src/sim/npc.js:1696;updateNpc > measure > measure > (anonyme) > chooseGoal > scoreGoals > adultScores > failureTargetBiasMap > failureCauseForGoal > exploreTarget
4659;updateNpc;npc-3;1;3586466265;goalNoise src/sim/npc.js:491;adultScores src/sim/npc.js:1114;updateNpc > measure > measure > (anonyme) > chooseGoal > scoreGoals > adultScores > goalNoise
4659;updateNpc;npc-3;1;1123064782;goalNoise src/sim/npc.js:491;adultScores src/sim/npc.js:1116;updateNpc > measure > measure > (anonyme) > chooseGoal > scoreGoals > adultScores > goalNoise
4659;updateNpc;npc-3;1;2954630595;goalNoise src/sim/npc.js:491;adultScores src/sim/npc.js:1118;updateNpc > measure > measure > (anonyme) > chooseGoal > scoreGoals > adultScores > goalNoise
4659;updateNpc;npc-3;1;491229112;goalNoise src/sim/npc.js:491;gatherWoodScoreForDecision src/sim/npc.js:1072;updateNpc > measure > measure > (anonyme) > chooseGoal > scoreGoals > adultScores > gatherWoodScoreForDecision > goalNoise
4659;updateNpc;npc-3;1;2322794925;goalNoise src/sim/npc.js:491;adultScores src/sim/npc.js:1120;updateNpc > measure > measure > (anonyme) > chooseGoal > scoreGoals > adultScores > goalNoise
4659;updateNpc;npc-3;1;4154360738;goalNoise src/sim/npc.js:491;adultScores src/sim/npc.js:1121;updateNpc > measure > measure > (anonyme) > chooseGoal > scoreGoals > adultScores > goalNoise
4659;updateNpc;npc-3;1;1690959255;goalNoise src/sim/npc.js:491;adultScores src/sim/npc.js:1125;updateNpc > measure > measure > (anonyme) > chooseGoal > scoreGoals > adultScores > goalNoise
4659;updateNpc;npc-3;1;3522525068;goalNoise src/sim/npc.js:491;maintainScore src/sim/npc.js:2813;updateNpc > measure > measure > (anonyme) > chooseGoal > scoreGoals > adultScores > maintainScore > goalNoise
4659;updateNpc;npc-3;1;1059123585;goalNoise src/sim/npc.js:491;adultScores src/sim/npc.js:1135;updateNpc > measure > measure > (anonyme) > chooseGoal > scoreGoals > adultScores > goalNoise
4659;updateNpc;npc-3;1;2890689398;goalNoise src/sim/npc.js:491;exploreScore src/sim/npc.js:2355;updateNpc > measure > measure > (anonyme) > chooseGoal > scoreGoals > adultScores > exploreScore > goalNoise
4659;updateNpc;npc-3;1;427287915;goalNoise src/sim/npc.js:491;adultScores src/sim/npc.js:1138;updateNpc > measure > measure > (anonyme) > chooseGoal > scoreGoals > adultScores > goalNoise
4659;updateNpc;npc-3;1;2258853728;goalNoise src/sim/npc.js:491;adultScores src/sim/npc.js:1139;updateNpc > measure > measure > (anonyme) > chooseGoal > scoreGoals > adultScores > goalNoise
4659;updateNpc;npc-3;1;4090419541;goalNoise src/sim/npc.js:491;adultScores src/sim/npc.js:1140;updateNpc > measure > measure > (anonyme) > chooseGoal > scoreGoals > adultScores > goalNoise
4659;updateNpc;npc-3;1;1627018058;goalNoise src/sim/npc.js:491;adultScores src/sim/npc.js:1141;updateNpc > measure > measure > (anonyme) > chooseGoal > scoreGoals > adultScores > goalNoise
4708;updateNpc;npc-3;0;3458583871;(anonyme) src/sim/npc.js:893;measure src/debug/profilerCore.js:297;updateNpc > measure > measure > (anonyme)
4808;updateNpc;npc-4;1;995182388;exploreTarget src/ai/memory.js:669;failureCauseForGoal src/sim/npc.js:1696;updateNpc > measure > measure > (anonyme) > chooseGoal > scoreGoals > adultScores > failureTargetBiasMap > failureCauseForGoal > exploreTarget
4808;updateNpc;npc-4;1;2826748201;exploreTarget src/ai/memory.js:670;failureCauseForGoal src/sim/npc.js:1696;updateNpc > measure > measure > (anonyme) > chooseGoal > scoreGoals > adultScores > failureTargetBiasMap > failureCauseForGoal > exploreTarget
4808;updateNpc;npc-4;1;363346718;goalNoise src/sim/npc.js:491;adultScores src/sim/npc.js:1114;updateNpc > measure > measure > (anonyme) > chooseGoal > scoreGoals > adultScores > goalNoise
4808;updateNpc;npc-4;1;2194912531;goalNoise src/sim/npc.js:491;adultScores src/sim/npc.js:1116;updateNpc > measure > measure > (anonyme) > chooseGoal > scoreGoals > adultScores > goalNoise
4808;updateNpc;npc-4;1;4026478344;goalNoise src/sim/npc.js:491;adultScores src/sim/npc.js:1118;updateNpc > measure > measure > (anonyme) > chooseGoal > scoreGoals > adultScores > goalNoise
4808;updateNpc;npc-4;1;1563076861;goalNoise src/sim/npc.js:491;gatherWoodScoreForDecision src/sim/npc.js:1072;updateNpc > measure > measure > (anonyme) > chooseGoal > scoreGoals > adultScores > gatherWoodScoreForDecision > goalNoise
4808;updateNpc;npc-4;1;3394642674;goalNoise src/sim/npc.js:491;adultScores src/sim/npc.js:1120;updateNpc > measure > measure > (anonyme) > chooseGoal > scoreGoals > adultScores > goalNoise
4808;updateNpc;npc-4;1;931241191;goalNoise src/sim/npc.js:491;adultScores src/sim/npc.js:1121;updateNpc > measure > measure > (anonyme) > chooseGoal > scoreGoals > adultScores > goalNoise
4808;updateNpc;npc-4;1;2762807004;goalNoise src/sim/npc.js:491;adultScores src/sim/npc.js:1125;updateNpc > measure > measure > (anonyme) > chooseGoal > scoreGoals > adultScores > goalNoise
4808;updateNpc;npc-4;1;299405521;goalNoise src/sim/npc.js:491;maintainScore src/sim/npc.js:2813;updateNpc > measure > measure > (anonyme) > chooseGoal > scoreGoals > adultScores > maintainScore > goalNoise
4808;updateNpc;npc-4;1;2130971334;goalNoise src/sim/npc.js:491;adultScores src/sim/npc.js:1135;updateNpc > measure > measure > (anonyme) > chooseGoal > scoreGoals > adultScores > goalNoise
4808;updateNpc;npc-4;1;3962537147;goalNoise src/sim/npc.js:491;exploreScore src/sim/npc.js:2355;updateNpc > measure > measure > (anonyme) > chooseGoal > scoreGoals > adultScores > exploreScore > goalNoise
4808;updateNpc;npc-4;1;1499135664;goalNoise src/sim/npc.js:491;adultScores src/sim/npc.js:1138;updateNpc > measure > measure > (anonyme) > chooseGoal > scoreGoals > adultScores > goalNoise
4808;updateNpc;npc-4;1;3330701477;goalNoise src/sim/npc.js:491;adultScores src/sim/npc.js:1139;updateNpc > measure > measure > (anonyme) > chooseGoal > scoreGoals > adultScores > goalNoise
4808;updateNpc;npc-4;1;867299994;goalNoise src/sim/npc.js:491;adultScores src/sim/npc.js:1140;updateNpc > measure > measure > (anonyme) > chooseGoal > scoreGoals > adultScores > goalNoise
4808;updateNpc;npc-4;1;2698865807;goalNoise src/sim/npc.js:491;adultScores src/sim/npc.js:1141;updateNpc > measure > measure > (anonyme) > chooseGoal > scoreGoals > adultScores > goalNoise
4838;updateNpc;npc-2;1;235464324;exploreTarget src/ai/memory.js:669;failureCauseForGoal src/sim/npc.js:1696;updateNpc > measure > measure > (anonyme) > chooseGoal > scoreGoals > adultScores > failureTargetBiasMap > failureCauseForGoal > exploreTarget
4838;updateNpc;npc-2;1;2067030137;exploreTarget src/ai/memory.js:670;failureCauseForGoal src/sim/npc.js:1696;updateNpc > measure > measure > (anonyme) > chooseGoal > scoreGoals > adultScores > failureTargetBiasMap > failureCauseForGoal > exploreTarget
4838;updateNpc;npc-2;1;3898595950;goalNoise src/sim/npc.js:491;adultScores src/sim/npc.js:1114;updateNpc > measure > measure > (anonyme) > chooseGoal > scoreGoals > adultScores > goalNoise
4838;updateNpc;npc-2;1;1435194467;goalNoise src/sim/npc.js:491;adultScores src/sim/npc.js:1116;updateNpc > measure > measure > (anonyme) > chooseGoal > scoreGoals > adultScores > goalNoise
4838;updateNpc;npc-2;1;3266760280;goalNoise src/sim/npc.js:491;adultScores src/sim/npc.js:1118;updateNpc > measure > measure > (anonyme) > chooseGoal > scoreGoals > adultScores > goalNoise
4838;updateNpc;npc-2;1;803358797;goalNoise src/sim/npc.js:491;gatherWoodScoreForDecision src/sim/npc.js:1072;updateNpc > measure > measure > (anonyme) > chooseGoal > scoreGoals > adultScores > gatherWoodScoreForDecision > goalNoise
4838;updateNpc;npc-2;1;2634924610;goalNoise src/sim/npc.js:491;adultScores src/sim/npc.js:1120;updateNpc > measure > measure > (anonyme) > chooseGoal > scoreGoals > adultScores > goalNoise
4838;updateNpc;npc-2;1;171523127;goalNoise src/sim/npc.js:491;adultScores src/sim/npc.js:1121;updateNpc > measure > measure > (anonyme) > chooseGoal > scoreGoals > adultScores > goalNoise
4838;updateNpc;npc-2;1;2003088940;goalNoise src/sim/npc.js:491;adultScores src/sim/npc.js:1125;updateNpc > measure > measure > (anonyme) > chooseGoal > scoreGoals > adultScores > goalNoise
4838;updateNpc;npc-2;1;3834654753;goalNoise src/sim/npc.js:491;maintainScore src/sim/npc.js:2813;updateNpc > measure > measure > (anonyme) > chooseGoal > scoreGoals > adultScores > maintainScore > goalNoise
4838;updateNpc;npc-2;1;1371253270;goalNoise src/sim/npc.js:491;adultScores src/sim/npc.js:1135;updateNpc > measure > measure > (anonyme) > chooseGoal > scoreGoals > adultScores > goalNoise
4838;updateNpc;npc-2;1;3202819083;goalNoise src/sim/npc.js:491;exploreScore src/sim/npc.js:2355;updateNpc > measure > measure > (anonyme) > chooseGoal > scoreGoals > adultScores > exploreScore > goalNoise
4838;updateNpc;npc-2;1;739417600;goalNoise src/sim/npc.js:491;adultScores src/sim/npc.js:1138;updateNpc > measure > measure > (anonyme) > chooseGoal > scoreGoals > adultScores > goalNoise
4838;updateNpc;npc-2;1;2570983413;goalNoise src/sim/npc.js:491;adultScores src/sim/npc.js:1139;updateNpc > measure > measure > (anonyme) > chooseGoal > scoreGoals > adultScores > goalNoise
4838;updateNpc;npc-2;1;107581930;goalNoise src/sim/npc.js:491;adultScores src/sim/npc.js:1140;updateNpc > measure > measure > (anonyme) > chooseGoal > scoreGoals > adultScores > goalNoise
4838;updateNpc;npc-2;1;1939147743;goalNoise src/sim/npc.js:491;adultScores src/sim/npc.js:1141;updateNpc > measure > measure > (anonyme) > chooseGoal > scoreGoals > adultScores > goalNoise
4841;updateNpc;npc-3;1;3770713556;exploreTarget src/ai/memory.js:669;failureCauseForGoal src/sim/npc.js:1696;updateNpc > measure > measure > (anonyme) > chooseGoal > scoreGoals > adultScores > failureTargetBiasMap > failureCauseForGoal > exploreTarget
4841;updateNpc;npc-3;1;1307312073;exploreTarget src/ai/memory.js:670;failureCauseForGoal src/sim/npc.js:1696;updateNpc > measure > measure > (anonyme) > chooseGoal > scoreGoals > adultScores > failureTargetBiasMap > failureCauseForGoal > exploreTarget
4841;updateNpc;npc-3;1;3138877886;goalNoise src/sim/npc.js:491;adultScores src/sim/npc.js:1114;updateNpc > measure > measure > (anonyme) > chooseGoal > scoreGoals > adultScores > goalNoise
4841;updateNpc;npc-3;1;675476403;goalNoise src/sim/npc.js:491;adultScores src/sim/npc.js:1116;updateNpc > measure > measure > (anonyme) > chooseGoal > scoreGoals > adultScores > goalNoise
4841;updateNpc;npc-3;1;2507042216;goalNoise src/sim/npc.js:491;adultScores src/sim/npc.js:1118;updateNpc > measure > measure > (anonyme) > chooseGoal > scoreGoals > adultScores > goalNoise
4841;updateNpc;npc-3;1;43640733;goalNoise src/sim/npc.js:491;gatherWoodScoreForDecision src/sim/npc.js:1072;updateNpc > measure > measure > (anonyme) > chooseGoal > scoreGoals > adultScores > gatherWoodScoreForDecision > goalNoise
4841;updateNpc;npc-3;1;1875206546;goalNoise src/sim/npc.js:491;adultScores src/sim/npc.js:1120;updateNpc > measure > measure > (anonyme) > chooseGoal > scoreGoals > adultScores > goalNoise
4841;updateNpc;npc-3;1;3706772359;goalNoise src/sim/npc.js:491;adultScores src/sim/npc.js:1121;updateNpc > measure > measure > (anonyme) > chooseGoal > scoreGoals > adultScores > goalNoise
4841;updateNpc;npc-3;1;1243370876;goalNoise src/sim/npc.js:491;adultScores src/sim/npc.js:1125;updateNpc > measure > measure > (anonyme) > chooseGoal > scoreGoals > adultScores > goalNoise
4841;updateNpc;npc-3;1;3074936689;goalNoise src/sim/npc.js:491;maintainScore src/sim/npc.js:2813;updateNpc > measure > measure > (anonyme) > chooseGoal > scoreGoals > adultScores > maintainScore > goalNoise
4841;updateNpc;npc-3;1;611535206;goalNoise src/sim/npc.js:491;adultScores src/sim/npc.js:1135;updateNpc > measure > measure > (anonyme) > chooseGoal > scoreGoals > adultScores > goalNoise
4841;updateNpc;npc-3;1;2443101019;goalNoise src/sim/npc.js:491;exploreScore src/sim/npc.js:2355;updateNpc > measure > measure > (anonyme) > chooseGoal > scoreGoals > adultScores > exploreScore > goalNoise
4841;updateNpc;npc-3;1;4274666832;goalNoise src/sim/npc.js:491;adultScores src/sim/npc.js:1138;updateNpc > measure > measure > (anonyme) > chooseGoal > scoreGoals > adultScores > goalNoise
4841;updateNpc;npc-3;1;1811265349;goalNoise src/sim/npc.js:491;adultScores src/sim/npc.js:1139;updateNpc > measure > measure > (anonyme) > chooseGoal > scoreGoals > adultScores > goalNoise
4841;updateNpc;npc-3;1;3642831162;goalNoise src/sim/npc.js:491;adultScores src/sim/npc.js:1140;updateNpc > measure > measure > (anonyme) > chooseGoal > scoreGoals > adultScores > goalNoise
4841;updateNpc;npc-3;1;1179429679;goalNoise src/sim/npc.js:491;adultScores src/sim/npc.js:1141;updateNpc > measure > measure > (anonyme) > chooseGoal > scoreGoals > adultScores > goalNoise
4941;updateNpc;npc-4;0;3010995492;(anonyme) src/sim/npc.js:893;measure src/debug/profilerCore.js:297;updateNpc > measure > measure > (anonyme)
4953;updateNpc;npc-2;1;547594009;exploreTarget src/ai/memory.js:669;failureCauseForGoal src/sim/npc.js:1696;updateNpc > measure > measure > (anonyme) > chooseGoal > scoreGoals > adultScores > failureTargetBiasMap > failureCauseForGoal > exploreTarget
4953;updateNpc;npc-2;1;2379159822;exploreTarget src/ai/memory.js:670;failureCauseForGoal src/sim/npc.js:1696;updateNpc > measure > measure > (anonyme) > chooseGoal > scoreGoals > adultScores > failureTargetBiasMap > failureCauseForGoal > exploreTarget
4953;updateNpc;npc-2;1;4210725635;goalNoise src/sim/npc.js:491;adultScores src/sim/npc.js:1114;updateNpc > measure > measure > (anonyme) > chooseGoal > scoreGoals > adultScores > goalNoise
4953;updateNpc;npc-2;1;1747324152;goalNoise src/sim/npc.js:491;adultScores src/sim/npc.js:1116;updateNpc > measure > measure > (anonyme) > chooseGoal > scoreGoals > adultScores > goalNoise
4953;updateNpc;npc-2;1;3578889965;goalNoise src/sim/npc.js:491;adultScores src/sim/npc.js:1118;updateNpc > measure > measure > (anonyme) > chooseGoal > scoreGoals > adultScores > goalNoise
4953;updateNpc;npc-2;1;1115488482;goalNoise src/sim/npc.js:491;gatherWoodScoreForDecision src/sim/npc.js:1072;updateNpc > measure > measure > (anonyme) > chooseGoal > scoreGoals > adultScores > gatherWoodScoreForDecision > goalNoise
4953;updateNpc;npc-2;1;2947054295;goalNoise src/sim/npc.js:491;adultScores src/sim/npc.js:1120;updateNpc > measure > measure > (anonyme) > chooseGoal > scoreGoals > adultScores > goalNoise
4953;updateNpc;npc-2;1;483652812;goalNoise src/sim/npc.js:491;adultScores src/sim/npc.js:1121;updateNpc > measure > measure > (anonyme) > chooseGoal > scoreGoals > adultScores > goalNoise
4953;updateNpc;npc-2;1;2315218625;goalNoise src/sim/npc.js:491;adultScores src/sim/npc.js:1125;updateNpc > measure > measure > (anonyme) > chooseGoal > scoreGoals > adultScores > goalNoise
4953;updateNpc;npc-2;1;4146784438;goalNoise src/sim/npc.js:491;maintainScore src/sim/npc.js:2813;updateNpc > measure > measure > (anonyme) > chooseGoal > scoreGoals > adultScores > maintainScore > goalNoise
4953;updateNpc;npc-2;1;1683382955;goalNoise src/sim/npc.js:491;adultScores src/sim/npc.js:1135;updateNpc > measure > measure > (anonyme) > chooseGoal > scoreGoals > adultScores > goalNoise
4953;updateNpc;npc-2;1;3514948768;goalNoise src/sim/npc.js:491;exploreScore src/sim/npc.js:2355;updateNpc > measure > measure > (anonyme) > chooseGoal > scoreGoals > adultScores > exploreScore > goalNoise
4953;updateNpc;npc-2;1;1051547285;goalNoise src/sim/npc.js:491;adultScores src/sim/npc.js:1138;updateNpc > measure > measure > (anonyme) > chooseGoal > scoreGoals > adultScores > goalNoise
4953;updateNpc;npc-2;1;2883113098;goalNoise src/sim/npc.js:491;adultScores src/sim/npc.js:1139;updateNpc > measure > measure > (anonyme) > chooseGoal > scoreGoals > adultScores > goalNoise
4953;updateNpc;npc-2;1;419711615;goalNoise src/sim/npc.js:491;adultScores src/sim/npc.js:1140;updateNpc > measure > measure > (anonyme) > chooseGoal > scoreGoals > adultScores > goalNoise
4953;updateNpc;npc-2;1;2251277428;goalNoise src/sim/npc.js:491;adultScores src/sim/npc.js:1141;updateNpc > measure > measure > (anonyme) > chooseGoal > scoreGoals > adultScores > goalNoise
4974;updateNpc;npc-3;0;4082843241;(anonyme) src/sim/npc.js:893;measure src/debug/profilerCore.js:297;updateNpc > measure > measure > (anonyme)
4974;updateNpc;npc-3;1;1619441758;exploreTarget src/ai/memory.js:669;failureCauseForGoal src/sim/npc.js:1696;updateNpc > measure > measure > (anonyme) > chooseGoal > scoreGoals > adultScores > failureTargetBiasMap > failureCauseForGoal > exploreTarget
4974;updateNpc;npc-3;1;3451007571;exploreTarget src/ai/memory.js:670;failureCauseForGoal src/sim/npc.js:1696;updateNpc > measure > measure > (anonyme) > chooseGoal > scoreGoals > adultScores > failureTargetBiasMap > failureCauseForGoal > exploreTarget
4974;updateNpc;npc-3;1;987606088;goalNoise src/sim/npc.js:491;adultScores src/sim/npc.js:1114;updateNpc > measure > measure > (anonyme) > chooseGoal > scoreGoals > adultScores > goalNoise
4974;updateNpc;npc-3;1;2819171901;goalNoise src/sim/npc.js:491;adultScores src/sim/npc.js:1116;updateNpc > measure > measure > (anonyme) > chooseGoal > scoreGoals > adultScores > goalNoise
4974;updateNpc;npc-3;1;355770418;goalNoise src/sim/npc.js:491;adultScores src/sim/npc.js:1118;updateNpc > measure > measure > (anonyme) > chooseGoal > scoreGoals > adultScores > goalNoise
4974;updateNpc;npc-3;1;2187336231;goalNoise src/sim/npc.js:491;gatherWoodScoreForDecision src/sim/npc.js:1072;updateNpc > measure > measure > (anonyme) > chooseGoal > scoreGoals > adultScores > gatherWoodScoreForDecision > goalNoise
4974;updateNpc;npc-3;1;4018902044;goalNoise src/sim/npc.js:491;adultScores src/sim/npc.js:1120;updateNpc > measure > measure > (anonyme) > chooseGoal > scoreGoals > adultScores > goalNoise
4974;updateNpc;npc-3;1;1555500561;goalNoise src/sim/npc.js:491;adultScores src/sim/npc.js:1121;updateNpc > measure > measure > (anonyme) > chooseGoal > scoreGoals > adultScores > goalNoise
4974;updateNpc;npc-3;1;3387066374;goalNoise src/sim/npc.js:491;adultScores src/sim/npc.js:1125;updateNpc > measure > measure > (anonyme) > chooseGoal > scoreGoals > adultScores > goalNoise
4974;updateNpc;npc-3;1;923664891;goalNoise src/sim/npc.js:491;maintainScore src/sim/npc.js:2813;updateNpc > measure > measure > (anonyme) > chooseGoal > scoreGoals > adultScores > maintainScore > goalNoise
4974;updateNpc;npc-3;1;2755230704;goalNoise src/sim/npc.js:491;adultScores src/sim/npc.js:1135;updateNpc > measure > measure > (anonyme) > chooseGoal > scoreGoals > adultScores > goalNoise
4974;updateNpc;npc-3;1;291829221;goalNoise src/sim/npc.js:491;exploreScore src/sim/npc.js:2355;updateNpc > measure > measure > (anonyme) > chooseGoal > scoreGoals > adultScores > exploreScore > goalNoise
4974;updateNpc;npc-3;1;2123395034;goalNoise src/sim/npc.js:491;adultScores src/sim/npc.js:1138;updateNpc > measure > measure > (anonyme) > chooseGoal > scoreGoals > adultScores > goalNoise
4974;updateNpc;npc-3;1;3954960847;goalNoise src/sim/npc.js:491;adultScores src/sim/npc.js:1139;updateNpc > measure > measure > (anonyme) > chooseGoal > scoreGoals > adultScores > goalNoise
4974;updateNpc;npc-3;1;1491559364;goalNoise src/sim/npc.js:491;adultScores src/sim/npc.js:1140;updateNpc > measure > measure > (anonyme) > chooseGoal > scoreGoals > adultScores > goalNoise
4974;updateNpc;npc-3;1;3323125177;goalNoise src/sim/npc.js:491;adultScores src/sim/npc.js:1141;updateNpc > measure > measure > (anonyme) > chooseGoal > scoreGoals > adultScores > goalNoise
5008;updateNpc;npc-1;1;859723694;exploreTarget src/ai/memory.js:669;failureCauseForGoal src/sim/npc.js:1696;updateNpc > measure > measure > (anonyme) > chooseGoal > scoreGoals > adultScores > failureTargetBiasMap > failureCauseForGoal > exploreTarget
5008;updateNpc;npc-1;1;2691289507;exploreTarget src/ai/memory.js:670;failureCauseForGoal src/sim/npc.js:1696;updateNpc > measure > measure > (anonyme) > chooseGoal > scoreGoals > adultScores > failureTargetBiasMap > failureCauseForGoal > exploreTarget
5008;updateNpc;npc-1;1;227888024;goalNoise src/sim/npc.js:491;adultScores src/sim/npc.js:1114;updateNpc > measure > measure > (anonyme) > chooseGoal > scoreGoals > adultScores > goalNoise
5008;updateNpc;npc-1;1;2059453837;goalNoise src/sim/npc.js:491;adultScores src/sim/npc.js:1116;updateNpc > measure > measure > (anonyme) > chooseGoal > scoreGoals > adultScores > goalNoise
5008;updateNpc;npc-1;1;3891019650;goalNoise src/sim/npc.js:491;adultScores src/sim/npc.js:1118;updateNpc > measure > measure > (anonyme) > chooseGoal > scoreGoals > adultScores > goalNoise
5008;updateNpc;npc-1;1;1427618167;goalNoise src/sim/npc.js:491;gatherWoodScoreForDecision src/sim/npc.js:1072;updateNpc > measure > measure > (anonyme) > chooseGoal > scoreGoals > adultScores > gatherWoodScoreForDecision > goalNoise
5008;updateNpc;npc-1;1;3259183980;goalNoise src/sim/npc.js:491;adultScores src/sim/npc.js:1120;updateNpc > measure > measure > (anonyme) > chooseGoal > scoreGoals > adultScores > goalNoise
5008;updateNpc;npc-1;1;795782497;goalNoise src/sim/npc.js:491;adultScores src/sim/npc.js:1121;updateNpc > measure > measure > (anonyme) > chooseGoal > scoreGoals > adultScores > goalNoise
5008;updateNpc;npc-1;1;2627348310;goalNoise src/sim/npc.js:491;adultScores src/sim/npc.js:1125;updateNpc > measure > measure > (anonyme) > chooseGoal > scoreGoals > adultScores > goalNoise
5008;updateNpc;npc-1;1;163946827;goalNoise src/sim/npc.js:491;maintainScore src/sim/npc.js:2813;updateNpc > measure > measure > (anonyme) > chooseGoal > scoreGoals > adultScores > maintainScore > goalNoise
5008;updateNpc;npc-1;1;1995512640;goalNoise src/sim/npc.js:491;adultScores src/sim/npc.js:1135;updateNpc > measure > measure > (anonyme) > chooseGoal > scoreGoals > adultScores > goalNoise
5008;updateNpc;npc-1;1;3827078453;goalNoise src/sim/npc.js:491;exploreScore src/sim/npc.js:2355;updateNpc > measure > measure > (anonyme) > chooseGoal > scoreGoals > adultScores > exploreScore > goalNoise
5008;updateNpc;npc-1;1;1363676970;goalNoise src/sim/npc.js:491;adultScores src/sim/npc.js:1138;updateNpc > measure > measure > (anonyme) > chooseGoal > scoreGoals > adultScores > goalNoise
5008;updateNpc;npc-1;1;3195242783;goalNoise src/sim/npc.js:491;adultScores src/sim/npc.js:1139;updateNpc > measure > measure > (anonyme) > chooseGoal > scoreGoals > adultScores > goalNoise
5008;updateNpc;npc-1;1;731841300;goalNoise src/sim/npc.js:491;adultScores src/sim/npc.js:1140;updateNpc > measure > measure > (anonyme) > chooseGoal > scoreGoals > adultScores > goalNoise
5008;updateNpc;npc-1;1;2563407113;goalNoise src/sim/npc.js:491;adultScores src/sim/npc.js:1141;updateNpc > measure > measure > (anonyme) > chooseGoal > scoreGoals > adultScores > goalNoise
5023;updateNpc;npc-0;1;100005630;exploreTarget src/ai/memory.js:669;failureCauseForGoal src/sim/npc.js:1696;updateNpc > measure > measure > (anonyme) > chooseGoal > scoreGoals > adultScores > failureTargetBiasMap > failureCauseForGoal > exploreTarget
5023;updateNpc;npc-0;1;1931571443;exploreTarget src/ai/memory.js:670;failureCauseForGoal src/sim/npc.js:1696;updateNpc > measure > measure > (anonyme) > chooseGoal > scoreGoals > adultScores > failureTargetBiasMap > failureCauseForGoal > exploreTarget
5023;updateNpc;npc-0;1;3763137256;goalNoise src/sim/npc.js:491;adultScores src/sim/npc.js:1114;updateNpc > measure > measure > (anonyme) > chooseGoal > scoreGoals > adultScores > goalNoise
5023;updateNpc;npc-0;1;1299735773;goalNoise src/sim/npc.js:491;adultScores src/sim/npc.js:1116;updateNpc > measure > measure > (anonyme) > chooseGoal > scoreGoals > adultScores > goalNoise
5023;updateNpc;npc-0;1;3131301586;goalNoise src/sim/npc.js:491;adultScores src/sim/npc.js:1118;updateNpc > measure > measure > (anonyme) > chooseGoal > scoreGoals > adultScores > goalNoise
5023;updateNpc;npc-0;1;667900103;goalNoise src/sim/npc.js:491;gatherWoodScoreForDecision src/sim/npc.js:1072;updateNpc > measure > measure > (anonyme) > chooseGoal > scoreGoals > adultScores > gatherWoodScoreForDecision > goalNoise
5023;updateNpc;npc-0;1;2499465916;goalNoise src/sim/npc.js:491;adultScores src/sim/npc.js:1120;updateNpc > measure > measure > (anonyme) > chooseGoal > scoreGoals > adultScores > goalNoise
5023;updateNpc;npc-0;1;36064433;goalNoise src/sim/npc.js:491;adultScores src/sim/npc.js:1121;updateNpc > measure > measure > (anonyme) > chooseGoal > scoreGoals > adultScores > goalNoise
5023;updateNpc;npc-0;1;1867630246;goalNoise src/sim/npc.js:491;adultScores src/sim/npc.js:1125;updateNpc > measure > measure > (anonyme) > chooseGoal > scoreGoals > adultScores > goalNoise
5023;updateNpc;npc-0;1;3699196059;goalNoise src/sim/npc.js:491;maintainScore src/sim/npc.js:2813;updateNpc > measure > measure > (anonyme) > chooseGoal > scoreGoals > adultScores > maintainScore > goalNoise
5023;updateNpc;npc-0;1;1235794576;goalNoise src/sim/npc.js:491;adultScores src/sim/npc.js:1135;updateNpc > measure > measure > (anonyme) > chooseGoal > scoreGoals > adultScores > goalNoise
5023;updateNpc;npc-0;1;3067360389;goalNoise src/sim/npc.js:491;exploreScore src/sim/npc.js:2355;updateNpc > measure > measure > (anonyme) > chooseGoal > scoreGoals > adultScores > exploreScore > goalNoise
5023;updateNpc;npc-0;1;603958906;goalNoise src/sim/npc.js:491;adultScores src/sim/npc.js:1138;updateNpc > measure > measure > (anonyme) > chooseGoal > scoreGoals > adultScores > goalNoise
5023;updateNpc;npc-0;1;2435524719;goalNoise src/sim/npc.js:491;adultScores src/sim/npc.js:1139;updateNpc > measure > measure > (anonyme) > chooseGoal > scoreGoals > adultScores > goalNoise
5023;updateNpc;npc-0;1;4267090532;goalNoise src/sim/npc.js:491;adultScores src/sim/npc.js:1140;updateNpc > measure > measure > (anonyme) > chooseGoal > scoreGoals > adultScores > goalNoise
5023;updateNpc;npc-0;1;1803689049;goalNoise src/sim/npc.js:491;adultScores src/sim/npc.js:1141;updateNpc > measure > measure > (anonyme) > chooseGoal > scoreGoals > adultScores > goalNoise
5043;updateNpc;npc-4;0;3635254862;rollCraftMiss src/sim/craftMiss.js:79;progressCraftGather src/sim/npc.js:4579;updateNpc > measure > measure > (anonyme) > act > progressCraftGather > rollCraftMiss
5074;updateNpc;npc-4;0;1171853379;(anonyme) src/sim/npc.js:893;measure src/debug/profilerCore.js:297;updateNpc > measure > measure > (anonyme)
5086;updateNpc;npc-2;0;3003419192;(anonyme) src/sim/npc.js:893;measure src/debug/profilerCore.js:297;updateNpc > measure > measure > (anonyme)
5107;updateNpc;npc-3;0;540017709;(anonyme) src/sim/npc.js:893;measure src/debug/profilerCore.js:297;updateNpc > measure > measure > (anonyme)
5112;updateNpc;npc-1;0;2371583522;rollCraftMiss src/sim/craftMiss.js:79;progressCraftGather src/sim/npc.js:4579;updateNpc > measure > measure > (anonyme) > act > progressCraftGather > rollCraftMiss
5141;updateNpc;npc-1;0;4203149335;(anonyme) src/sim/npc.js:893;measure src/debug/profilerCore.js:297;updateNpc > measure > measure > (anonyme)
5156;updateNpc;npc-0;0;1739747852;(anonyme) src/sim/npc.js:893;measure src/debug/profilerCore.js:297;updateNpc > measure > measure > (anonyme)
5157;updateNpc;npc-0;0;3571313665;rollCraftMiss src/sim/craftMiss.js:79;progressCraftGather src/sim/npc.js:4579;updateNpc > measure > measure > (anonyme) > act > progressCraftGather > rollCraftMiss
5179;updateNpc;npc-3;0;1107912182;rollCraftMiss src/sim/craftMiss.js:79;progressCraftGather src/sim/npc.js:4579;updateNpc > measure > measure > (anonyme) > act > progressCraftGather > rollCraftMiss
5207;updateNpc;npc-4;0;2939477995;(anonyme) src/sim/npc.js:893;measure src/debug/profilerCore.js:297;updateNpc > measure > measure > (anonyme)
5219;updateNpc;npc-2;0;476076512;(anonyme) src/sim/npc.js:893;measure src/debug/profilerCore.js:297;updateNpc > measure > measure > (anonyme)
5221;updateNpc;npc-3;0;2307642325;rollCraftMiss src/sim/craftMiss.js:79;progressCraftGather src/sim/npc.js:4579;updateNpc > measure > measure > (anonyme) > act > progressCraftGather > rollCraftMiss
5240;updateNpc;npc-3;0;4139208138;(anonyme) src/sim/npc.js:893;measure src/debug/profilerCore.js:297;updateNpc > measure > measure > (anonyme)
5258;updateNpc;npc-2;0;1675806655;rollCraftMiss src/sim/craftMiss.js:79;progressCraftGather src/sim/npc.js:4579;updateNpc > measure > measure > (anonyme) > act > progressCraftGather > rollCraftMiss
5274;updateNpc;npc-1;0;3507372468;(anonyme) src/sim/npc.js:893;measure src/debug/profilerCore.js:297;updateNpc > measure > measure > (anonyme)
5289;updateNpc;npc-0;0;1043970985;(anonyme) src/sim/npc.js:893;measure src/debug/profilerCore.js:297;updateNpc > measure > measure > (anonyme)
5302;updateNpc;npc-2;0;2875536798;rollCraftMiss src/sim/craftMiss.js:79;progressCraftGather src/sim/npc.js:4579;updateNpc > measure > measure > (anonyme) > act > progressCraftGather > rollCraftMiss
5340;updateNpc;npc-4;0;412135315;(anonyme) src/sim/npc.js:893;measure src/debug/profilerCore.js:297;updateNpc > measure > measure > (anonyme)
5346;updateNpc;npc-2;0;2243701128;rollCraftMiss src/sim/craftMiss.js:79;progressCraftGather src/sim/npc.js:4579;updateNpc > measure > measure > (anonyme) > act > progressCraftGather > rollCraftMiss
5352;updateNpc;npc-2;0;4075266941;(anonyme) src/sim/npc.js:893;measure src/debug/profilerCore.js:297;updateNpc > measure > measure > (anonyme)
5373;updateNpc;npc-3;0;1611865458;(anonyme) src/sim/npc.js:893;measure src/debug/profilerCore.js:297;updateNpc > measure > measure > (anonyme)
5374;updateNpc;npc-2;0;3443431271;rollCraftMiss src/sim/craftMiss.js:79;progressCraftGather src/sim/npc.js:4579;updateNpc > measure > measure > (anonyme) > act > progressCraftGather > rollCraftMiss
